utc=2026-09-12T19:41:20Z VmHWM:=27082436kB VmRSS:=27082436kB VmSwap:=0kB Threads:=36 
MemAvailable_kib=208556808
      1  83       4  87       3  93       2  94       1 103       1 104       1 105       1 106       1 107       5 197       4 203       1 204       1 233       5 245       5 249 

Per-node process memory usage (in MBs) for PID 184964 (p10-avx-n384-pi)
                           Node 0          Node 1           Total
                  --------------- --------------- ---------------
Huge                         0.00            0.00            0.00
Heap                         0.00            0.55            0.55
Stack                        0.00            0.07            0.07
Private                      1.96        26744.12        26746.07
----------------  --------------- --------------- ---------------
Total                        1.96        26744.73        26746.69
utc=2026-09-12T19:41:51Z VmHWM:=98129436kB VmRSS:=98129436kB VmSwap:=0kB Threads:=71 
MemAvailable_kib=137392328
      1  64       1  83       4  87       3  93       2  94       1 103       4 104       1 105       1 106       1 107       1 113       1 119       5 197       4 203       1 204       1 233       9 239       5 245      10 247      15 249 

Per-node process memory usage (in MBs) for PID 184964 (p10-avx-n384-pi)
                           Node 0          Node 1           Total
                  --------------- --------------- ---------------
Huge                         0.00            0.00            0.00
Heap                         0.00            1.13            1.13
Stack                        0.00            0.07            0.07
Private                      1.96        96135.67        96137.62
----------------  --------------- --------------- ---------------
Total                        1.96        96136.87        96138.82
utc=2026-09-12T19:42:21Z VmHWM:=148650872kB VmRSS:=148650872kB VmSwap:=0kB Threads:=71 
MemAvailable_kib=86739900
      1  64       1  83       4  87       3  93       2  94       1 103       4 104       1 105       1 106       1 107       1 113       1 119       5 197       4 203       1 204       1 233       9 239       5 245      10 247      15 249 

Per-node process memory usage (in MBs) for PID 184964 (p10-avx-n384-pi)
                           Node 0          Node 1           Total
                  --------------- --------------- ---------------
Huge                         0.00            0.00            0.00
Heap                         0.00            1.13            1.13
Stack                        0.00            0.07            0.07
Private                  48279.60        96886.07       145165.66
----------------  --------------- --------------- ---------------
Total                    48279.60        96887.27       145166.86
utc=2026-09-12T19:42:52Z VmHWM:=148651320kB VmRSS:=148651320kB VmSwap:=0kB Threads:=71 
MemAvailable_kib=86767884
      1  16       1  56       1  64       1  94       1  95       1  96       1  97       1  98       4 104       1 105       1 106       1 107       1 112       1 113       1 119       1 128       1 197       1 198       1 199       1 204       1 205       1 206       1 207       1 208       1 209       1 210       1 216       1 217       1 231       1 233       9 239       2 245       1 246      11 247      12 249       1 250       1 251       1 252 

Per-node process memory usage (in MBs) for PID 184964 (p10-avx-n384-pi)
                           Node 0          Node 1           Total
                  --------------- --------------- ---------------
Huge                         0.00            0.00            0.00
Heap                         0.00            1.13            1.13
Stack                        0.00            0.07            0.07
Private                  48279.66        96886.44       145166.10
----------------  --------------- --------------- ---------------
Total                    48279.66        96887.64       145167.30
utc=2026-09-12T19:43:23Z VmHWM:=148651320kB VmRSS:=148651320kB VmSwap:=0kB Threads:=71 
MemAvailable_kib=86816008
      1   1       1  16       1  56       1  64       1  95       1  96       1  97       1  98       1 103       4 104       1 105       1 106       1 107       1 112       1 113       1 119       1 128       1 197       1 198       1 199       1 204       1 205       1 206       1 207       1 208       1 209       1 210       1 216       1 217       1 233       9 239       2 245       1 246      11 247      12 249       1 250       1 251       1 252 

Per-node process memory usage (in MBs) for PID 184964 (p10-avx-n384-pi)
                           Node 0          Node 1           Total
                  --------------- --------------- ---------------
Huge                         0.00            0.00            0.00
Heap                         0.00            1.13            1.13
Stack                        0.00            0.07            0.07
Private                  48279.66        96886.44       145166.10
----------------  --------------- --------------- ---------------
Total                    48279.66        96887.64       145167.30
utc=2026-09-12T19:43:54Z VmHWM:=148651320kB VmRSS:=148651320kB VmSwap:=0kB Threads:=71 
MemAvailable_kib=86822440
      1   8       1  16       1  24       1  40       1  48       1  56       1  64       1  82       1  90       1  97       1  98       1 103       3 104       1 105       1 106       1 107       1 113       1 119       1 128       1 197       1 198       1 199       1 204       1 205       1 206       1 207       1 208       1 209       1 216       1 217       1 224       1 233       9 239       2 245       1 246      11 247      11 249       1 250       1 251       1 252 

Per-node process memory usage (in MBs) for PID 184964 (p10-avx-n384-pi)
                           Node 0          Node 1           Total
                  --------------- --------------- ---------------
Huge                         0.00            0.00            0.00
Heap                         0.00            1.13            1.13
Stack                        0.00            0.07            0.07
Private                  48364.42        96801.68       145166.10
----------------  --------------- --------------- ---------------
Total                    48364.42        96802.88       145167.30
utc=2026-09-12T19:44:25Z VmHWM:=148651320kB VmRSS:=148651320kB VmSwap:=0kB Threads:=71 
MemAvailable_kib=86849592
      1  24       1  43       1  48       1  57       1  64       1  65       1  82       1  90       1  97       1  98       1  99       1 103       3 104       1 105       1 106       1 107       1 113       1 119       1 130       1 197       1 198       1 199       1 204       1 205       1 206       1 207       1 208       1 209       1 216       1 217       1 224       1 233       9 239       2 245       1 246      11 247      11 249       1 250       1 251       1 252 

Per-node process memory usage (in MBs) for PID 184964 (p10-avx-n384-pi)
                           Node 0          Node 1           Total
                  --------------- --------------- ---------------
Huge                         0.00            0.00            0.00
Heap                         0.00            1.12            1.13
Stack                        0.00            0.07            0.07
Private                  48359.18        96806.92       145166.10
----------------  --------------- --------------- ---------------
Total                    48359.18        96808.12       145167.30
utc=2026-09-12T19:44:56Z VmHWM:=148651320kB VmRSS:=148651320kB VmSwap:=0kB Threads:=71 
MemAvailable_kib=86852348
      1  24       1  43       1  48       1  57       1  64       1  65       1  82       1  90       1  97       1  98       1  99       3 104       1 105       1 106       1 107       1 113       1 119       1 130       1 197       1 198       1 199       1 204       1 205       1 206       1 207       1 208       1 209       1 216       1 217       1 224       1 231       1 233       9 239       2 245       1 246      11 247      11 249       1 250       1 251       1 252 

Per-node process memory usage (in MBs) for PID 184964 (p10-avx-n384-pi)
                           Node 0          Node 1           Total
                  --------------- --------------- ---------------
Huge                         0.00            0.00            0.00
Heap                         0.00            1.12            1.13
Stack                        0.00            0.07            0.07
Private                  48351.52        96814.59       145166.10
----------------  --------------- --------------- ---------------
Total                    48351.52        96815.78       145167.30
utc=2026-09-12T19:45:27Z VmHWM:=148651320kB VmRSS:=148651320kB VmSwap:=0kB Threads:=71 
MemAvailable_kib=86832160
      1  24       1  43       1  48       1  57       1  64       1  65       1  82       1  90       1  97       1  98       1  99       1 103       3 104       1 105       1 106       1 107       1 113       1 119       1 130       1 197       1 198       1 199       1 204       1 205       1 206       1 207       1 208       1 209       1 216       1 217       1 224       1 233       9 239       2 245       1 246      11 247      11 249       1 250       1 251       1 252 

Per-node process memory usage (in MBs) for PID 184964 (p10-avx-n384-pi)
                           Node 0          Node 1           Total
                  --------------- --------------- ---------------
Huge                         0.00            0.00            0.00
Heap                         0.00            1.12            1.13
Stack                        0.00            0.07            0.07
Private                  48342.43        96823.67       145166.10
----------------  --------------- --------------- ---------------
Total                    48342.43        96824.87       145167.30
utc=2026-09-12T19:45:58Z VmHWM:=148651320kB VmRSS:=148651320kB VmSwap:=0kB Threads:=71 
MemAvailable_kib=86880856
      1  16       1  24       1  32       2  64       1  65       1  82       1  83       1  90       1  98       1  99       1 100       1 103       4 104       1 105       1 106       1 107       1 112       1 113       1 119       1 198       1 199       1 205       1 206       1 207       1 208       1 209       1 216       1 217       1 224       1 233       9 239       2 245       1 246      11 247      11 249       1 250       1 251       1 252 

Per-node process memory usage (in MBs) for PID 184964 (p10-avx-n384-pi)
                           Node 0          Node 1           Total
                  --------------- --------------- ---------------
Huge                         0.00            0.00            0.00
Heap                         0.00            1.12            1.13
Stack                        0.00            0.07            0.07
Private                  48329.36        96836.75       145166.10
----------------  --------------- --------------- ---------------
Total                    48329.36        96837.94       145167.30
utc=2026-09-12T19:46:29Z VmHWM:=148651320kB VmRSS:=148651320kB VmSwap:=0kB Threads:=71 
MemAvailable_kib=86882368
      1  16       1  24       1  32       2  64       1  65       1  82       1  83       1  90       1  98       1  99       1 100       1 103       4 104       1 105       1 106       1 107       1 112       1 113       1 119       1 198       1 199       1 205       1 206       1 207       1 208       1 209       1 216       1 217       1 224       1 233       9 239       2 245       1 246      11 247      11 249       1 250       1 251       1 252 

Per-node process memory usage (in MBs) for PID 184964 (p10-avx-n384-pi)
                           Node 0          Node 1           Total
                  --------------- --------------- ---------------
Huge                         0.00            0.00            0.00
Heap                         0.00            1.12            1.13
Stack                        0.00            0.07            0.07
Private                  48326.07        96840.03       145166.10
----------------  --------------- --------------- ---------------
Total                    48326.07        96841.23       145167.30
utc=2026-09-12T19:47:00Z VmHWM:=148651320kB VmRSS:=148651320kB VmSwap:=0kB Threads:=71 
MemAvailable_kib=86885232
      1  16       1  24       1  32       2  64       1  65       1  82       1  83       1  90       1  98       1  99       1 100       1 103       4 104       1 105       1 106       1 107       1 112       1 113       1 119       1 198       1 199       1 205       1 206       1 207       1 208       1 209       1 216       1 217       1 224       1 233       9 239       2 245       1 246      11 247      11 249       1 250       1 251       1 252 

Per-node process memory usage (in MBs) for PID 184964 (p10-avx-n384-pi)
                           Node 0          Node 1           Total
                  --------------- --------------- ---------------
Huge                         0.00            0.00            0.00
Heap                         0.00            1.12            1.13
Stack                        0.00            0.07            0.07
Private                  48326.07        96840.03       145166.10
----------------  --------------- --------------- ---------------
Total                    48326.07        96841.23       145167.30
utc=2026-09-12T19:47:31Z VmHWM:=148651320kB VmRSS:=148651320kB VmSwap:=0kB Threads:=71 
MemAvailable_kib=86818892
      1   1       1  16       1  24       1  25       1  32       1  40       2  64       1  71       1  83       1  95       1  98       1 100       3 104       1 105       1 106       1 107       1 112       1 113       1 119       1 176       1 198       1 205       1 206       1 207       1 208       1 209       1 216       1 217       1 218       1 224       1 233       9 239       2 245       1 246      11 247      11 249       1 250       1 251       1 252 

Per-node process memory usage (in MBs) for PID 184964 (p10-avx-n384-pi)
                           Node 0          Node 1           Total
                  --------------- --------------- ---------------
Huge                         0.00            0.00            0.00
Heap                         0.17            0.96            1.13
Stack                        0.03            0.04            0.07
Private                  49786.74        95379.36       145166.10
----------------  --------------- --------------- ---------------
Total                    49786.94        95380.36       145167.30
utc=2026-09-12T19:48:02Z VmHWM:=148651320kB VmRSS:=148651320kB VmSwap:=0kB Threads:=71 
MemAvailable_kib=86879664
      1   1       1  16       1  25       1  32       1  40       3  64       1  71       1  83       1  95       1  98       1 100       3 104       1 105       1 106       1 107       1 112       1 113       1 119       1 176       1 198       1 205       1 206       1 207       1 208       1 209       1 216       1 217       1 218       1 224       1 233       9 239       2 245       1 246      11 247      11 249       1 250       1 251       1 252 

Per-node process memory usage (in MBs) for PID 184964 (p10-avx-n384-pi)
                           Node 0          Node 1           Total
                  --------------- --------------- ---------------
Huge                         0.00            0.00            0.00
Heap                         0.16            0.96            1.13
Stack                        0.03            0.04            0.07
Private                  51086.53        94079.57       145166.10
----------------  --------------- --------------- ---------------
Total                    51086.73        94080.57       145167.30
utc=2026-09-12T19:48:33Z VmHWM:=148651320kB VmRSS:=148651320kB VmSwap:=0kB Threads:=71 
MemAvailable_kib=86878684
      1  24       1  25       1  32       2  40       1  56       1  64       1  98       1 100       3 104       1 105       1 106       1 107       1 111       1 113       1 119       1 128       1 129       1 144       1 176       1 192       1 198       1 199       1 205       1 206       1 207       1 208       1 209       1 216       1 217       1 218       1 224       1 233       8 239       2 245       1 246      11 247      11 249       1 250       1 251       1 252 

Per-node process memory usage (in MBs) for PID 184964 (p10-avx-n384-pi)
                           Node 0          Node 1           Total
                  --------------- --------------- ---------------
Huge                         0.00            0.00            0.00
Heap                         0.16            0.97            1.13
Stack                        0.03            0.04            0.07
Private                  48330.82        96835.29       145166.10
----------------  --------------- --------------- ---------------
Total                    48331.01        96836.29       145167.30
utc=2026-09-12T19:49:04Z VmHWM:=148651320kB VmRSS:=148651320kB VmSwap:=0kB Threads:=71 
MemAvailable_kib=86895700
      1   2       1  10       1  27       1  33       1  43       1  56       1  64       1  65       1  71       1  98       1 100       3 104       1 106       1 107       1 111       1 113       1 119       1 128       1 144       1 176       1 192       1 198       1 205       1 206       1 207       1 208       1 209       1 216       1 217       1 218       1 224       2 233       8 239       2 245       1 246      11 247      11 249       1 250       1 251       1 252 

Per-node process memory usage (in MBs) for PID 184964 (p10-avx-n384-pi)
                           Node 0          Node 1           Total
                  --------------- --------------- ---------------
Huge                         0.00            0.00            0.00
Heap                         0.16            0.96            1.13
Stack                        0.03            0.04            0.07
Private                  48320.96        96845.14       145166.10
----------------  --------------- --------------- ---------------
Total                    48321.16        96846.14       145167.30
utc=2026-09-12T19:49:35Z VmHWM:=148651320kB VmRSS:=148651320kB VmSwap:=0kB Threads:=71 
MemAvailable_kib=86897104
      1   2       1  10       1  27       1  33       1  43       1  56       1  64       1  65       1  71       1  98       1 100       3 104       1 106       1 107       1 111       1 113       1 119       1 128       1 144       1 176       1 192       1 198       1 205       1 206       1 207       1 208       1 209       1 216       1 217       1 218       1 224       2 233       8 239       2 245       1 246      11 247      11 249       1 250       1 251       1 252 

Per-node process memory usage (in MBs) for PID 184964 (p10-avx-n384-pi)
                           Node 0          Node 1           Total
                  --------------- --------------- ---------------
Huge                         0.00            0.00            0.00
Heap                         0.16            0.96            1.13
Stack                        0.03            0.04            0.07
Private                  48318.88        96847.23       145166.10
----------------  --------------- --------------- ---------------
Total                    48319.07        96848.23       145167.30
utc=2026-09-12T19:50:06Z VmHWM:=148651320kB VmRSS:=148651320kB VmSwap:=0kB Threads:=71 
MemAvailable_kib=86899272
      1   2       1  10       1  24       1  27       1  32       1  33       1  40       1  43       1  56       1  64       1  71       3 104       1 107       1 111       1 113       1 119       1 128       1 144       1 145       1 176       1 192       1 198       1 205       1 206       1 207       1 208       1 209       1 216       1 217       1 218       1 224       2 233       8 239       2 245       1 246      11 247      11 249       1 250       1 251       1 252 

Per-node process memory usage (in MBs) for PID 184964 (p10-avx-n384-pi)
                           Node 0          Node 1           Total
                  --------------- --------------- ---------------
Huge                         0.00            0.00            0.00
Heap                         0.16            0.96            1.13
Stack                        0.02            0.05            0.07
Private                  48318.12        96847.98       145166.10
----------------  --------------- --------------- ---------------
Total                    48318.30        96849.00       145167.30
utc=2026-09-12T19:50:37Z VmHWM:=148651320kB VmRSS:=148651320kB VmSwap:=0kB Threads:=71 
MemAvailable_kib=86869464
      1   2       1  10       1  24       1  27       1  32       1  33       1  40       1  43       1  56       1  64       1  71       3 104       1 107       1 111       1 113       1 119       1 128       1 144       1 145       1 176       1 192       1 198       1 205       1 206       1 207       1 208       1 209       1 216       1 217       1 218       1 224       2 233       8 239       2 245       1 246      11 247      11 249       1 250       1 251       1 252 

Per-node process memory usage (in MBs) for PID 184964 (p10-avx-n384-pi)
                           Node 0          Node 1           Total
                  --------------- --------------- ---------------
Huge                         0.00            0.00            0.00
Heap                         0.16            0.96            1.13
Stack                        0.02            0.05            0.07
Private                  48318.12        96847.98       145166.10
----------------  --------------- --------------- ---------------
Total                    48318.30        96849.00       145167.30
utc=2026-09-12T19:51:08Z VmHWM:=148651320kB VmRSS:=148651320kB VmSwap:=0kB Threads:=71 
MemAvailable_kib=86896376
      1   2       1  10       1  24       1  27       1  32       1  33       1  40       1  43       1  56       1  64       3 104       1 107       1 111       1 113       1 119       1 128       1 144       1 145       1 176       1 192       1 198       1 199       1 205       1 206       1 207       1 208       1 209       1 216       1 217       1 218       1 224       2 233       8 239       2 245       1 246      11 247      11 249       1 250       1 251       1 252 

Per-node process memory usage (in MBs) for PID 184964 (p10-avx-n384-pi)
                           Node 0          Node 1           Total
                  --------------- --------------- ---------------
Huge                         0.00            0.00            0.00
Heap                         0.16            0.96            1.13
Stack                        0.02            0.05            0.07
Private                  48317.26        96848.84       145166.10
----------------  --------------- --------------- ---------------
Total                    48317.45        96849.86       145167.30
utc=2026-09-12T19:51:39Z VmHWM:=148651320kB VmRSS:=148651320kB VmSwap:=0kB Threads:=71 
MemAvailable_kib=86811140
      1   1       1  10       1  27       1  33       1  40       1  43       1  48       4  64       1  65       1  66       1  97       3 104       1 107       1 111       1 113       1 117       1 119       1 144       1 192       1 198       1 205       1 206       1 207       1 208       1 209       1 216       1 217       1 218       1 224       2 233       8 239       1 245       1 246      11 247      11 249       1 250       1 251       1 252 

Per-node process memory usage (in MBs) for PID 184964 (p10-avx-n384-pi)
                           Node 0          Node 1           Total
                  --------------- --------------- ---------------
Huge                         0.00            0.00            0.00
Heap                         0.17            0.96            1.13
Stack                        0.02            0.05            0.07
Private                  48360.11        96805.99       145166.10
----------------  --------------- --------------- ---------------
Total                    48360.30        96807.00       145167.30
utc=2026-09-12T19:52:10Z VmHWM:=148651320kB VmRSS:=148651320kB VmSwap:=0kB Threads:=71 
MemAvailable_kib=86863580
      1   1       1  10       1  27       1  33       1  40       1  43       1  48       4  64       1  65       1  66       1  97       3 104       1 107       1 111       1 113       1 117       1 119       1 144       1 192       1 198       1 205       1 206       1 207       1 208       1 209       1 216       1 217       1 218       1 224       2 233       8 239       1 245       1 246      11 247      11 249       1 250       1 251       1 252 

Per-node process memory usage (in MBs) for PID 184964 (p10-avx-n384-pi)
                           Node 0          Node 1           Total
                  --------------- --------------- ---------------
Huge                         0.00            0.00            0.00
Heap                         0.17            0.96            1.13
Stack                        0.02            0.05            0.07
Private                  48342.10        96824.00       145166.10
----------------  --------------- --------------- ---------------
Total                    48342.28        96825.02       145167.30
utc=2026-09-12T19:52:41Z VmHWM:=148651320kB VmRSS:=148651320kB VmSwap:=0kB Threads:=71 
MemAvailable_kib=86871524
      1   1       1  10       1  27       1  33       1  40       1  43       1  48       3  64       1  65       1  66       1  97       3 104       1 107       1 111       1 113       1 117       1 119       1 144       2 192       1 198       1 205       1 206       1 207       1 208       1 209       1 216       1 217       1 218       1 224       2 233       8 239       1 245       1 246      11 247      11 249       1 250       1 251       1 252 

Per-node process memory usage (in MBs) for PID 184964 (p10-avx-n384-pi)
                           Node 0          Node 1           Total
                  --------------- --------------- ---------------
Huge                         0.00            0.00            0.00
Heap                         0.17            0.96            1.13
Stack                        0.01            0.06            0.07
Private                  48329.35        96836.75       145166.10
----------------  --------------- --------------- ---------------
Total                    48329.53        96837.77       145167.30
utc=2026-09-12T19:53:12Z VmHWM:=148652344kB VmRSS:=148652344kB VmSwap:=0kB Threads:=71 
MemAvailable_kib=86873576
      1   1       1  10       1  27       1  33       1  40       1  43       1  48       3  64       1  65       1  66       1  97       3 104       1 107       1 111       1 113       1 117       1 119       1 144       1 192       1 195       1 198       1 205       1 206       1 207       1 208       1 209       1 216       1 217       1 218       1 224       2 233       8 239       1 245       1 246      11 247      11 249       1 250       1 251       1 252 

Per-node process memory usage (in MBs) for PID 184964 (p10-avx-n384-pi)
                           Node 0          Node 1           Total
                  --------------- --------------- ---------------
Huge                         0.00            0.00            0.00
Heap                         0.17            1.96            2.13
Stack                        0.01            0.06            0.07
Private                  48325.62        96840.48       145166.10
----------------  --------------- --------------- ---------------
Total                    48325.80        96842.50       145168.30
utc=2026-09-12T19:53:43Z VmHWM:=148652344kB VmRSS:=148652344kB VmSwap:=0kB Threads:=71 
MemAvailable_kib=86859972
      1   2       1  10       1  16       1  24       1  27       1  33       1  43       1  48       1  56       1  57       3  64       1  97       1  98       4 104       1 107       1 111       1 113       1 117       1 119       1 121       1 184       1 195       1 198       1 206       1 207       1 208       1 209       1 217       1 218       1 224       2 233       8 239       1 245       1 246      11 247      10 249       1 250       1 251       1 252 

Per-node process memory usage (in MBs) for PID 184964 (p10-avx-n384-pi)
                           Node 0          Node 1           Total
                  --------------- --------------- ---------------
Huge                         0.00            0.00            0.00
Heap                         0.17            1.96            2.13
Stack                        0.02            0.05            0.07
Private                  51417.12        93748.98       145166.10
----------------  --------------- --------------- ---------------
Total                    51417.32        93750.98       145168.30
utc=2026-09-12T19:54:14Z VmHWM:=148652344kB VmRSS:=148652344kB VmSwap:=0kB Threads:=71 
MemAvailable_kib=86862840
      1   0       1   2       1  13       1  18       1  24       1  25       1  33       1  40       1  45       1  48       1  49       1  56       1  57       1  64       1  98       4 104       1 107       1 111       1 113       1 117       1 119       2 121       1 136       1 195       1 198       1 206       1 207       1 208       1 209       1 217       1 218       1 224       2 233       8 239       1 245       1 246      11 247       9 249       1 250       1 251       1 252 

Per-node process memory usage (in MBs) for PID 184964 (p10-avx-n384-pi)
                           Node 0          Node 1           Total
                  --------------- --------------- ---------------
Huge                         0.00            0.00            0.00
Heap                         0.17            1.96            2.13
Stack                        0.02            0.05            0.07
Private                  52590.07        92576.04       145166.10
----------------  --------------- --------------- ---------------
Total                    52590.26        92578.04       145168.30
utc=2026-09-12T19:54:44Z VmHWM:=148652344kB VmRSS:=148652344kB VmSwap:=0kB Threads:=71 
MemAvailable_kib=86832980
      1   0       1   2       1  13       1  18       1  24       1  25       2  33       1  40       1  45       1  48       1  49       1  57       1  64       1  98       4 104       1 107       1 111       1 113       1 117       1 119       2 121       1 136       1 195       1 198       1 206       1 207       1 208       1 209       1 217       1 218       1 224       2 233       8 239       1 245       1 246      11 247       9 249       1 250       1 251       1 252 

Per-node process memory usage (in MBs) for PID 184964 (p10-avx-n384-pi)
                           Node 0          Node 1           Total
                  --------------- --------------- ---------------
Huge                         0.00            0.00            0.00
Heap                         0.17            1.96            2.13
Stack                        0.03            0.04            0.07
Private                  56093.89        89072.21       145166.10
----------------  --------------- --------------- ---------------
Total                    56094.09        89074.21       145168.30
utc=2026-09-12T19:55:15Z VmHWM:=148652344kB VmRSS:=148652344kB VmSwap:=0kB Threads:=71 
MemAvailable_kib=86810940
      1   1       1   2       1   4       1  13       1  18       1  25       1  32       1  33       1  40       1  45       1  48       1  49       1  57       3  64       1  65       1  80       1  98       3 104       1 107       1 111       1 113       1 119       2 121       1 136       1 198       1 206       1 207       1 209       1 217       1 218       1 224       2 233       8 239       1 245       1 246      11 247       9 249       1 250       1 251       1 252 

Per-node process memory usage (in MBs) for PID 184964 (p10-avx-n384-pi)
                           Node 0          Node 1           Total
                  --------------- --------------- ---------------
Huge                         0.00            0.00            0.00
Heap                         0.17            1.96            2.13
Stack                        0.03            0.04            0.07
Private                  59942.23        85223.88       145166.10
----------------  --------------- --------------- ---------------
Total                    59942.43        85225.87       145168.30
utc=2026-09-12T19:55:46Z VmHWM:=148652344kB VmRSS:=148652344kB VmSwap:=0kB Threads:=71 
MemAvailable_kib=86808764
      1   1       1   2       1  12       1  13       1  16       1  18       1  25       1  32       1  33       1  40       1  45       1  48       1  57       2  64       1  72       1  82       1  88       1  98       3 104       1 107       1 111       1 113       1 119       2 121       1 128       1 160       1 198       1 206       1 209       1 217       1 218       1 224       2 233       8 239       1 245       1 246      11 247       9 249       1 250       1 251       1 252 

Per-node process memory usage (in MBs) for PID 184964 (p10-avx-n384-pi)
                           Node 0          Node 1           Total
                  --------------- --------------- ---------------
Huge                         0.00            0.00            0.00
Heap                         0.17            1.96            2.13
Stack                        0.03            0.04            0.07
Private                  60394.10        84772.00       145166.10
----------------  --------------- --------------- ---------------
Total                    60394.30        84774.00       145168.30
utc=2026-09-12T19:56:18Z VmHWM:=148652344kB VmRSS:=148652344kB VmSwap:=0kB Threads:=71 
MemAvailable_kib=86821388
      1   2       1  12       1  13       1  16       1  18       1  25       2  33       1  40       1  45       1  48       1  56       1  57       1  64       1  72       1  82       1  88       1  98       3 104       1 107       1 111       1 113       1 119       2 121       1 128       1 160       1 192       1 198       1 206       1 209       1 217       1 218       1 224       2 233       8 239       1 245       1 246      11 247       9 249       1 250       1 251       1 252 

Per-node process memory usage (in MBs) for PID 184964 (p10-avx-n384-pi)
                           Node 0          Node 1           Total
                  --------------- --------------- ---------------
Huge                         0.00            0.00            0.00
Heap                         0.17            1.96            2.13
Stack                        0.03            0.04            0.07
Private                  63009.75        82156.35       145166.10
----------------  --------------- --------------- ---------------
Total                    63009.96        82158.34       145168.30
utc=2026-09-12T19:56:48Z VmHWM:=148652344kB VmRSS:=148652344kB VmSwap:=0kB Threads:=71 
MemAvailable_kib=86838928
      1   2       1  12       1  13       1  16       1  18       1  25       2  33       1  40       1  45       1  48       1  56       1  57       1  64       1  72       1  82       1  88       1  98       3 104       1 107       1 111       1 113       1 119       2 121       1 128       1 160       1 192       1 198       1 206       1 209       1 217       1 218       1 224       2 233       8 239       1 245       1 246      11 247       9 249       1 250       1 251       1 252 

Per-node process memory usage (in MBs) for PID 184964 (p10-avx-n384-pi)
                           Node 0          Node 1           Total
                  --------------- --------------- ---------------
Huge                         0.00            0.00            0.00
Heap                         0.23            1.90            2.13
Stack                        0.03            0.04            0.07
Private                  64974.07        80192.03       145166.10
----------------  --------------- --------------- ---------------
Total                    64974.33        80193.97       145168.30
utc=2026-09-12T19:57:19Z VmHWM:=148652344kB VmRSS:=148652344kB VmSwap:=0kB Threads:=71 
MemAvailable_kib=86819212
      1   2       1  12       1  13       1  16       1  18       1  25       2  33       1  40       1  45       1  48       1  56       2  57       1  64       1  72       1  82       1  88       1  98       3 104       1 107       1 111       1 113       1 119       2 121       1 128       1 192       1 198       1 206       1 209       1 217       1 218       1 224       2 233       8 239       1 245       1 246      11 247       9 249       1 250       1 251       1 252 

Per-node process memory usage (in MBs) for PID 184964 (p10-avx-n384-pi)
                           Node 0          Node 1           Total
                  --------------- --------------- ---------------
Huge                         0.00            0.00            0.00
Heap                         0.20            1.93            2.13
Stack                        0.03            0.04            0.07
Private                  66731.43        78434.67       145166.10
----------------  --------------- --------------- ---------------
Total                    66731.66        78436.64       145168.30
utc=2026-09-12T19:57:50Z VmHWM:=148652344kB VmRSS:=148652344kB VmSwap:=0kB Threads:=71 
MemAvailable_kib=86744344
      1   2       1  12       1  13       1  16       1  18       1  25       1  33       1  34       1  45       1  46       1  48       1  49       1  56       1  58       2  64       1  72       1  82       1  89       1  90       1  98       3 104       1 107       1 111       1 113       1 119       2 121       1 185       1 192       1 198       1 206       1 209       1 224       2 233       8 239       1 245       1 246      11 247       9 249       1 250       1 251       1 252 

Per-node process memory usage (in MBs) for PID 184964 (p10-avx-n384-pi)
                           Node 0          Node 1           Total
                  --------------- --------------- ---------------
Huge                         0.00            0.00            0.00
Heap                         0.20            1.93            2.13
Stack                        0.03            0.04            0.07
Private                  66700.80        78465.30       145166.10
----------------  --------------- --------------- ---------------
Total                    66701.03        78467.27       145168.30
utc=2026-09-12T19:58:21Z VmHWM:=148652344kB VmRSS:=148652344kB VmSwap:=0kB Threads:=71 
MemAvailable_kib=86741588
      1   2       1  12       1  13       1  16       1  18       1  25       1  33       1  34       1  45       1  46       1  48       1  49       1  56       1  58       2  64       1  72       1  82       1  89       1  90       1  98       3 104       1 107       1 111       1 119       2 121       1 185       1 192       1 198       1 206       1 209       1 224       2 233       8 239       1 241       1 245       1 246      11 247       9 249       1 250       1 251       1 252 

Per-node process memory usage (in MBs) for PID 184964 (p10-avx-n384-pi)
                           Node 0          Node 1           Total
                  --------------- --------------- ---------------
Huge                         0.00            0.00            0.00
Heap                         0.18            1.95            2.13
Stack                        0.03            0.04            0.07
Private                  61561.67        83604.43       145166.10
----------------  --------------- --------------- ---------------
Total                    61561.88        83606.42       145168.30
utc=2026-09-12T19:58:52Z VmHWM:=148652344kB VmRSS:=148652344kB VmSwap:=0kB Threads:=71 
MemAvailable_kib=86761980
      1   2       1  12       1  13       1  16       1  18       1  25       1  33       1  34       1  45       1  46       1  48       1  49       1  56       1  57       1  58       2  64       1  72       1  82       1  89       1  90       1  98       3 104       1 107       1 111       1 119       2 121       1 192       1 198       1 206       1 209       1 224       2 233       8 239       1 241       1 245       1 246      11 247       9 249       1 250       1 251       1 252 

Per-node process memory usage (in MBs) for PID 184964 (p10-avx-n384-pi)
                           Node 0          Node 1           Total
                  --------------- --------------- ---------------
Huge                         0.00            0.00            0.00
Heap                         0.21            1.92            2.13
Stack                        0.03            0.04            0.07
Private                  60084.80        85081.30       145166.10
----------------  --------------- --------------- ---------------
Total                    60085.05        85083.25       145168.30
utc=2026-09-12T19:59:23Z VmHWM:=148652344kB VmRSS:=148652344kB VmSwap:=0kB Threads:=71 
MemAvailable_kib=86770692
      1   2       1  12       1  13       1  16       1  18       1  25       1  33       1  34       1  45       1  46       1  48       1  49       1  56       1  57       1  58       2  64       1  72       1  82       1  89       1  90       1  98       3 104       1 107       1 111       1 119       2 121       1 192       1 198       1 206       1 209       1 224       2 233       8 239       1 241       1 245       1 246      11 247       9 249       1 250       1 251       1 252 

Per-node process memory usage (in MBs) for PID 184964 (p10-avx-n384-pi)
                           Node 0          Node 1           Total
                  --------------- --------------- ---------------
Huge                         0.00            0.00            0.00
Heap                         0.21            1.92            2.13
Stack                        0.03            0.04            0.07
Private                  66716.87        78449.23       145166.10
----------------  --------------- --------------- ---------------
Total                    66717.11        78451.19       145168.30
utc=2026-09-12T19:59:54Z VmHWM:=148652344kB VmRSS:=148652344kB VmSwap:=0kB Threads:=71 
MemAvailable_kib=86794948
      1   2       1  12       1  13       1  16       1  20       1  21       1  27       1  32       1  34       1  43       1  46       1  48       1  54       1  56       1  57       2  64       1  66       1  78       1  82       1  89       1  90       3 104       1 107       1 111       1 118       1 119       2 121       1 124       1 198       1 200       1 209       1 224       1 226       2 233       8 239       1 241       1 245      11 247       9 249       1 250       1 251 

Per-node process memory usage (in MBs) for PID 184964 (p10-avx-n384-pi)
                           Node 0          Node 1           Total
                  --------------- --------------- ---------------
Huge                         0.00            0.00            0.00
Heap                         0.19            1.94            2.13
Stack                        0.03            0.04            0.07
Private                  66716.83        78449.27       145166.10
----------------  --------------- --------------- ---------------
Total                    66717.05        78451.25       145168.30
utc=2026-09-12T20:00:25Z VmHWM:=148652344kB VmRSS:=148652344kB VmSwap:=0kB Threads:=71 
MemAvailable_kib=86737884
      1   1       1   2       1  12       1  13       1  16       1  19       1  23       1  27       1  32       1  36       1  45       1  46       1  48       1  54       1  57       2  64       1  70       1  78       1  82       1  89       1  90       3 104       1 107       1 118       1 119       2 121       1 124       1 184       1 200       1 209       1 224       1 226       2 233       9 239       1 241       1 245      11 247       9 249       1 250       1 251 

Per-node process memory usage (in MBs) for PID 184964 (p10-avx-n384-pi)
                           Node 0          Node 1           Total
                  --------------- --------------- ---------------
Huge                         0.00            0.00            0.00
Heap                         0.19            1.94            2.13
Stack                        0.03            0.04            0.07
Private                  64895.14        80270.95       145166.10
----------------  --------------- --------------- ---------------
Total                    64895.37        80272.93       145168.30
utc=2026-09-12T20:00:56Z VmHWM:=148652344kB VmRSS:=148652344kB VmSwap:=0kB Threads:=71 
MemAvailable_kib=86765952
      1   1       1   2       1  12       1  13       1  16       1  23       1  27       1  32       1  36       1  45       1  46       1  48       1  54       1  57       2  64       1  70       1  78       1  82       1  89       1  90       3 104       1 107       1 118       1 119       2 121       1 124       1 147       1 184       1 200       1 209       1 224       1 226       2 233       9 239       1 241       1 245      11 247       9 249       1 250       1 251 

Per-node process memory usage (in MBs) for PID 184964 (p10-avx-n384-pi)
                           Node 0          Node 1           Total
                  --------------- --------------- ---------------
Huge                         0.00            0.00            0.00
Heap                         0.23            1.90            2.13
Stack                        0.03            0.04            0.07
Private                  62714.79        82451.31       145166.10
----------------  --------------- --------------- ---------------
Total                    62715.05        82453.25       145168.30
utc=2026-09-12T20:01:27Z VmHWM:=148652344kB VmRSS:=148652344kB VmSwap:=0kB Threads:=71 
MemAvailable_kib=86781652
      1   0       1   2       1  12       1  13       1  16       1  23       1  27       1  32       1  36       1  45       1  46       1  48       1  54       1  57       1  61       1  62       1  64       1  70       1  78       1  82       1  89       1  90       3 104       1 107       1 118       2 119       2 121       1 122       1 124       1 193       1 200       1 209       1 224       1 226       2 233       9 239       1 241       1 245      10 247       9 249       1 251 

Per-node process memory usage (in MBs) for PID 184964 (p10-avx-n384-pi)
                           Node 0          Node 1           Total
                  --------------- --------------- ---------------
Huge                         0.00            0.00            0.00
Heap                         0.19            1.94            2.13
Stack                        0.03            0.04            0.07
Private                  66666.23        78499.87       145166.10
----------------  --------------- --------------- ---------------
Total                    66666.45        78501.85       145168.30
utc=2026-09-12T20:01:58Z VmHWM:=148652344kB VmRSS:=148652344kB VmSwap:=0kB Threads:=71 
MemAvailable_kib=86788356
      1   0       1   2       1  12       1  13       1  16       1  23       1  27       1  32       1  36       1  45       1  46       1  48       1  54       1  57       1  61       1  63       1  64       1  70       1  78       1  82       1  89       1  90       3 104       1 107       1 118       2 119       2 121       1 122       1 124       1 193       1 200       1 209       1 224       1 226       2 233       9 239       1 241       1 245      10 247       9 249       1 251 

Per-node process memory usage (in MBs) for PID 184964 (p10-avx-n384-pi)
                           Node 0          Node 1           Total
                  --------------- --------------- ---------------
Huge                         0.00            0.00            0.00
Heap                         0.19            1.94            2.13
Stack                        0.03            0.04            0.07
Private                  66593.62        78572.48       145166.10
----------------  --------------- --------------- ---------------
Total                    66593.84        78574.46       145168.30
utc=2026-09-12T20:02:29Z VmHWM:=148652344kB VmRSS:=148652344kB VmSwap:=0kB Threads:=71 
MemAvailable_kib=86783564
      1   1       1   2       1  12       1  13       1  16       1  23       1  25       1  32       1  34       1  42       1  46       1  48       1  54       1  57       1  63       1  64       1  70       1  78       1  82       1  89       1  90       3 104       1 118       2 119       2 121       1 122       1 123       1 124       1 187       1 193       1 200       1 209       1 224       1 226       2 233       1 235       9 239       1 241       1 245      10 247       9 249 

Per-node process memory usage (in MBs) for PID 184964 (p10-avx-n384-pi)
                           Node 0          Node 1           Total
                  --------------- --------------- ---------------
Huge                         0.00            0.00            0.00
Heap                         0.22            1.91            2.13
Stack                        0.03            0.04            0.07
Private                  62708.84        82457.27       145166.10
----------------  --------------- --------------- ---------------
Total                    62709.09        82459.21       145168.30
utc=2026-09-12T20:03:00Z VmHWM:=148652344kB VmRSS:=148652344kB VmSwap:=0kB Threads:=71 
MemAvailable_kib=86761500
      1   1       1   2       1  12       1  13       1  16       1  23       1  25       1  32       1  34       1  42       1  46       1  48       1  54       1  57       1  63       1  64       1  70       1  78       1  82       1  89       1  90       3 104       1 118       2 119       2 121       1 122       1 123       1 124       1 191       1 193       1 200       1 209       1 224       1 226       2 233       1 235       9 239       1 241       1 245      10 247       9 249 

Per-node process memory usage (in MBs) for PID 184964 (p10-avx-n384-pi)
                           Node 0          Node 1           Total
                  --------------- --------------- ---------------
Huge                         0.00            0.00            0.00
Heap                         0.22            1.91            2.13
Stack                        0.03            0.04            0.07
Private                  66708.61        78457.49       145166.10
----------------  --------------- --------------- ---------------
Total                    66708.86        78459.44       145168.30
utc=2026-09-12T20:03:31Z VmHWM:=148652344kB VmRSS:=148652344kB VmSwap:=0kB Threads:=71 
MemAvailable_kib=86773388
      1   1       1   2       1  12       1  13       1  16       1  23       1  25       1  32       1  34       1  42       1  46       1  48       1  54       1  57       1  63       2  64       1  70       1  78       1  82       1  89       1  90       3 104       1 118       2 119       2 121       1 122       1 123       1 124       1 193       1 200       1 209       1 224       1 226       2 233       1 235       9 239       1 241       1 245      10 247       9 249 

Per-node process memory usage (in MBs) for PID 184964 (p10-avx-n384-pi)
                           Node 0          Node 1           Total
                  --------------- --------------- ---------------
Huge                         0.00            0.00            0.00
Heap                         0.17            1.96            2.13
Stack                        0.03            0.04            0.07
Private                  60208.12        84957.98       145166.10
----------------  --------------- --------------- ---------------
Total                    60208.33        84959.97       145168.30
utc=2026-09-12T20:04:02Z VmHWM:=148652344kB VmRSS:=148652344kB VmSwap:=0kB Threads:=71 
MemAvailable_kib=86799884
      1   1       1   2       1  12       1  13       1  16       1  23       1  25       1  32       1  34       1  42       1  46       1  48       1  54       1  57       1  63       2  64       1  70       1  78       1  82       1  89       1  90       3 104       1 118       2 119       2 121       1 122       1 123       1 124       1 193       1 200       1 209       1 224       1 226       2 233       1 235       9 239       1 241       1 245      10 247       9 249 

Per-node process memory usage (in MBs) for PID 184964 (p10-avx-n384-pi)
                           Node 0          Node 1           Total
                  --------------- --------------- ---------------
Huge                         0.00            0.00            0.00
Heap                         0.17            1.96            2.13
Stack                        0.02            0.05            0.07
Private                  50035.09        95131.01       145166.10
----------------  --------------- --------------- ---------------
Total                    50035.27        95133.03       145168.30
utc=2026-09-12T20:04:33Z VmHWM:=148652344kB VmRSS:=148652344kB VmSwap:=0kB Threads:=71 
MemAvailable_kib=86819212
      1   1       1   2       1  12       1  13       1  16       1  23       1  24       1  25       1  32       1  34       1  42       1  46       1  48       1  54       1  57       1  64       1  65       1  70       1  78       1  82       1  89       1  90       1  96       3 104       1 118       2 119       2 121       1 123       1 124       1 191       1 192       1 200       1 209       1 226       2 233       1 235       9 239       1 241       1 245      10 247       9 249 

Per-node process memory usage (in MBs) for PID 184964 (p10-avx-n384-pi)
                           Node 0          Node 1           Total
                  --------------- --------------- ---------------
Huge                         0.00            0.00            0.00
Heap                         0.17            1.96            2.13
Stack                        0.01            0.06            0.07
Private                  49822.54        95343.56       145166.10
----------------  --------------- --------------- ---------------
Total                    49822.72        95345.58       145168.30
utc=2026-09-12T20:05:04Z VmHWM:=148652344kB VmRSS:=148652344kB VmSwap:=0kB Threads:=71 
MemAvailable_kib=86834780
      1   1       1   2       1  12       1  13       1  16       1  23       1  24       1  25       1  32       1  34       1  42       1  46       1  48       1  54       1  57       1  64       1  65       1  70       1  78       1  82       1  89       1  90       1  96       3 104       1 113       1 118       2 119       1 121       1 123       1 124       1 191       1 192       1 200       1 209       1 226       2 233       1 235       9 239       1 245      10 247      10 249 

Per-node process memory usage (in MBs) for PID 184964 (p10-avx-n384-pi)
                           Node 0          Node 1           Total
                  --------------- --------------- ---------------
Huge                         0.00            0.00            0.00
Heap                         0.17            1.96            2.13
Stack                        0.01            0.06            0.07
Private                  49813.99        95352.11       145166.10
----------------  --------------- --------------- ---------------
Total                    49814.17        95354.13       145168.30
utc=2026-09-12T20:05:36Z VmHWM:=148652344kB VmRSS:=148652344kB VmSwap:=0kB Threads:=71 
MemAvailable_kib=86808648
      1   1       1   2       1  12       1  13       1  16       1  23       1  24       1  25       1  32       1  34       1  42       1  46       1  48       1  54       1  57       2  64       1  65       1  70       1  78       1  82       1  89       1  90       1  96       3 104       1 113       1 118       2 119       1 121       1 123       1 124       1 191       1 200       1 209       1 226       2 233       1 235       9 239       1 245      10 247      10 249 

Per-node process memory usage (in MBs) for PID 184964 (p10-avx-n384-pi)
                           Node 0          Node 1           Total
                  --------------- --------------- ---------------
Huge                         0.00            0.00            0.00
Heap                         0.17            1.96            2.13
Stack                        0.01            0.06            0.07
Private                  49804.18        95361.92       145166.10
----------------  --------------- --------------- ---------------
Total                    49804.36        95363.94       145168.30
utc=2026-09-12T20:06:07Z VmHWM:=148652344kB VmRSS:=148652344kB VmSwap:=0kB Threads:=71 
MemAvailable_kib=86819908
      1   1       1   2       1  12       1  13       1  16       1  23       1  24       1  25       2  32       1  36       1  44       1  46       1  48       1  54       1  57       1  64       1  65       1  70       1  78       1  82       1  89       1  90       1  96       3 104       1 113       1 118       1 119       1 121       1 123       1 124       1 191       1 200       1 209       1 226       2 233       1 235       9 239       1 245      11 247      10 249 

Per-node process memory usage (in MBs) for PID 184964 (p10-avx-n384-pi)
                           Node 0          Node 1           Total
                  --------------- --------------- ---------------
Huge                         0.00            0.00            0.00
Heap                         0.18            1.95            2.13
Stack                        0.01            0.06            0.07
Private                  49804.19        95361.91       145166.10
----------------  --------------- --------------- ---------------
Total                    49804.37        95363.93       145168.30
utc=2026-09-12T20:06:38Z VmHWM:=148652344kB VmRSS:=148652344kB VmSwap:=0kB Threads:=71 
MemAvailable_kib=86821176
      1   1       1   2       1  12       1  13       1  16       1  23       1  24       1  25       1  32       1  33       1  36       1  44       1  46       1  48       1  54       1  57       1  64       1  65       1  70       1  78       1  82       1  89       1  90       1  96       3 104       1 113       1 118       1 119       1 121       1 123       1 124       1 191       1 200       1 209       1 226       2 233       1 235       9 239       1 245      11 247      10 249 

Per-node process memory usage (in MBs) for PID 184964 (p10-avx-n384-pi)
                           Node 0          Node 1           Total
                  --------------- --------------- ---------------
Huge                         0.00            0.00            0.00
Heap                         0.18            1.95            2.13
Stack                        0.01            0.06            0.07
Private                  52285.09        92881.01       145166.10
----------------  --------------- --------------- ---------------
Total                    52285.28        92883.02       145168.30
utc=2026-09-12T20:07:09Z VmHWM:=148652344kB VmRSS:=148652344kB VmSwap:=0kB Threads:=71 
MemAvailable_kib=86813320
      1   1       1   2       1  12       1  13       1  16       1  23       1  24       1  25       1  33       1  36       1  44       1  46       1  48       1  54       1  57       2  64       1  65       1  70       1  78       1  82       1  89       1  90       1  96       3 104       1 113       1 118       1 119       1 121       1 123       1 124       1 191       1 200       1 209       1 226       2 233       1 235       9 239       1 245      11 247      10 249 

Per-node process memory usage (in MBs) for PID 184964 (p10-avx-n384-pi)
                           Node 0          Node 1           Total
                  --------------- --------------- ---------------
Huge                         0.00            0.00            0.00
Heap                         0.18            1.95            2.13
Stack                        0.02            0.05            0.07
Private                  49941.06        95225.04       145166.10
----------------  --------------- --------------- ---------------
Total                    49941.25        95227.05       145168.30
utc=2026-09-12T20:07:40Z VmHWM:=148652344kB VmRSS:=148652344kB VmSwap:=0kB Threads:=71 
MemAvailable_kib=86833616
      1   2       1  14       1  17       1  23       1  24       1  26       1  33       1  36       1  44       1  46       1  48       1  50       1  54       1  56       2  64       1  65       1  70       1  78       1  82       1  89       1  90       1  96       3 104       1 113       1 118       1 119       1 121       1 123       1 124       1 136       1 191       1 200       1 209       1 226       2 233       1 235       9 239       1 245      11 247      10 249 

Per-node process memory usage (in MBs) for PID 184964 (p10-avx-n384-pi)
                           Node 0          Node 1           Total
                  --------------- --------------- ---------------
Huge                         0.00            0.00            0.00
Heap                         0.18            1.95            2.13
Stack                        0.02            0.05            0.07
Private                  49933.19        95232.91       145166.10
----------------  --------------- --------------- ---------------
Total                    49933.38        95234.92       145168.30
utc=2026-09-12T20:08:11Z VmHWM:=148652344kB VmRSS:=148652344kB VmSwap:=0kB Threads:=71 
MemAvailable_kib=86841288
      1   2       1  14       1  17       1  23       1  24       1  26       1  33       1  36       1  44       1  46       1  48       1  50       1  54       1  56       2  64       1  65       1  70       1  78       1  82       1  89       1  90       2  96       3 104       1 118       1 119       1 121       1 123       1 124       1 136       1 191       1 200       1 209       1 226       2 233       1 235       9 239       1 245      11 247      10 249 

Per-node process memory usage (in MBs) for PID 184964 (p10-avx-n384-pi)
                           Node 0          Node 1           Total
                  --------------- --------------- ---------------
Huge                         0.00            0.00            0.00
Heap                         0.18            1.95            2.13
Stack                        0.02            0.05            0.07
Private                  49928.15        95237.95       145166.10
----------------  --------------- --------------- ---------------
Total                    49928.34        95239.96       145168.30
utc=2026-09-12T20:08:42Z VmHWM:=148652344kB VmRSS:=148652344kB VmSwap:=0kB Threads:=71 
MemAvailable_kib=86846580
      1   0       1   2       1  14       1  17       1  23       1  24       1  26       1  33       1  36       1  44       1  46       1  50       1  54       1  61       2  64       1  65       1  70       1  78       1  82       1  89       1  90       2  96       3 104       1 119       1 121       1 123       1 124       1 136       1 191       1 200       1 209       1 226       2 233       1 235       9 239       1 245       1 246      11 247      10 249 

Per-node process memory usage (in MBs) for PID 184964 (p10-avx-n384-pi)
                           Node 0          Node 1           Total
                  --------------- --------------- ---------------
Huge                         0.00            0.00            0.00
Heap                         0.18            1.95            2.13
Stack                        0.02            0.05            0.07
Private                  49927.34        95238.77       145166.10
----------------  --------------- --------------- ---------------
Total                    49927.53        95240.77       145168.30
utc=2026-09-12T20:09:13Z VmHWM:=148652344kB VmRSS:=148652344kB VmSwap:=0kB Threads:=71 
MemAvailable_kib=86849584
      1   0       1   2       1  14       1  17       1  23       1  24       1  26       1  33       1  36       1  44       1  46       1  50       1  54       1  61       2  64       1  65       1  70       1  78       1  82       1  89       1  90       2  96       3 104       1 119       1 121       1 123       1 124       1 136       1 191       1 200       1 209       1 226       2 233       1 235       9 239       1 245       1 246      11 247      10 249 

Per-node process memory usage (in MBs) for PID 184964 (p10-avx-n384-pi)
                           Node 0          Node 1           Total
                  --------------- --------------- ---------------
Huge                         0.00            0.00            0.00
Heap                         0.18            1.95            2.13
Stack                        0.02            0.05            0.07
Private                  49925.70        95240.40       145166.10
----------------  --------------- --------------- ---------------
Total                    49925.89        95242.41       145168.30
utc=2026-09-12T20:09:44Z VmHWM:=148652344kB VmRSS:=148652344kB VmSwap:=0kB Threads:=71 
MemAvailable_kib=86853528
      1   0       1   2       1  14       1  17       1  23       1  24       1  26       1  33       1  36       1  44       1  46       1  50       1  54       1  61       2  64       1  65       1  70       1  78       1  82       1  89       1  90       2  96       3 104       1 119       1 121       1 123       1 124       1 136       1 191       1 200       1 209       1 226       2 233       1 235       9 239       1 245       1 246      11 247      10 249 

Per-node process memory usage (in MBs) for PID 184964 (p10-avx-n384-pi)
                           Node 0          Node 1           Total
                  --------------- --------------- ---------------
Huge                         0.00            0.00            0.00
Heap                         0.18            1.95            2.13
Stack                        0.02            0.05            0.07
Private                  49924.89        95241.21       145166.10
----------------  --------------- --------------- ---------------
Total                    49925.08        95243.22       145168.30
utc=2026-09-12T20:10:15Z VmHWM:=148652344kB VmRSS:=148652344kB VmSwap:=0kB Threads:=71 
MemAvailable_kib=86851060
      1   6       1  14       1  16       1  17       1  23       1  24       1  26       1  33       1  36       1  46       1  47       1  50       1  54       1  60       2  64       1  65       1  70       1  78       1  82       1  89       1  90       2  96       3 104       1 119       1 121       1 123       1 124       1 136       1 191       1 200       1 209       1 226       2 233       1 235       9 239       1 245       1 246      11 247      10 249 

Per-node process memory usage (in MBs) for PID 184964 (p10-avx-n384-pi)
                           Node 0          Node 1           Total
                  --------------- --------------- ---------------
Huge                         0.00            0.00            0.00
Heap                         0.18            1.95            2.13
Stack                        0.02            0.05            0.07
Private                  49925.31        95240.79       145166.10
----------------  --------------- --------------- ---------------
Total                    49925.50        95242.80       145168.30
utc=2026-09-12T20:10:47Z VmHWM:=148652344kB VmRSS:=148652344kB VmSwap:=0kB Threads:=71 
MemAvailable_kib=86861664
      1   6       1  14       1  16       1  17       1  23       1  24       1  26       1  33       1  36       1  46       1  47       1  50       1  54       1  60       2  64       1  65       1  70       1  78       1  82       1  89       1  90       2  96       3 104       1 119       1 121       1 123       1 124       1 136       1 191       1 200       1 209       1 226       2 233       1 235       9 239       1 245       1 246      11 247      10 249 

Per-node process memory usage (in MBs) for PID 184964 (p10-avx-n384-pi)
                           Node 0          Node 1           Total
                  --------------- --------------- ---------------
Huge                         0.00            0.00            0.00
Heap                         0.18            1.95            2.13
Stack                        0.01            0.06            0.07
Private                  49923.31        95242.79       145166.10
----------------  --------------- --------------- ---------------
Total                    49923.50        95244.80       145168.30
utc=2026-09-12T20:11:18Z VmHWM:=148652344kB VmRSS:=148652344kB VmSwap:=0kB Threads:=71 
MemAvailable_kib=86847996
      1   6       1  14       1  16       1  17       1  23       1  24       1  26       1  33       1  36       1  46       1  47       1  50       1  54       1  60       1  64       1  65       1  70       1  78       1  82       1  89       1  90       1  96       3 104       1 119       1 121       1 123       1 124       1 136       1 191       1 192       1 200       1 209       1 224       1 226       2 233       1 235       9 239       1 245       1 246      11 247      10 249 

Per-node process memory usage (in MBs) for PID 184964 (p10-avx-n384-pi)
                           Node 0          Node 1           Total
                  --------------- --------------- ---------------
Huge                         0.00            0.00            0.00
Heap                         0.18            1.95            2.13
Stack                        0.01            0.06            0.07
Private                  49921.97        95244.13       145166.10
----------------  --------------- --------------- ---------------
Total                    49922.16        95246.14       145168.30
utc=2026-09-12T20:11:49Z VmHWM:=148652344kB VmRSS:=148652344kB VmSwap:=0kB Threads:=71 
MemAvailable_kib=86834068
      1   3       1   4       1   6       1   9       1  14       1  18       1  23       1  24       1  26       1  32       1  33       1  36       1  40       1  46       1  47       1  50       1  54       1  60       1  64       1  70       1  78       1  90       1  96       3 104       1 119       1 121       1 124       1 136       1 191       1 192       1 193       1 200       1 209       1 224       1 226       1 233       1 235       9 239       1 245       1 246      11 247      10 249 

Per-node process memory usage (in MBs) for PID 184964 (p10-avx-n384-pi)
                           Node 0          Node 1           Total
                  --------------- --------------- ---------------
Huge                         0.00            0.00            0.00
Heap                         0.18            1.95            2.13
Stack                        0.01            0.06            0.07
Private                  49921.97        95244.13       145166.10
----------------  --------------- --------------- ---------------
Total                    49922.16        95246.14       145168.30
utc=2026-09-12T20:12:20Z VmHWM:=148652344kB VmRSS:=148652344kB VmSwap:=0kB Threads:=71 
MemAvailable_kib=86837140
      1   4       1   6       1   7       1   9       1  14       1  19       1  23       1  25       1  26       1  33       1  34       1  42       1  46       1  47       1  50       1  54       1  60       2  64       1  70       1  78       1  90       1  96       3 104       1 119       1 121       1 124       1 136       1 164       1 191       1 193       1 200       1 209       1 224       1 226       1 233       1 235       9 239       1 245       1 246      11 247      10 249 

Per-node process memory usage (in MBs) for PID 184964 (p10-avx-n384-pi)
                           Node 0          Node 1           Total
                  --------------- --------------- ---------------
Huge                         0.00            0.00            0.00
Heap                         0.18            1.95            2.13
Stack                        0.01            0.06            0.07
Private                  49930.14        95235.96       145166.10
----------------  --------------- --------------- ---------------
Total                    49930.32        95237.98       145168.30
utc=2026-09-12T20:12:51Z VmHWM:=148652344kB VmRSS:=148652344kB VmSwap:=0kB Threads:=71 
MemAvailable_kib=86850948
      1   4       1   7       1   9       1  14       1  19       1  23       1  24       1  26       1  33       1  34       1  42       1  46       1  47       1  50       1  54       1  60       2  64       1  78       1  80       1  88       1  90       1  96       3 104       1 119       1 121       1 124       1 136       1 164       1 191       1 193       1 200       1 209       1 224       1 226       1 233       1 235       9 239       1 245       1 246      11 247      10 249 

Per-node process memory usage (in MBs) for PID 184964 (p10-avx-n384-pi)
                           Node 0          Node 1           Total
                  --------------- --------------- ---------------
Huge                         0.00            0.00            0.00
Heap                         0.18            1.95            2.13
Stack                        0.01            0.06            0.07
Private                  49930.16        95235.94       145166.10
----------------  --------------- --------------- ---------------
Total                    49930.35        95237.95       145168.30
utc=2026-09-12T20:13:22Z VmHWM:=148652344kB VmRSS:=148652344kB VmSwap:=0kB Threads:=71 
MemAvailable_kib=86854992
      1   4       1   7       1   9       1  14       1  19       1  23       1  24       1  26       1  33       1  34       1  36       1  42       1  46       1  47       1  50       1  54       1  60       2  64       1  65       1  78       1  80       1  88       1  90       2  96       3 104       1 119       1 121       1 124       1 136       1 191       1 200       1 209       1 226       1 233       1 235       9 239       1 245       1 246      11 247      10 249 

Per-node process memory usage (in MBs) for PID 184964 (p10-avx-n384-pi)
                           Node 0          Node 1           Total
                  --------------- --------------- ---------------
Huge                         0.00            0.00            0.00
Heap                         0.18            1.95            2.13
Stack                        0.01            0.06            0.07
Private                  49930.16        95235.94       145166.10
----------------  --------------- --------------- ---------------
Total                    49930.35        95237.95       145168.30
utc=2026-09-12T20:13:53Z VmHWM:=148652344kB VmRSS:=148652344kB VmSwap:=0kB Threads:=71 
MemAvailable_kib=86865112
      1   4       1   7       1   9       1  14       1  19       1  23       1  24       1  26       1  32       1  33       1  36       1  45       1  46       1  47       1  50       1  54       1  57       1  64       1  65       1  78       1  80       1  90       2  96       3 104       1 119       1 121       1 124       1 136       1 191       1 192       1 200       1 209       1 216       1 226       1 233       1 235       9 239       1 245       1 246      11 247      10 249 

Per-node process memory usage (in MBs) for PID 184964 (p10-avx-n384-pi)
                           Node 0          Node 1           Total
                  --------------- --------------- ---------------
Huge                         0.00            0.00            0.00
Heap                         0.18            1.95            2.13
Stack                        0.01            0.06            0.07
Private                  49953.40        95212.70       145166.10
----------------  --------------- --------------- ---------------
Total                    49953.59        95214.71       145168.30
utc=2026-09-12T20:14:24Z VmHWM:=148652344kB VmRSS:=148652344kB VmSwap:=0kB Threads:=71 
MemAvailable_kib=86865764
      1   4       1   7       1   9       1  14       1  19       1  23       1  24       1  26       1  32       1  33       1  36       1  45       1  46       1  47       1  50       1  54       1  57       1  64       1  65       1  78       1  80       1  90       2  96       3 104       1 119       1 121       1 124       1 136       1 191       1 192       1 200       1 209       1 216       1 226       1 233       1 235       9 239       1 245       1 246      11 247      10 249 

Per-node process memory usage (in MBs) for PID 184964 (p10-avx-n384-pi)
                           Node 0          Node 1           Total
                  --------------- --------------- ---------------
Huge                         0.00            0.00            0.00
Heap                         0.18            1.95            2.13
Stack                        0.01            0.06            0.07
Private                  49953.40        95212.70       145166.10
----------------  --------------- --------------- ---------------
Total                    49953.59        95214.71       145168.30
utc=2026-09-12T20:14:55Z VmHWM:=148652344kB VmRSS:=148652344kB VmSwap:=0kB Threads:=71 
MemAvailable_kib=86871884
      1   4       1   7       1   9       1  14       1  19       1  23       1  24       1  26       1  32       1  33       1  36       1  45       1  46       1  47       1  50       1  54       1  57       1  64       1  65       1  78       1  80       1  90       2  96       3 104       1 119       1 121       1 124       1 136       1 191       1 192       1 200       1 209       1 216       1 226       1 233       1 235       9 239       1 245       1 246      11 247      10 249 

Per-node process memory usage (in MBs) for PID 184964 (p10-avx-n384-pi)
                           Node 0          Node 1           Total
                  --------------- --------------- ---------------
Huge                         0.00            0.00            0.00
Heap                         0.18            1.95            2.13
Stack                        0.01            0.06            0.07
Private                  49953.40        95212.70       145166.10
----------------  --------------- --------------- ---------------
Total                    49953.59        95214.71       145168.30
utc=2026-09-12T20:15:26Z VmHWM:=148652344kB VmRSS:=148652344kB VmSwap:=0kB Threads:=71 
MemAvailable_kib=86839372
      1   4       1   9       1  14       1  19       1  23       1  24       1  26       1  32       1  33       1  36       1  45       1  46       1  47       1  50       1  54       1  57       1  64       1  65       1  78       1  80       1  90       1  96       3 104       1 111       1 119       1 121       1 124       1 135       1 136       1 191       1 192       1 200       1 209       1 216       1 224       1 226       1 233       1 235       8 239       1 245       1 246      11 247      10 249 

Per-node process memory usage (in MBs) for PID 184964 (p10-avx-n384-pi)
                           Node 0          Node 1           Total
                  --------------- --------------- ---------------
Huge                         0.00            0.00            0.00
Heap                         0.18            1.95            2.13
Stack                        0.01            0.06            0.07
Private                  49964.64        95201.46       145166.10
----------------  --------------- --------------- ---------------
Total                    49964.83        95203.47       145168.30
utc=2026-09-12T20:15:58Z VmHWM:=148652344kB VmRSS:=148652344kB VmSwap:=0kB Threads:=71 
MemAvailable_kib=86880288
      1   4       1   9       1  14       1  19       1  23       1  24       1  26       1  32       1  33       1  36       1  45       1  46       1  47       1  50       1  54       1  57       1  64       1  65       1  78       1  80       1  90       1  96       3 104       1 111       1 119       1 121       1 124       1 135       1 136       1 191       1 192       1 200       1 209       1 216       1 224       1 226       1 233       1 235       8 239       1 245       1 246      11 247      10 249 

Per-node process memory usage (in MBs) for PID 184964 (p10-avx-n384-pi)
                           Node 0          Node 1           Total
                  --------------- --------------- ---------------
Huge                         0.00            0.00            0.00
Heap                         0.18            1.95            2.13
Stack                        0.01            0.06            0.07
Private                  49964.64        95201.46       145166.10
----------------  --------------- --------------- ---------------
Total                    49964.83        95203.47       145168.30
utc=2026-09-12T20:16:29Z VmHWM:=148652344kB VmRSS:=148652344kB VmSwap:=0kB Threads:=71 
MemAvailable_kib=86881432
      1   4       1   9       1  14       1  19       1  23       1  24       1  26       1  32       1  33       1  36       1  45       1  46       1  47       1  50       1  54       1  57       1  64       1  65       1  78       1  80       1  90       1  96       3 104       1 111       1 119       1 121       1 124       1 135       1 136       1 191       1 192       1 200       1 209       1 216       1 224       1 226       1 233       1 235       8 239       1 245       1 246      11 247      10 249 

Per-node process memory usage (in MBs) for PID 184964 (p10-avx-n384-pi)
                           Node 0          Node 1           Total
                  --------------- --------------- ---------------
Huge                         0.00            0.00            0.00
Heap                         0.18            1.95            2.13
Stack                        0.01            0.06            0.07
Private                  49964.64        95201.46       145166.10
----------------  --------------- --------------- ---------------
Total                    49964.83        95203.47       145168.30
utc=2026-09-12T20:17:00Z VmHWM:=148652344kB VmRSS:=148652344kB VmSwap:=0kB Threads:=71 
MemAvailable_kib=86858212
      1   4       1   7       1  14       1  19       1  26       1  32       1  33       1  36       1  42       1  46       1  47       1  48       1  50       1  54       1  57       1  64       1  65       1  78       1  80       1  90       1  96       3 104       1 111       1 119       1 121       1 124       1 136       1 151       1 191       1 195       1 196       1 200       1 209       1 216       1 224       1 226       1 233       1 235       8 239       1 245       1 246      11 247      10 249 

Per-node process memory usage (in MBs) for PID 184964 (p10-avx-n384-pi)
                           Node 0          Node 1           Total
                  --------------- --------------- ---------------
Huge                         0.00            0.00            0.00
Heap                         0.18            1.95            2.13
Stack                        0.01            0.06            0.07
Private                  49964.64        95201.46       145166.10
----------------  --------------- --------------- ---------------
Total                    49964.83        95203.47       145168.30
utc=2026-09-12T20:17:31Z VmHWM:=148652344kB VmRSS:=148652344kB VmSwap:=0kB Threads:=71 
MemAvailable_kib=86850904
      1   4       1   7       1  14       1  19       1  24       1  26       1  33       1  36       1  42       1  46       1  47       1  50       1  53       1  54       1  57       1  64       1  65       1  67       1  78       1  80       1  90       2  96       3 104       1 111       1 119       1 121       1 124       1 136       1 151       1 191       1 196       1 200       1 209       1 216       1 226       1 233       1 235       8 239       1 245       1 246      11 247      10 249 

Per-node process memory usage (in MBs) for PID 184964 (p10-avx-n384-pi)
                           Node 0          Node 1           Total
                  --------------- --------------- ---------------
Huge                         0.00            0.00            0.00
Heap                         0.18            1.95            2.13
Stack                        0.01            0.06            0.07
Private                  49964.64        95201.46       145166.10
----------------  --------------- --------------- ---------------
Total                    49964.83        95203.47       145168.30
utc=2026-09-12T20:18:02Z VmHWM:=148652344kB VmRSS:=148652344kB VmSwap:=0kB Threads:=71 
MemAvailable_kib=86821680
      1   4       1   7       1  14       1  19       1  24       1  26       1  33       1  36       1  42       1  46       1  47       1  50       1  53       1  54       1  57       1  64       1  65       1  67       1  78       1  80       1  90       2  96       3 104       1 119       1 121       1 124       1 136       1 151       1 191       1 196       1 200       1 209       1 216       1 226       1 233       1 235       9 239       1 245       1 246      11 247      10 249 

Per-node process memory usage (in MBs) for PID 184964 (p10-avx-n384-pi)
                           Node 0          Node 1           Total
                  --------------- --------------- ---------------
Huge                         0.00            0.00            0.00
Heap                         0.18            1.95            2.13
Stack                        0.01            0.06            0.07
Private                  49964.64        95201.46       145166.10
----------------  --------------- --------------- ---------------
Total                    49964.83        95203.47       145168.30
utc=2026-09-12T20:18:33Z VmHWM:=148652344kB VmRSS:=148652344kB VmSwap:=0kB Threads:=71 
MemAvailable_kib=86809648
      1   4       1   7       1   8       1   9       1  14       1  19       1  23       1  26       1  33       1  36       1  45       1  46       1  47       1  48       1  50       1  54       1  57       1  64       1  65       1  67       1  78       1  80       1  90       2  96       3 104       1 119       1 121       1 124       1 191       1 196       1 200       1 209       1 216       1 226       1 233       1 235       9 239       1 245       1 246      11 247      10 249 

Per-node process memory usage (in MBs) for PID 184964 (p10-avx-n384-pi)
                           Node 0          Node 1           Total
                  --------------- --------------- ---------------
Huge                         0.00            0.00            0.00
Heap                         0.18            1.95            2.13
Stack                        0.01            0.06            0.07
Private                  49964.64        95201.46       145166.10
----------------  --------------- --------------- ---------------
Total                    49964.83        95203.47       145168.30
utc=2026-09-12T20:19:04Z VmHWM:=148652344kB VmRSS:=148652344kB VmSwap:=0kB Threads:=71 
MemAvailable_kib=86824356
      1   4       1   7       1   8       1   9       1  14       1  19       1  23       1  26       1  33       1  36       1  45       1  46       1  47       1  48       1  50       1  54       1  57       1  64       1  65       1  67       1  78       1  80       1  90       1  96       3 104       1 119       1 121       1 124       1 191       1 196       2 200       1 209       1 216       1 226       1 233       1 235       9 239       1 245       1 246      11 247      10 249 

Per-node process memory usage (in MBs) for PID 184964 (p10-avx-n384-pi)
                           Node 0          Node 1           Total
                  --------------- --------------- ---------------
Huge                         0.00            0.00            0.00
Heap                         0.18            1.95            2.13
Stack                        0.01            0.06            0.07
Private                  49964.64        95201.46       145166.10
----------------  --------------- --------------- ---------------
Total                    49964.83        95203.47       145168.30
utc=2026-09-12T20:19:35Z VmHWM:=148652344kB VmRSS:=148652344kB VmSwap:=0kB Threads:=71 
MemAvailable_kib=86829724
      1   7       1   8       1   9       1  14       1  19       1  23       1  24       1  26       1  33       1  36       1  45       1  46       1  47       1  50       1  54       1  57       1  64       1  65       1  67       1  78       1  80       1  90       1  96       3 104       1 119       1 121       1 124       1 132       1 191       1 196       2 200       1 209       1 216       1 226       1 233       1 235       9 239       1 245       1 246      11 247      10 249 

Per-node process memory usage (in MBs) for PID 184964 (p10-avx-n384-pi)
                           Node 0          Node 1           Total
                  --------------- --------------- ---------------
Huge                         0.00            0.00            0.00
Heap                         0.18            1.95            2.13
Stack                        0.01            0.06            0.07
Private                  49964.64        95201.46       145166.10
----------------  --------------- --------------- ---------------
Total                    49964.83        95203.47       145168.30
utc=2026-09-12T20:20:06Z VmHWM:=148652344kB VmRSS:=148652344kB VmSwap:=0kB Threads:=71 
MemAvailable_kib=86820076
      1   7       1   8       1   9       1  14       1  19       1  23       1  24       1  26       1  33       1  36       1  45       1  46       1  47       1  50       1  54       1  57       2  64       1  65       1  67       1  78       1  80       1  90       1  96       3 104       1 119       1 121       1 124       1 132       1 191       1 196       2 200       1 209       1 216       1 226       1 233       1 235       8 239       1 245       1 246      11 247      10 249 

Per-node process memory usage (in MBs) for PID 184964 (p10-avx-n384-pi)
                           Node 0          Node 1           Total
                  --------------- --------------- ---------------
Huge                         0.00            0.00            0.00
Heap                         0.18            1.95            2.13
Stack                        0.01            0.06            0.07
Private                  49964.64        95201.46       145166.10
----------------  --------------- --------------- ---------------
Total                    49964.83        95203.47       145168.30
utc=2026-09-12T20:20:37Z VmHWM:=148652344kB VmRSS:=148652344kB VmSwap:=0kB Threads:=71 
MemAvailable_kib=86796072
      1   7       1   8       1   9       1  14       1  19       1  23       1  24       1  26       1  33       1  36       1  45       1  46       1  47       1  50       1  54       1  57       1  64       1  65       1  67       1  72       1  78       1  80       1  90       1  96       3 104       1 119       1 121       1 124       1 132       1 191       1 192       1 196       1 200       1 209       1 216       1 226       1 233       1 235       8 239       1 245       1 246      11 247      10 249 

Per-node process memory usage (in MBs) for PID 184964 (p10-avx-n384-pi)
                           Node 0          Node 1           Total
                  --------------- --------------- ---------------
Huge                         0.00            0.00            0.00
Heap                         0.18            1.95            2.13
Stack                        0.01            0.06            0.07
Private                  49964.64        95201.46       145166.10
----------------  --------------- --------------- ---------------
Total                    49964.83        95203.47       145168.30
utc=2026-09-12T20:21:08Z VmHWM:=148652344kB VmRSS:=148652344kB VmSwap:=0kB Threads:=71 
MemAvailable_kib=94808788
      1   0       1   9       1  14       1  19       1  24       1  26       1  33       1  36       1  46       1  47       1  50       1  54       1  57       1  64       1  65       1  72       1  73       1  80       1  90       1  96       4 104       1 119       1 120       1 121       1 124       1 132       1 151       1 191       1 192       1 195       1 196       1 200       1 209       1 216       1 226       1 233       1 235       8 239       1 245       1 246      11 247      10 249 

Per-node process memory usage (in MBs) for PID 184964 (p10-avx-n384-pi)
                           Node 0          Node 1           Total
                  --------------- --------------- ---------------
Huge                         0.00            0.00            0.00
Heap                         0.18            1.95            2.13
Stack                        0.01            0.06            0.07
Private                  49964.64        95201.46       145166.10
----------------  --------------- --------------- ---------------
Total                    49964.83        95203.47       145168.30
utc=2026-09-12T20:21:40Z VmHWM:=148652344kB VmRSS:=148652344kB VmSwap:=0kB Threads:=71 
MemAvailable_kib=94823116
      1   0       1   9       1  14       1  19       1  24       1  26       1  33       1  36       1  46       1  47       1  50       1  54       1  57       2  64       1  65       1  73       2  80       1  90       1  96       4 104       1 119       1 120       1 121       1 124       1 132       1 151       1 191       1 196       2 200       1 209       1 216       1 226       1 233       1 235       8 239       1 245       1 246      11 247      10 249 

Per-node process memory usage (in MBs) for PID 184964 (p10-avx-n384-pi)
                           Node 0          Node 1           Total
                  --------------- --------------- ---------------
Huge                         0.00            0.00            0.00
Heap                         0.18            1.95            2.13
Stack                        0.01            0.06            0.07
Private                  49964.64        95201.46       145166.10
----------------  --------------- --------------- ---------------
Total                    49964.83        95203.47       145168.30
utc=2026-09-12T20:22:11Z VmHWM:=148652344kB VmRSS:=148652344kB VmSwap:=0kB Threads:=71 
MemAvailable_kib=94764348
      1   0       1   9       1  14       1  19       1  24       1  26       1  33       1  36       1  46       1  47       1  50       1  54       1  57       2  64       1  65       1  73       1  80       1  90       1  96       4 104       1 119       1 120       1 121       1 124       1 132       1 151       1 191       1 196       2 200       1 208       1 209       1 216       1 226       1 233       1 235       8 239       1 245       1 246      11 247      10 249 

Per-node process memory usage (in MBs) for PID 184964 (p10-avx-n384-pi)
                           Node 0          Node 1           Total
                  --------------- --------------- ---------------
Huge                         0.00            0.00            0.00
Heap                         0.18            1.95            2.13
Stack                        0.01            0.06            0.07
Private                  49964.64        95201.46       145166.10
----------------  --------------- --------------- ---------------
Total                    49964.83        95203.47       145168.30
utc=2026-09-12T20:22:42Z VmHWM:=148652344kB VmRSS:=148652344kB VmSwap:=0kB Threads:=71 
MemAvailable_kib=94771372
      1   1       1   9       1  14       1  19       1  23       1  24       1  26       1  33       1  36       1  46       1  47       1  50       1  57       1  64       1  65       1  73       1  80       1  81       1  84       1  96       4 104       1 119       1 120       1 121       1 124       1 128       1 132       1 182       1 191       1 196       2 200       1 216       1 218       1 226       1 233       1 235       8 239       1 245       1 246      11 247      10 249 

Per-node process memory usage (in MBs) for PID 184964 (p10-avx-n384-pi)
                           Node 0          Node 1           Total
                  --------------- --------------- ---------------
Huge                         0.00            0.00            0.00
Heap                         0.18            1.95            2.13
Stack                        0.01            0.06            0.07
Private                  49965.40        95200.70       145166.10
----------------  --------------- --------------- ---------------
Total                    49965.59        95202.71       145168.30
utc=2026-09-12T20:23:13Z VmHWM:=148652344kB VmRSS:=148652344kB VmSwap:=0kB Threads:=71 
MemAvailable_kib=94765368
      1   0       1   1       1   9       1  14       1  19       1  23       1  24       1  26       1  36       1  46       1  47       1  50       1  57       1  64       1  65       1  68       1  73       1  80       1  81       1  84       1  96       4 104       1 119       1 120       1 121       1 124       1 132       1 161       1 182       1 191       2 200       1 216       1 218       1 226       1 233       1 235       8 239       1 245       1 246      11 247      10 249 

Per-node process memory usage (in MBs) for PID 184964 (p10-avx-n384-pi)
                           Node 0          Node 1           Total
                  --------------- --------------- ---------------
Huge                         0.00            0.00            0.00
Heap                         0.22            1.91            2.13
Stack                        0.01            0.06            0.07
Private                  51649.88        93516.22       145166.10
----------------  --------------- --------------- ---------------
Total                    51650.11        93518.19       145168.30
utc=2026-09-12T20:23:44Z VmHWM:=148652344kB VmRSS:=148652344kB VmSwap:=0kB Threads:=71 
MemAvailable_kib=94724380
      2   0       1   9       1  14       1  16       1  19       1  23       1  24       1  25       1  26       1  36       1  46       1  47       1  50       1  57       1  63       1  64       1  65       1  66       1  80       1  84       1  96       4 104       1 119       1 121       1 124       1 132       1 161       1 182       2 200       1 208       1 216       1 218       1 226       1 233       1 235       8 239       1 245       1 246      11 247      10 249 

Per-node process memory usage (in MBs) for PID 184964 (p10-avx-n384-pi)
                           Node 0          Node 1           Total
                  --------------- --------------- ---------------
Huge                         0.00            0.00            0.00
Heap                         0.09            2.04            2.13
Stack                        0.01            0.06            0.07
Private                  50723.12        94442.98       145166.10
----------------  --------------- --------------- ---------------
Total                    50723.22        94445.08       145168.30
utc=2026-09-12T20:24:15Z VmHWM:=148652344kB VmRSS:=148652344kB VmSwap:=0kB Threads:=71 
MemAvailable_kib=94710784
      1   8       1  14       1  19       1  23       1  25       1  26       1  33       1  46       1  47       1  50       1  57       1  63       1  64       1  65       1  66       1  73       1  80       1  84       1  96       4 104       1 119       1 120       1 121       1 124       2 128       1 132       1 164       1 182       2 200       1 208       1 216       1 218       1 226       1 233       1 235       8 239       1 245       1 246      11 247      10 249 

Per-node process memory usage (in MBs) for PID 184964 (p10-avx-n384-pi)
                           Node 0          Node 1           Total
                  --------------- --------------- ---------------
Huge                         0.00            0.00            0.00
Heap                         0.06            2.07            2.13
Stack                        0.01            0.06            0.07
Private                  51428.91        93737.19       145166.10
----------------  --------------- --------------- ---------------
Total                    51428.98        93739.32       145168.30
utc=2026-09-12T20:24:47Z VmHWM:=148652344kB VmRSS:=148652344kB VmSwap:=0kB Threads:=71 
MemAvailable_kib=94737052
      1   8       1  14       1  19       1  23       1  25       1  26       1  33       1  46       1  47       1  50       1  57       1  63       1  64       1  66       2  72       1  73       1  80       1  81       1  96       4 104       1 119       1 120       1 121       1 124       2 128       1 132       1 164       1 182       1 193       1 212       1 216       1 218       1 226       1 233       1 235       8 239       1 245       1 246      11 247      10 249 

Per-node process memory usage (in MBs) for PID 184964 (p10-avx-n384-pi)
                           Node 0          Node 1           Total
                  --------------- --------------- ---------------
Huge                         0.00            0.00            0.00
Heap                         0.06            2.07            2.13
Stack                        0.01            0.06            0.07
Private                  50134.05        95032.05       145166.10
----------------  --------------- --------------- ---------------
Total                    50134.12        95034.18       145168.30
utc=2026-09-12T20:25:18Z VmHWM:=148652344kB VmRSS:=148652344kB VmSwap:=0kB Threads:=71 
MemAvailable_kib=94747032
      1   8       1  14       1  19       1  23       1  25       1  26       1  33       1  46       1  47       1  50       1  57       1  63       1  64       1  66       2  72       1  73       1  81       1  96       4 104       1 119       1 120       1 121       1 124       2 128       1 132       1 164       1 182       1 193       1 208       1 212       1 216       1 218       1 226       1 233       1 235       8 239       1 245       1 246      11 247      10 249 

Per-node process memory usage (in MBs) for PID 184964 (p10-avx-n384-pi)
                           Node 0          Node 1           Total
                  --------------- --------------- ---------------
Huge                         0.00            0.00            0.00
Heap                         0.09            2.04            2.13
Stack                        0.01            0.06            0.07
Private                  50135.18        95030.92       145166.10
----------------  --------------- --------------- ---------------
Total                    50135.28        95033.02       145168.30
utc=2026-09-12T20:25:49Z VmHWM:=148652344kB VmRSS:=148652344kB VmSwap:=0kB Threads:=71 
MemAvailable_kib=94725944
      1   8       1  14       1  19       1  23       1  25       1  26       1  33       1  46       1  47       1  50       1  57       1  63       1  64       1  66       2  72       1  73       1  80       1  81       1  96       4 104       1 119       1 120       1 121       1 124       2 128       1 132       1 164       1 182       1 193       1 212       1 216       1 218       1 226       1 233       1 235       8 239       1 245       1 246      11 247      10 249 

Per-node process memory usage (in MBs) for PID 184964 (p10-avx-n384-pi)
                           Node 0          Node 1           Total
                  --------------- --------------- ---------------
Huge                         0.00            0.00            0.00
Heap                         0.09            2.04            2.13
Stack                        0.01            0.06            0.07
Private                  51579.68        93586.42       145166.10
----------------  --------------- --------------- ---------------
Total                    51579.78        93588.52       145168.30
utc=2026-09-12T20:26:20Z VmHWM:=148652344kB VmRSS:=148652344kB VmSwap:=0kB Threads:=71 
MemAvailable_kib=94760328
      1   8       1  14       1  19       1  23       1  25       1  26       1  33       1  46       1  47       1  50       1  57       1  63       1  64       1  66       2  72       1  73       1  81       1  96       4 104       1 119       1 120       1 121       1 124       2 128       1 132       1 164       1 182       1 193       1 208       1 212       1 216       1 218       1 226       1 233       1 235       8 239       1 245       1 246      11 247      10 249 

Per-node process memory usage (in MBs) for PID 184964 (p10-avx-n384-pi)
                           Node 0          Node 1           Total
                  --------------- --------------- ---------------
Huge                         0.00            0.00            0.00
Heap                         0.09            2.04            2.13
Stack                        0.01            0.06            0.07
Private                  50119.73        95046.37       145166.10
----------------  --------------- --------------- ---------------
Total                    50119.83        95048.47       145168.30
utc=2026-09-12T20:26:51Z VmHWM:=148652344kB VmRSS:=148652344kB VmSwap:=0kB Threads:=71 
MemAvailable_kib=94790616
      1   8       1  14       1  19       1  23       1  25       1  26       1  33       1  46       1  47       1  50       1  57       1  63       1  64       1  66       2  72       1  73       1  80       1  81       1  96       4 104       1 119       1 121       1 124       2 128       1 132       1 164       1 182       1 193       1 212       1 216       1 218       1 226       1 233       1 235       8 239       1 245       1 246      11 247       1 248      10 249 

Per-node process memory usage (in MBs) for PID 184964 (p10-avx-n384-pi)
                           Node 0          Node 1           Total
                  --------------- --------------- ---------------
Huge                         0.00            0.00            0.00
Heap                         0.11            2.02            2.13
Stack                        0.01            0.06            0.07
Private                  50106.66        95059.44       145166.10
----------------  --------------- --------------- ---------------
Total                    50106.78        95061.52       145168.30
utc=2026-09-12T20:27:22Z VmHWM:=148652344kB VmRSS:=148652344kB VmSwap:=0kB Threads:=71 
MemAvailable_kib=94798580
      1   8       1  14       1  19       1  23       1  25       1  26       1  33       1  46       1  47       1  50       1  57       1  63       1  64       1  66       2  72       1  73       1  80       1  81       1  96       4 104       1 119       1 121       1 124       2 128       1 132       1 164       1 182       1 193       1 212       1 216       1 218       1 226       1 233       1 235       8 239       1 245       1 246      11 247       1 248      10 249 

Per-node process memory usage (in MBs) for PID 184964 (p10-avx-n384-pi)
                           Node 0          Node 1           Total
                  --------------- --------------- ---------------
Huge                         0.00            0.00            0.00
Heap                         0.11            2.02            2.13
Stack                        0.01            0.06            0.07
Private                  50106.66        95059.44       145166.10
----------------  --------------- --------------- ---------------
Total                    50106.78        95061.52       145168.30
utc=2026-09-12T20:27:54Z VmHWM:=148652728kB VmRSS:=148652728kB VmSwap:=0kB Threads:=71 
MemAvailable_kib=94789652
      1   0       2   8       1  14       1  19       1  23       1  24       1  25       1  26       1  33       1  46       1  47       1  50       1  57       1  63       2  66       1  67       3  72       2  73       1  74       1  75       1  80       2  81       1  82       1  83       1  88       1  89       1  90       1  91       2  96       1  98       2 104       1 110       1 118       1 121       1 124       2 128       1 132       1 164       1 182       1 193       1 200       1 212       1 216       1 218       1 225       1 226       2 233       1 235       1 239       1 240       1 241       1 245       1 246       2 247       1 248       1 249       1 252       1 253       1 254       1 255 

Per-node process memory usage (in MBs) for PID 184964 (p10-avx-n384-pi)
                           Node 0          Node 1           Total
                  --------------- --------------- ---------------
Huge                         0.00            0.00            0.00
Heap                         0.11            2.02            2.13
Stack                        0.01            0.06            0.07
Private                  50135.38        95031.10       145166.48
----------------  --------------- --------------- ---------------
Total                    50135.50        95033.18       145168.68
utc=2026-09-12T20:28:25Z VmHWM:=148652728kB VmRSS:=148652728kB VmSwap:=0kB Threads:=71 
MemAvailable_kib=94667752
      2   8       1   9       1  14       1  16       1  17       1  19       1  23       1  24       2  25       1  26       1  32       2  33       1  40       1  41       1  46       1  47       1  48       1  49       1  50       1  56       2  57       1  63       1  65       1  66       3  72       1  73       1  81       1  83       1  90       1  91       1  96       1  98       1 104       1 121       1 124       3 128       1 130       1 132       1 164       1 182       1 193       1 195       1 200       1 203       1 210       1 212       1 216       1 218       1 225       1 226       2 233       1 235       1 239       1 241       1 245       1 246       2 247       1 248       1 249       1 254       1 255 

Per-node process memory usage (in MBs) for PID 184964 (p10-avx-n384-pi)
                           Node 0          Node 1           Total
                  --------------- --------------- ---------------
Huge                         0.00            0.00            0.00
Heap                         0.23            1.89            2.13
Stack                        0.01            0.06            0.07
Private                  53158.12        92008.35       145166.47
----------------  --------------- --------------- ---------------
Total                    53158.36        92010.31       145168.67
utc=2026-09-12T20:28:56Z VmHWM:=148652728kB VmRSS:=148652728kB VmSwap:=0kB Threads:=71 
MemAvailable_kib=94714672
      1   0       1   1       1   2       2   8       1   9       1  14       1  16       1  17       1  19       1  23       2  24       2  25       1  26       2  33       1  40       1  41       1  46       1  47       1  48       1  49       1  50       1  56       2  57       1  63       1  66       2  72       1  73       1  81       1  83       1  90       1  91       1  96       1  98       1 104       1 113       1 121       1 124       2 128       1 132       1 164       1 182       1 192       1 193       1 195       1 200       1 203       1 210       1 212       1 216       1 218       1 225       1 226       2 233       1 235       1 239       1 245       1 246       2 247       1 248       1 249       1 254       1 255 

Per-node process memory usage (in MBs) for PID 184964 (p10-avx-n384-pi)
                           Node 0          Node 1           Total
                  --------------- --------------- ---------------
Huge                         0.00            0.00            0.00
Heap                         0.29            1.84            2.13
Stack                        0.01            0.06            0.07
Private                  53166.48        92000.00       145166.48
----------------  --------------- --------------- ---------------
Total                    53166.78        92001.90       145168.68
utc=2026-09-12T20:29:27Z VmHWM:=148652728kB VmRSS:=148652728kB VmSwap:=0kB Threads:=71 
MemAvailable_kib=94767608
      1   0       1   1       1   2       2   8       1   9       1  14       1  16       1  17       1  19       1  23       2  24       2  25       1  26       2  33       1  40       1  41       1  46       1  47       1  48       1  49       1  50       1  56       2  57       1  63       1  66       2  72       1  73       1  81       1  83       1  90       1  91       1  96       1  98       1 104       1 113       1 121       1 124       2 128       1 132       1 164       1 182       1 192       1 193       1 195       1 200       1 203       1 210       1 212       1 216       1 218       1 225       1 226       2 233       1 235       1 239       1 245       1 246       2 247       1 248       1 249       1 254       1 255 

Per-node process memory usage (in MBs) for PID 184964 (p10-avx-n384-pi)
                           Node 0          Node 1           Total
                  --------------- --------------- ---------------
Huge                         0.00            0.00            0.00
Heap                         0.29            1.84            2.13
Stack                        0.01            0.06            0.07
Private                  50141.93        95024.55       145166.48
----------------  --------------- --------------- ---------------
Total                    50142.22        95026.45       145168.68
utc=2026-09-12T20:29:58Z VmHWM:=148652728kB VmRSS:=148652728kB VmSwap:=0kB Threads:=71 
MemAvailable_kib=94774744
      1   0       1   1       1   2       2   8       1   9       1  14       1  16       1  17       1  19       1  23       2  24       2  25       1  26       2  33       1  40       1  41       1  46       1  47       1  48       1  49       1  50       1  56       2  57       1  63       1  66       2  72       1  73       1  81       1  83       1  90       1  91       1  96       1  98       1 104       1 113       1 121       1 124       2 128       1 132       1 164       1 182       1 192       1 193       1 195       1 200       1 203       1 210       1 212       1 216       1 218       1 225       1 226       2 233       1 235       1 239       1 245       1 246       2 247       1 248       1 249       1 254       1 255 

Per-node process memory usage (in MBs) for PID 184964 (p10-avx-n384-pi)
                           Node 0          Node 1           Total
                  --------------- --------------- ---------------
Huge                         0.00            0.00            0.00
Heap                         0.29            1.84            2.13
Stack                        0.01            0.06            0.07
Private                  50132.14        95034.33       145166.48
----------------  --------------- --------------- ---------------
Total                    50132.44        95036.24       145168.68
utc=2026-09-12T20:30:30Z VmHWM:=148652728kB VmRSS:=148652728kB VmSwap:=0kB Threads:=71 
MemAvailable_kib=94784220
      1   0       1   1       1   2       2   8       1   9       1  14       1  16       1  17       1  19       1  23       2  24       2  25       1  26       2  33       1  40       1  41       1  46       1  47       1  48       1  49       1  50       1  56       2  57       1  63       1  66       3  72       1  73       1  81       1  83       1  90       1  91       1  96       1  98       1 104       1 113       1 121       1 124       2 128       1 132       1 164       1 182       1 192       1 193       1 195       1 203       1 210       1 212       1 216       1 218       1 225       1 226       2 233       1 235       1 239       1 245       1 246       2 247       1 248       1 249       1 254       1 255 

Per-node process memory usage (in MBs) for PID 184964 (p10-avx-n384-pi)
                           Node 0          Node 1           Total
                  --------------- --------------- ---------------
Huge                         0.00            0.00            0.00
Heap                         0.29            1.84            2.13
Stack                        0.01            0.06            0.07
Private                  50132.14        95034.33       145166.48
----------------  --------------- --------------- ---------------
Total                    50132.44        95036.24       145168.68
utc=2026-09-12T20:31:01Z VmHWM:=148652728kB VmRSS:=148652728kB VmSwap:=0kB Threads:=71 
MemAvailable_kib=94806304
      1   0       1   1       1   2       2   8       1   9       1  14       1  16       1  17       1  19       1  23       2  24       2  25       1  26       2  33       1  40       1  41       1  46       1  47       1  48       1  49       1  50       1  56       2  57       1  63       1  66       3  72       1  73       1  81       1  83       1  90       1  91       1  96       1  98       1 104       1 113       1 121       1 124       2 128       1 132       1 164       1 182       1 192       1 193       1 195       1 203       1 210       1 212       1 216       1 218       1 225       1 226       2 233       1 235       1 239       1 245       1 246       2 247       1 248       1 249       1 254       1 255 

Per-node process memory usage (in MBs) for PID 184964 (p10-avx-n384-pi)
                           Node 0          Node 1           Total
                  --------------- --------------- ---------------
Huge                         0.00            0.00            0.00
Heap                         0.28            1.85            2.13
Stack                        0.01            0.06            0.07
Private                  50132.14        95034.33       145166.48
----------------  --------------- --------------- ---------------
Total                    50132.43        95036.24       145168.68
utc=2026-09-12T20:31:32Z VmHWM:=148652728kB VmRSS:=148652728kB VmSwap:=0kB Threads:=71 
MemAvailable_kib=94807280
      1   0       1   1       1   2       2   8       1   9       1  14       1  16       1  17       1  19       1  23       2  24       2  25       1  26       2  33       1  40       1  41       1  46       1  47       1  48       1  49       1  50       1  56       2  57       1  63       1  66       3  72       1  73       1  81       1  83       1  90       1  91       1  96       1  98       1 104       1 113       1 121       1 124       2 128       1 132       1 164       1 182       1 192       1 193       1 195       1 203       1 210       1 212       1 216       1 218       1 225       1 226       2 233       1 235       1 239       1 245       1 246       2 247       1 248       1 249       1 254       1 255 

Per-node process memory usage (in MBs) for PID 184964 (p10-avx-n384-pi)
                           Node 0          Node 1           Total
                  --------------- --------------- ---------------
Huge                         0.00            0.00            0.00
Heap                         0.28            1.85            2.13
Stack                        0.01            0.06            0.07
Private                  50116.61        95049.87       145166.48
----------------  --------------- --------------- ---------------
Total                    50116.90        95051.78       145168.68
utc=2026-09-12T20:32:03Z VmHWM:=148652728kB VmRSS:=148652728kB VmSwap:=0kB Threads:=71 
MemAvailable_kib=94817068
      1   0       1   1       1   2       2   8       1   9       1  14       1  16       1  17       1  19       1  23       2  24       2  25       1  26       2  33       1  40       1  41       1  46       1  47       1  48       1  49       1  50       1  56       2  57       1  63       1  66       3  72       1  73       1  81       1  83       1  90       1  91       1  96       1  98       1 104       1 113       1 121       1 124       2 128       1 132       1 164       1 182       1 192       1 193       1 195       1 203       1 210       1 212       1 216       1 218       1 225       1 226       2 233       1 235       1 239       1 245       1 246       2 247       1 248       1 249       1 254       1 255 

Per-node process memory usage (in MBs) for PID 184964 (p10-avx-n384-pi)
                           Node 0          Node 1           Total
                  --------------- --------------- ---------------
Huge                         0.00            0.00            0.00
Heap                         0.28            1.85            2.13
Stack                        0.01            0.06            0.07
Private                  50116.61        95049.87       145166.48
----------------  --------------- --------------- ---------------
Total                    50116.90        95051.78       145168.68
utc=2026-09-12T20:32:34Z VmHWM:=148652728kB VmRSS:=148652728kB VmSwap:=0kB Threads:=71 
MemAvailable_kib=94823792
      2   0       1   1       1   2       2   8       1   9       1  14       1  16       1  17       1  19       1  23       2  24       2  25       1  26       2  33       1  40       1  41       1  46       1  47       1  48       1  49       1  50       1  56       2  57       1  63       1  66       2  72       1  73       1  81       1  83       1  90       1  91       1  96       1  98       1 104       1 113       1 121       1 124       2 128       1 132       1 164       1 182       1 192       1 193       1 195       1 203       1 210       1 212       1 216       1 218       1 225       1 226       2 233       1 235       1 239       1 245       1 246       2 247       1 248       1 249       1 254       1 255 

Per-node process memory usage (in MBs) for PID 184964 (p10-avx-n384-pi)
                           Node 0          Node 1           Total
                  --------------- --------------- ---------------
Huge                         0.00            0.00            0.00
Heap                         0.28            1.85            2.13
Stack                        0.01            0.06            0.07
Private                  50115.04        95051.44       145166.48
----------------  --------------- --------------- ---------------
Total                    50115.32        95053.35       145168.68
utc=2026-09-12T20:33:05Z VmHWM:=148652728kB VmRSS:=148652728kB VmSwap:=0kB Threads:=71 
MemAvailable_kib=94806820
      1   0       1   1       1   2       1   4       2   8       1   9       1  14       1  16       1  17       1  19       1  23       2  24       2  25       1  26       2  33       1  40       1  41       1  46       1  47       1  48       1  49       1  50       1  56       2  57       1  63       1  66       2  72       1  73       1  81       1  83       1  90       1  91       1  96       1  98       1 104       1 113       1 120       1 121       2 128       1 129       1 164       1 182       1 192       1 193       1 195       1 203       1 210       1 212       1 216       1 218       1 225       1 226       2 233       1 235       1 239       1 245       1 246       2 247       1 249       1 252       1 254       1 255 

Per-node process memory usage (in MBs) for PID 184964 (p10-avx-n384-pi)
                           Node 0          Node 1           Total
                  --------------- --------------- ---------------
Huge                         0.00            0.00            0.00
Heap                         1.29            0.84            2.13
Stack                        0.02            0.05            0.07
Private                  50480.70        94685.78       145166.48
----------------  --------------- --------------- ---------------
Total                    50482.01        94686.67       145168.68
utc=2026-09-12T20:33:36Z VmHWM:=148652728kB VmRSS:=148652728kB VmSwap:=0kB Threads:=71 
MemAvailable_kib=94802600
      2   0       2   1       1   2       1   4       2   8       1   9       1  14       1  16       1  17       1  19       1  23       2  24       2  25       1  26       2  33       1  40       1  41       1  46       1  47       1  48       1  49       1  50       1  56       2  57       1  63       1  66       2  72       1  73       1  81       1  83       1  90       1  91       1  96       1  98       1 104       1 113       1 120       1 121       1 129       1 164       1 182       1 192       1 193       1 195       1 203       1 210       1 212       1 216       1 218       1 225       1 226       2 233       1 235       1 239       1 245       1 246       2 247       1 249       1 252       1 254       1 255 

Per-node process memory usage (in MBs) for PID 184964 (p10-avx-n384-pi)
                           Node 0          Node 1           Total
                  --------------- --------------- ---------------
Huge                         0.00            0.00            0.00
Heap                         1.30            0.83            2.13
Stack                        0.02            0.05            0.07
Private                  58665.72        86500.75       145166.48
----------------  --------------- --------------- ---------------
Total                    58667.04        86501.63       145168.68
utc=2026-09-12T20:34:07Z VmHWM:=148652728kB VmRSS:=148652728kB VmSwap:=0kB Threads:=71 
MemAvailable_kib=94789628
      1   0       2   1       1   2       1   4       2   8       1   9       1  14       1  16       1  17       1  19       1  23       2  24       2  25       1  26       2  33       1  36       1  40       1  41       1  46       1  47       1  48       1  49       1  50       1  56       2  57       1  63       1  66       2  72       1  73       1  81       1  83       1  90       1  91       1  96       1  98       1 104       1 113       1 120       1 121       1 128       1 129       1 182       1 192       1 193       1 195       1 203       1 210       1 212       1 216       1 218       1 225       1 226       2 233       1 235       1 239       1 245       1 246       2 247       1 249       1 252       1 254       1 255 

Per-node process memory usage (in MBs) for PID 184964 (p10-avx-n384-pi)
                           Node 0          Node 1           Total
                  --------------- --------------- ---------------
Huge                         0.00            0.00            0.00
Heap                         1.41            0.71            2.13
Stack                        0.03            0.04            0.07
Private                  62594.49        82571.98       145166.48
----------------  --------------- --------------- ---------------
Total                    62595.93        82572.74       145168.68
utc=2026-09-12T20:34:38Z VmHWM:=148652728kB VmRSS:=148652728kB VmSwap:=0kB Threads:=71 
MemAvailable_kib=94810568
      1   0       3   1       1   2       1   4       2   8       1   9       1  14       1  16       1  17       1  19       2  24       2  25       1  26       2  33       1  36       1  40       1  41       1  46       1  47       1  48       1  49       1  50       1  54       1  56       1  57       1  63       1  66       2  72       1  73       1  81       1  83       2  90       1  91       1  96       1  98       1 104       1 113       1 120       1 121       1 128       1 151       1 185       1 192       1 193       1 195       1 203       1 210       1 212       1 216       1 225       1 226       2 233       1 235       1 239       1 245       1 246       2 247       1 249       1 252       1 254       1 255 

Per-node process memory usage (in MBs) for PID 184964 (p10-avx-n384-pi)
                           Node 0          Node 1           Total
                  --------------- --------------- ---------------
Huge                         0.00            0.00            0.00
Heap                         1.41            0.71            2.13
Stack                        0.03            0.04            0.07
Private                  63738.69        81427.79       145166.48
----------------  --------------- --------------- ---------------
Total                    63740.13        81428.54       145168.68
utc=2026-09-12T20:35:09Z VmHWM:=148652728kB VmRSS:=148652728kB VmSwap:=0kB Threads:=71 
MemAvailable_kib=94814216
      1   0       2   1       1   2       1   4       3   8       1   9       1  14       2  16       1  17       1  19       2  24       2  25       1  26       2  33       1  36       1  40       1  41       1  46       1  47       1  48       1  49       1  50       1  54       1  56       1  57       1  63       1  66       1  72       1  73       1  81       1  83       2  90       1  91       1  96       1  98       1 104       1 113       1 120       1 121       1 128       1 130       1 151       1 185       1 192       1 193       1 195       1 203       1 210       1 212       1 216       1 225       1 226       2 233       1 235       1 239       1 245       1 246       2 247       1 252       1 254       1 255 

Per-node process memory usage (in MBs) for PID 184964 (p10-avx-n384-pi)
                           Node 0          Node 1           Total
                  --------------- --------------- ---------------
Huge                         0.00            0.00            0.00
Heap                         1.41            0.71            2.13
Stack                        0.03            0.04            0.07
Private                  63360.64        81805.83       145166.48
----------------  --------------- --------------- ---------------
Total                    63362.09        81806.59       145168.68
utc=2026-09-12T20:35:40Z VmHWM:=148652728kB VmRSS:=148652728kB VmSwap:=0kB Threads:=71 
MemAvailable_kib=94814728
      1   0       2   1       1   2       3   8       1   9       1  14       2  16       1  17       1  19       3  24       2  25       1  26       2  33       1  36       1  40       1  41       1  46       1  47       2  48       1  49       1  50       1  54       1  56       1  57       1  63       1  66       1  73       1  81       1  83       2  90       1  91       1  96       1  98       1 104       1 113       1 120       1 121       1 132       1 151       1 185       1 192       1 193       1 195       1 200       1 203       1 210       1 212       1 216       1 225       1 226       2 233       1 235       1 239       1 245       1 246       2 247       1 252       1 254       1 255 

Per-node process memory usage (in MBs) for PID 184964 (p10-avx-n384-pi)
                           Node 0          Node 1           Total
                  --------------- --------------- ---------------
Huge                         0.00            0.00            0.00
Heap                         1.41            0.71            2.13
Stack                        0.03            0.04            0.07
Private                  64481.56        80684.92       145166.48
----------------  --------------- --------------- ---------------
Total                    64483.00        80685.67       145168.68
utc=2026-09-12T20:36:11Z VmHWM:=148652728kB VmRSS:=148652728kB VmSwap:=0kB Threads:=71 
MemAvailable_kib=94817140
      1   0       2   1       1   2       3   8       1   9       1  14       2  16       1  17       1  19       2  24       2  25       1  26       2  33       1  36       2  40       1  41       1  46       1  47       2  48       1  49       1  50       1  54       1  56       1  57       1  63       1  66       1  73       1  81       1  83       2  90       1  91       1  96       1  98       1 104       1 113       1 120       1 121       1 132       1 151       1 185       1 192       1 193       1 195       1 200       1 203       1 210       1 212       1 216       1 225       1 226       2 233       1 235       1 239       1 245       1 246       2 247       1 252       1 254       1 255 

Per-node process memory usage (in MBs) for PID 184964 (p10-avx-n384-pi)
                           Node 0          Node 1           Total
                  --------------- --------------- ---------------
Huge                         0.00            0.00            0.00
Heap                         1.47            0.66            2.13
Stack                        0.03            0.04            0.07
Private                  68100.34        77066.14       145166.48
----------------  --------------- --------------- ---------------
Total                    68101.84        77066.84       145168.68
utc=2026-09-12T20:36:42Z VmHWM:=148652728kB VmRSS:=148652728kB VmSwap:=0kB Threads:=71 
MemAvailable_kib=94831380
      1   0       2   1       1   2       2   8       1   9       1  14       2  16       1  17       1  19       2  24       2  25       1  26       2  33       1  36       2  40       1  41       1  46       1  47       2  48       1  49       1  50       1  54       1  56       1  57       1  63       1  66       1  73       1  81       1  83       2  90       1  91       1  96       1  98       1 104       1 113       1 120       1 121       1 132       1 136       1 151       1 185       1 192       1 193       1 195       1 200       1 203       1 210       1 212       1 216       1 225       1 226       2 233       1 235       1 239       1 245       1 246       2 247       1 252       1 254       1 255 

Per-node process memory usage (in MBs) for PID 184964 (p10-avx-n384-pi)
                           Node 0          Node 1           Total
                  --------------- --------------- ---------------
Huge                         0.00            0.00            0.00
Heap                         1.47            0.66            2.13
Stack                        0.03            0.04            0.07
Private                  68100.34        77066.14       145166.48
----------------  --------------- --------------- ---------------
Total                    68101.84        77066.84       145168.68
utc=2026-09-12T20:37:13Z VmHWM:=148652728kB VmRSS:=148652728kB VmSwap:=0kB Threads:=71 
MemAvailable_kib=94839268
      1   0       1   1       1   2       2   8       2   9       1  14       2  16       1  17       1  19       1  23       2  24       2  25       1  26       2  33       1  36       2  40       1  41       1  46       1  47       2  48       1  49       1  50       1  54       1  56       1  57       1  63       1  66       1  72       1  73       1  81       1  83       2  90       1  91       1  96       1  98       1 104       1 107       1 113       1 120       1 121       1 124       1 129       1 132       1 185       1 192       1 193       1 195       1 203       1 210       1 212       1 216       1 225       1 226       2 233       1 239       1 245       1 246       2 247       1 254       1 255 

Per-node process memory usage (in MBs) for PID 184964 (p10-avx-n384-pi)
                           Node 0          Node 1           Total
                  --------------- --------------- ---------------
Huge                         0.00            0.00            0.00
Heap                         1.47            0.66            2.13
Stack                        0.03            0.04            0.07
Private                  68027.78        77138.70       145166.48
----------------  --------------- --------------- ---------------
Total                    68029.28        77139.39       145168.68
utc=2026-09-12T20:37:44Z VmHWM:=148652728kB VmRSS:=148652728kB VmSwap:=0kB Threads:=71 
MemAvailable_kib=94840308
      1   0       1   1       1   2       2   8       2   9       1  14       2  16       1  17       1  19       1  23       2  24       2  25       1  26       2  33       1  36       1  40       1  41       1  46       1  47       2  48       1  49       1  50       1  54       1  56       1  57       1  63       1  66       1  72       1  73       1  81       1  83       2  90       1  91       1  96       1  98       1 104       1 107       1 113       1 120       1 121       1 124       1 129       1 132       1 168       1 185       1 192       1 193       1 195       1 203       1 210       1 212       1 216       1 225       1 226       2 233       1 239       1 245       1 246       2 247       1 254       1 255 

Per-node process memory usage (in MBs) for PID 184964 (p10-avx-n384-pi)
                           Node 0          Node 1           Total
                  --------------- --------------- ---------------
Huge                         0.00            0.00            0.00
Heap                         1.47            0.66            2.13
Stack                        0.03            0.04            0.07
Private                  68027.78        77138.70       145166.48
----------------  --------------- --------------- ---------------
Total                    68029.28        77139.39       145168.68
utc=2026-09-12T20:38:15Z VmHWM:=148652728kB VmRSS:=148652728kB VmSwap:=0kB Threads:=71 
MemAvailable_kib=94835160
      2   0       1   1       1   2       2   8       2   9       1  14       2  16       1  17       1  19       1  23       2  24       2  25       1  26       2  33       1  36       1  40       1  41       1  46       1  47       2  48       1  49       1  50       1  54       1  56       1  57       1  63       1  66       1  72       1  73       1  81       1  83       2  90       1  91       1  96       1  98       1 104       1 107       1 113       1 120       1 121       1 124       1 129       1 132       1 185       1 192       1 193       1 195       1 203       1 210       1 212       1 216       1 225       1 226       2 233       1 239       1 245       1 246       2 247       1 254       1 255 

Per-node process memory usage (in MBs) for PID 184964 (p10-avx-n384-pi)
                           Node 0          Node 1           Total
                  --------------- --------------- ---------------
Huge                         0.00            0.00            0.00
Heap                         1.47            0.66            2.13
Stack                        0.03            0.04            0.07
Private                  68026.51        77139.96       145166.48
----------------  --------------- --------------- ---------------
Total                    68028.01        77140.66       145168.68
utc=2026-09-12T20:38:46Z VmHWM:=148652728kB VmRSS:=148652728kB VmSwap:=0kB Threads:=71 
MemAvailable_kib=94832484
      2   0       1   1       1   2       2   8       2   9       1  14       2  16       1  17       1  19       1  23       2  24       2  25       1  26       2  33       1  36       1  40       1  41       1  46       1  47       2  48       1  49       1  50       1  54       1  56       1  57       1  72       1  73       1  81       1  83       1  88       2  90       1  91       1  96       1  98       1 104       1 107       1 113       1 120       1 121       1 124       1 129       1 132       1 185       1 191       1 192       1 193       1 194       1 195       1 203       1 210       1 212       1 225       1 226       2 233       1 239       1 240       1 245       1 246       1 247       1 254       1 255 

Per-node process memory usage (in MBs) for PID 184964 (p10-avx-n384-pi)
                           Node 0          Node 1           Total
                  --------------- --------------- ---------------
Huge                         0.00            0.00            0.00
Heap                         1.47            0.66            2.13
Stack                        0.03            0.04            0.07
Private                  68026.50        77139.98       145166.48
----------------  --------------- --------------- ---------------
Total                    68028.00        77140.68       145168.68
utc=2026-09-12T20:39:17Z VmHWM:=148652728kB VmRSS:=148652728kB VmSwap:=0kB Threads:=71 
MemAvailable_kib=94840228
      2   0       1   1       1   2       2   8       2   9       1  14       2  16       1  17       1  19       1  23       2  24       2  25       1  26       2  33       1  36       1  40       1  41       1  46       1  47       2  48       1  49       1  50       1  54       1  56       1  57       1  72       1  73       1  81       1  83       1  88       2  90       1  91       1  96       1  98       1 104       1 107       1 113       1 120       1 121       1 124       1 129       1 132       1 185       1 191       1 192       1 193       1 194       1 195       1 203       1 210       1 212       1 225       1 226       2 233       1 239       1 240       1 245       1 246       1 247       1 254       1 255 

Per-node process memory usage (in MBs) for PID 184964 (p10-avx-n384-pi)
                           Node 0          Node 1           Total
                  --------------- --------------- ---------------
Huge                         0.00            0.00            0.00
Heap                         1.47            0.66            2.13
Stack                        0.03            0.04            0.07
Private                  68026.50        77139.98       145166.48
----------------  --------------- --------------- ---------------
Total                    68028.00        77140.68       145168.68
utc=2026-09-12T20:39:48Z VmHWM:=148652728kB VmRSS:=148652728kB VmSwap:=0kB Threads:=71 
MemAvailable_kib=94844224
      1   0       1   1       2   2       2   8       2   9       1  14       2  16       1  17       1  19       1  23       2  24       2  25       1  26       2  33       1  36       1  40       1  41       1  46       1  47       2  48       1  49       1  50       1  54       1  56       1  57       1  72       1  73       1  81       1  83       1  88       2  90       1  91       1  96       1  98       1 104       1 107       1 113       1 120       1 121       1 124       1 129       1 132       1 185       1 191       1 192       1 193       1 194       1 195       1 203       1 210       1 212       1 225       1 226       2 233       1 239       1 240       1 245       1 246       1 247       1 254       1 255 

Per-node process memory usage (in MBs) for PID 184964 (p10-avx-n384-pi)
                           Node 0          Node 1           Total
                  --------------- --------------- ---------------
Huge                         0.00            0.00            0.00
Heap                         1.47            0.66            2.13
Stack                        0.03            0.04            0.07
Private                  68026.50        77139.98       145166.48
----------------  --------------- --------------- ---------------
Total                    68028.00        77140.68       145168.68
utc=2026-09-12T20:40:19Z VmHWM:=148652728kB VmRSS:=148652728kB VmSwap:=0kB Threads:=71 
MemAvailable_kib=94850840
      1   0       1   1       1   2       2   8       2   9       1  14       2  16       1  17       1  19       2  24       1  25       1  26       1  33       1  36       1  40       1  41       1  46       1  47       2  48       1  49       1  50       1  54       1  56       1  57       1  72       1  73       1  83       1  88       2  90       1  91       1  96       1  98       1 104       1 107       1 113       1 120       1 121       1 124       1 129       1 130       1 132       1 151       1 153       1 161       1 185       1 191       1 192       1 193       1 194       1 195       1 203       1 209       1 210       1 212       1 225       1 226       2 233       1 239       1 240       1 245       1 246       1 247       1 254       1 255 

Per-node process memory usage (in MBs) for PID 184964 (p10-avx-n384-pi)
                           Node 0          Node 1           Total
                  --------------- --------------- ---------------
Huge                         0.00            0.00            0.00
Heap                         1.47            0.66            2.13
Stack                        0.03            0.04            0.07
Private                  68026.50        77139.98       145166.48
----------------  --------------- --------------- ---------------
Total                    68028.00        77140.68       145168.68
utc=2026-09-12T20:40:50Z VmHWM:=148652728kB VmRSS:=148652728kB VmSwap:=0kB Threads:=71 
MemAvailable_kib=94842828
      1   0       1   1       2   2       2   8       2   9       1  14       2  16       1  17       1  19       2  24       1  25       1  26       1  33       1  40       1  41       1  46       1  47       1  48       1  49       1  50       1  54       1  56       2  57       1  80       1  81       1  83       1  88       2  90       1  91       1  96       1  98       1 107       1 113       1 120       1 121       1 124       1 129       1 132       1 151       1 153       1 161       1 164       1 176       1 191       1 192       1 193       1 194       1 195       1 200       1 201       1 203       1 210       1 225       1 226       1 232       2 233       1 239       1 240       1 245       1 246       1 247       1 254       1 255 

Per-node process memory usage (in MBs) for PID 184964 (p10-avx-n384-pi)
                           Node 0          Node 1           Total
                  --------------- --------------- ---------------
Huge                         0.00            0.00            0.00
Heap                         1.47            0.66            2.13
Stack                        0.03            0.04            0.07
Private                  68026.50        77139.98       145166.48
----------------  --------------- --------------- ---------------
Total                    68028.00        77140.68       145168.68
utc=2026-09-12T20:41:21Z VmHWM:=148652728kB VmRSS:=148652728kB VmSwap:=0kB Threads:=71 
MemAvailable_kib=94838220
      1   0       1   1       1   2       2   8       1   9       1  14       2  16       1  17       1  19       2  24       1  25       1  26       1  33       1  40       1  41       1  46       1  47       1  48       1  49       1  50       1  54       1  56       2  57       1  80       1  81       1  83       1  88       2  90       1  91       1  96       1  98       1 107       1 113       1 120       1 121       1 124       1 129       1 130       1 132       1 137       1 151       1 153       1 161       1 164       1 176       1 191       1 192       1 193       1 194       1 195       1 200       1 201       1 203       1 210       1 225       1 226       1 232       2 233       1 239       1 240       1 245       1 246       1 247       1 254       1 255 

Per-node process memory usage (in MBs) for PID 184964 (p10-avx-n384-pi)
                           Node 0          Node 1           Total
                  --------------- --------------- ---------------
Huge                         0.00            0.00            0.00
Heap                         1.47            0.66            2.13
Stack                        0.03            0.04            0.07
Private                  68026.50        77139.98       145166.48
----------------  --------------- --------------- ---------------
Total                    68028.00        77140.68       145168.68
utc=2026-09-12T20:41:52Z VmHWM:=148652728kB VmRSS:=148652728kB VmSwap:=0kB Threads:=71 
MemAvailable_kib=94839904
      1   0       1   1       1   2       2   8       2   9       1  14       2  16       1  17       1  19       2  24       1  25       1  26       1  33       1  40       1  41       1  46       1  47       1  48       1  49       1  50       1  54       1  56       2  57       1  80       1  81       1  83       1  88       2  90       1  91       1  96       1  98       1 107       1 113       1 120       1 121       1 124       1 129       1 130       1 132       1 151       1 153       1 161       1 164       1 176       1 191       1 192       1 193       1 194       1 195       1 200       1 201       1 203       1 210       1 225       1 226       1 232       2 233       1 239       1 240       1 245       1 246       1 247       1 254       1 255 

Per-node process memory usage (in MBs) for PID 184964 (p10-avx-n384-pi)
                           Node 0          Node 1           Total
                  --------------- --------------- ---------------
Huge                         0.00            0.00            0.00
Heap                         1.47            0.66            2.13
Stack                        0.03            0.04            0.07
Private                  68026.50        77139.98       145166.48
----------------  --------------- --------------- ---------------
Total                    68028.00        77140.68       145168.68
utc=2026-09-12T20:42:23Z VmHWM:=148652728kB VmRSS:=148652728kB VmSwap:=0kB Threads:=71 
MemAvailable_kib=94828144
      1   0       1   1       1   2       2   8       1   9       1  14       2  16       1  17       1  19       2  24       1  25       1  26       1  33       1  40       1  41       1  46       1  47       1  48       1  49       1  50       1  54       1  56       1  57       1  80       1  81       1  83       1  88       2  90       1  91       1  96       1  98       1 107       1 113       1 120       1 121       1 124       1 129       1 130       1 132       1 137       1 151       1 153       1 161       1 164       1 176       1 185       1 191       1 192       1 193       1 194       1 195       1 200       1 201       1 203       1 210       1 225       1 226       1 232       2 233       1 239       1 240       1 245       1 246       1 247       1 254       1 255 

Per-node process memory usage (in MBs) for PID 184964 (p10-avx-n384-pi)
                           Node 0          Node 1           Total
                  --------------- --------------- ---------------
Huge                         0.00            0.00            0.00
Heap                         1.46            0.66            2.13
Stack                        0.03            0.04            0.07
Private                  67912.41        77254.06       145166.48
----------------  --------------- --------------- ---------------
Total                    67913.91        77254.77       145168.68
utc=2026-09-12T20:42:54Z VmHWM:=148652728kB VmRSS:=148652728kB VmSwap:=0kB Threads:=71 
MemAvailable_kib=94820536
      1   0       1   1       1   2       2   8       2   9       1  14       2  16       1  17       1  19       2  24       1  25       1  26       1  33       1  40       1  41       1  46       1  47       1  48       1  49       1  50       1  54       1  56       1  57       1  80       1  81       1  83       1  88       2  90       1  91       1  96       1  98       1 107       1 113       1 120       1 121       1 124       1 129       1 130       1 132       1 151       1 153       1 161       1 164       1 176       1 185       1 191       1 192       1 193       1 194       1 195       1 200       1 201       1 203       1 210       1 225       1 226       1 232       2 233       1 239       1 240       1 245       1 246       1 247       1 254       1 255 

Per-node process memory usage (in MBs) for PID 184964 (p10-avx-n384-pi)
                           Node 0          Node 1           Total
                  --------------- --------------- ---------------
Huge                         0.00            0.00            0.00
Heap                         1.46            0.66            2.13
Stack                        0.03            0.04            0.07
Private                  67913.47        77253.01       145166.48
----------------  --------------- --------------- ---------------
Total                    67914.96        77253.71       145168.68
utc=2026-09-12T20:43:25Z VmHWM:=148652728kB VmRSS:=148652728kB VmSwap:=0kB Threads:=71 
MemAvailable_kib=94837304
      1   0       1   1       1   2       2   8       1   9       1  14       2  16       1  17       1  19       2  24       1  25       1  26       1  33       1  40       1  41       1  46       1  47       1  48       1  49       1  50       1  54       1  56       1  57       1  80       1  81       1  83       1  88       2  90       1  91       1  96       1  98       1 107       1 113       1 120       1 121       1 124       1 129       1 130       1 132       1 137       1 151       1 153       1 161       1 164       1 176       1 185       1 191       1 192       1 193       1 194       1 195       1 200       1 201       1 203       1 210       1 225       1 226       1 232       2 233       1 239       1 240       1 245       1 246       1 247       1 254       1 255 

Per-node process memory usage (in MBs) for PID 184964 (p10-avx-n384-pi)
                           Node 0          Node 1           Total
                  --------------- --------------- ---------------
Huge                         0.00            0.00            0.00
Heap                         1.46            0.66            2.13
Stack                        0.03            0.04            0.07
Private                  67915.96        77250.51       145166.48
----------------  --------------- --------------- ---------------
Total                    67917.46        77251.21       145168.68
utc=2026-09-12T20:43:56Z VmHWM:=148652728kB VmRSS:=148652728kB VmSwap:=0kB Threads:=71 
MemAvailable_kib=94825044
      1   0       1   1       1   2       2   8       1   9       1  14       2  16       1  17       1  19       1  23       2  24       1  25       1  26       1  33       1  40       1  41       1  46       1  47       1  48       1  49       1  50       1  54       1  56       2  57       1  80       1  81       1  83       1  88       2  90       1  91       1  96       1  98       1 107       1 113       1 120       1 121       1 124       1 129       1 130       1 132       1 137       1 153       1 161       1 164       1 176       1 191       1 192       1 193       1 194       1 195       1 200       1 201       1 203       1 210       1 225       1 226       1 232       2 233       1 239       1 240       1 245       1 246       1 247       1 254       1 255 

Per-node process memory usage (in MBs) for PID 184964 (p10-avx-n384-pi)
                           Node 0          Node 1           Total
                  --------------- --------------- ---------------
Huge                         0.00            0.00            0.00
Heap                         1.46            0.66            2.13
Stack                        0.03            0.04            0.07
Private                  67917.86        77248.61       145166.48
----------------  --------------- --------------- ---------------
Total                    67919.36        77249.32       145168.68
utc=2026-09-12T20:44:27Z VmHWM:=148652728kB VmRSS:=148652728kB VmSwap:=0kB Threads:=71 
MemAvailable_kib=94841744
      1   0       1   1       1   2       2   8       1   9       1  14       2  16       1  17       1  19       1  23       2  24       1  25       1  26       1  33       1  40       1  41       1  46       1  47       1  48       1  49       1  50       1  54       1  56       2  57       1  65       1  80       1  81       1  83       1  88       2  90       1  91       1  96       1  98       1 107       1 113       1 120       1 121       1 124       1 129       1 130       1 132       1 137       1 153       1 161       1 164       1 176       1 191       1 192       1 194       1 195       1 200       1 201       1 203       1 210       1 225       1 226       1 232       2 233       1 239       1 240       1 245       1 246       1 247       1 254       1 255 

Per-node process memory usage (in MBs) for PID 184964 (p10-avx-n384-pi)
                           Node 0          Node 1           Total
                  --------------- --------------- ---------------
Huge                         0.00            0.00            0.00
Heap                         1.46            0.66            2.13
Stack                        0.03            0.04            0.07
Private                  67917.86        77248.61       145166.48
----------------  --------------- --------------- ---------------
Total                    67919.36        77249.32       145168.68
utc=2026-09-12T20:44:58Z VmHWM:=148652728kB VmRSS:=148652728kB VmSwap:=0kB Threads:=71 
MemAvailable_kib=94850260
      1   0       1   1       2   2       2   8       2   9       1  14       2  16       1  17       1  19       1  23       2  24       1  25       1  26       1  33       1  40       1  41       1  46       1  47       1  48       1  49       1  50       1  54       1  56       2  57       1  65       1  80       1  81       1  83       1  88       2  90       1  91       1  96       1  98       1 107       1 113       1 120       1 121       1 124       1 129       1 132       1 153       1 161       1 164       1 176       1 191       1 192       1 194       1 195       1 200       1 201       1 203       1 210       1 225       1 226       1 232       2 233       1 239       1 240       1 245       1 246       1 247       1 254       1 255 

Per-node process memory usage (in MBs) for PID 184964 (p10-avx-n384-pi)
                           Node 0          Node 1           Total
                  --------------- --------------- ---------------
Huge                         0.00            0.00            0.00
Heap                         1.46            0.66            2.13
Stack                        0.03            0.04            0.07
Private                  67917.86        77248.61       145166.48
----------------  --------------- --------------- ---------------
Total                    67919.36        77249.32       145168.68
utc=2026-09-12T20:45:29Z VmHWM:=148652728kB VmRSS:=148652728kB VmSwap:=0kB Threads:=71 
MemAvailable_kib=94801980
      1   0       2   1       1   2       2   8       1   9       1  14       2  16       1  17       1  19       1  23       2  24       1  25       1  26       1  33       1  40       1  41       1  46       1  47       1  48       1  49       1  54       1  56       2  57       1  65       1  80       1  81       1  83       1  88       2  90       1  91       1  96       1  98       1 107       1 113       1 120       1 121       1 124       1 130       1 132       1 137       1 153       1 161       1 164       1 176       1 178       1 191       1 192       1 194       1 195       1 200       1 201       1 203       1 210       1 225       1 226       1 232       2 233       1 239       1 240       1 245       1 246       1 247       1 254       1 255 

Per-node process memory usage (in MBs) for PID 184964 (p10-avx-n384-pi)
                           Node 0          Node 1           Total
                  --------------- --------------- ---------------
Huge                         0.00            0.00            0.00
Heap                         1.46            0.66            2.13
Stack                        0.03            0.04            0.07
Private                  67917.86        77248.61       145166.48
----------------  --------------- --------------- ---------------
Total                    67919.36        77249.32       145168.68
utc=2026-09-12T20:46:00Z VmHWM:=148652728kB VmRSS:=148652728kB VmSwap:=0kB Threads:=71 
MemAvailable_kib=94829656
      1   0       2   1       1   2       2   8       1   9       1  14       2  16       1  17       1  19       1  23       2  24       1  25       1  26       2  33       1  40       1  41       1  46       1  47       2  48       1  49       1  54       1  56       2  57       1  73       1  80       1  81       1  83       1  88       2  90       1  91       1  96       1  98       1 107       1 113       1 120       1 121       1 124       1 130       1 132       1 153       1 164       1 176       1 178       1 191       1 192       1 193       1 194       1 195       1 200       1 203       1 210       1 225       1 226       1 232       2 233       1 239       1 240       1 245       1 246       1 247       1 254       1 255 

Per-node process memory usage (in MBs) for PID 184964 (p10-avx-n384-pi)
                           Node 0          Node 1           Total
                  --------------- --------------- ---------------
Huge                         0.00            0.00            0.00
Heap                         1.46            0.66            2.13
Stack                        0.03            0.04            0.07
Private                  67509.59        77656.89       145166.48
----------------  --------------- --------------- ---------------
Total                    67511.09        77657.59       145168.68
utc=2026-09-12T20:46:31Z VmHWM:=148652728kB VmRSS:=148652728kB VmSwap:=0kB Threads:=71 
MemAvailable_kib=94816804
      1   0       2   1       2   2       2   8       1   9       1  14       2  16       1  17       1  19       1  23       2  24       1  25       1  26       2  33       1  40       1  41       1  46       1  47       2  48       1  49       1  54       1  56       2  57       1  73       1  80       1  81       1  83       1  88       2  90       1  91       1  96       1  98       1 107       1 113       1 120       1 121       1 124       1 132       1 153       1 164       1 176       1 178       1 191       1 192       1 193       1 194       1 195       1 200       1 203       1 210       1 225       1 226       1 232       2 233       1 239       1 240       1 245       1 246       1 247       1 254       1 255 

Per-node process memory usage (in MBs) for PID 184964 (p10-avx-n384-pi)
                           Node 0          Node 1           Total
                  --------------- --------------- ---------------
Huge                         0.00            0.00            0.00
Heap                         1.46            0.66            2.13
Stack                        0.03            0.04            0.07
Private                  67784.35        77382.12       145166.48
----------------  --------------- --------------- ---------------
Total                    67785.85        77382.83       145168.68
utc=2026-09-12T20:47:02Z VmHWM:=148652728kB VmRSS:=148652728kB VmSwap:=0kB Threads:=71 
MemAvailable_kib=94820944
      1   0       2   1       1   2       2   8       1   9       1  14       2  16       1  17       1  19       1  23       2  24       1  25       1  26       2  33       1  40       1  41       1  46       1  47       2  48       1  49       1  54       1  56       2  57       1  73       1  80       1  81       1  83       1  88       2  90       1  91       1  96       1  98       1 107       1 113       1 120       1 121       1 124       1 130       1 132       1 153       1 164       1 176       1 178       1 191       1 192       1 193       1 194       1 195       1 200       1 203       1 210       1 225       1 226       1 232       2 233       1 239       1 240       1 245       1 246       1 247       1 254       1 255 

Per-node process memory usage (in MBs) for PID 184964 (p10-avx-n384-pi)
                           Node 0          Node 1           Total
                  --------------- --------------- ---------------
Huge                         0.00            0.00            0.00
Heap                         1.46            0.66            2.13
Stack                        0.03            0.04            0.07
Private                  67787.21        77379.27       145166.48
----------------  --------------- --------------- ---------------
Total                    67788.71        77379.97       145168.68
utc=2026-09-12T20:47:33Z VmHWM:=148652728kB VmRSS:=148652728kB VmSwap:=0kB Threads:=71 
MemAvailable_kib=94822276
      1   0       2   1       1   2       2   8       1   9       1  14       2  16       1  17       1  19       1  23       2  24       1  25       1  26       2  33       1  40       1  41       1  46       1  47       2  48       1  49       1  54       1  56       2  57       1  73       1  80       1  81       1  83       1  88       2  90       1  91       1  96       1  98       1 107       1 113       1 120       1 121       1 124       1 130       1 132       1 153       1 164       1 176       1 178       1 191       1 192       1 193       1 194       1 195       1 200       1 203       1 210       1 225       1 226       1 232       2 233       1 239       1 240       1 245       1 246       1 247       1 254       1 255 

Per-node process memory usage (in MBs) for PID 184964 (p10-avx-n384-pi)
                           Node 0          Node 1           Total
                  --------------- --------------- ---------------
Huge                         0.00            0.00            0.00
Heap                         1.46            0.66            2.13
Stack                        0.03            0.04            0.07
Private                  67787.21        77379.27       145166.48
----------------  --------------- --------------- ---------------
Total                    67788.71        77379.97       145168.68
utc=2026-09-12T20:48:04Z VmHWM:=148652728kB VmRSS:=148652728kB VmSwap:=0kB Threads:=71 
MemAvailable_kib=94840560
      1   0       2   1       2   2       2   8       1   9       1  14       2  16       1  17       1  19       1  23       2  24       1  25       1  26       2  33       1  40       1  41       1  46       1  47       1  48       1  49       1  54       1  56       1  57       1  73       1  80       1  81       1  83       1  88       2  90       1  91       1  96       1  98       1 107       1 110       1 113       1 120       1 121       1 124       1 132       1 153       1 164       1 176       1 177       1 178       1 185       1 191       1 192       1 193       1 194       1 195       1 200       1 203       1 210       1 225       1 226       2 233       1 239       1 240       1 245       1 246       1 247       1 254       1 255 

Per-node process memory usage (in MBs) for PID 184964 (p10-avx-n384-pi)
                           Node 0          Node 1           Total
                  --------------- --------------- ---------------
Huge                         0.00            0.00            0.00
Heap                         1.46            0.66            2.13
Stack                        0.03            0.04            0.07
Private                  67787.21        77379.27       145166.48
----------------  --------------- --------------- ---------------
Total                    67788.71        77379.97       145168.68
utc=2026-09-12T20:48:35Z VmHWM:=148652728kB VmRSS:=148652728kB VmSwap:=0kB Threads:=71 
MemAvailable_kib=94822356
      1   0       2   1       1   2       3   8       2   9       1  14       2  16       1  17       1  19       1  23       2  24       1  25       1  26       2  33       1  40       1  41       1  46       1  47       1  48       1  49       1  54       1  56       1  57       1  73       1  80       1  81       1  83       1  88       2  90       1  91       1  96       1  98       1 107       1 110       1 113       1 120       1 121       1 124       1 132       1 153       1 164       1 177       1 178       1 185       1 191       1 192       1 193       1 194       1 195       1 200       1 203       1 210       1 225       1 226       2 233       1 239       1 240       1 245       1 246       1 247       1 254       1 255 

Per-node process memory usage (in MBs) for PID 184964 (p10-avx-n384-pi)
                           Node 0          Node 1           Total
                  --------------- --------------- ---------------
Huge                         0.00            0.00            0.00
Heap                         1.46            0.66            2.13
Stack                        0.03            0.04            0.07
Private                  67791.66        77374.82       145166.48
----------------  --------------- --------------- ---------------
Total                    67793.15        77375.52       145168.68
utc=2026-09-12T20:49:06Z VmHWM:=148652728kB VmRSS:=148652728kB VmSwap:=0kB Threads:=71 
MemAvailable_kib=94807944
      1   0       2   1       1   2       3   8       2   9       1  14       2  16       1  17       1  19       1  23       2  24       1  25       1  26       2  33       1  40       1  41       1  46       1  47       1  48       1  49       1  54       1  56       1  57       1  73       1  80       1  81       1  83       1  88       2  90       1  91       1  96       1  98       1 107       1 110       1 113       1 120       1 121       1 124       1 132       1 153       1 164       1 177       1 178       1 185       1 191       1 192       1 193       1 194       1 195       1 200       1 203       1 210       1 225       1 226       2 233       1 239       1 240       1 245       1 246       1 247       1 254       1 255 

Per-node process memory usage (in MBs) for PID 184964 (p10-avx-n384-pi)
                           Node 0          Node 1           Total
                  --------------- --------------- ---------------
Huge                         0.00            0.00            0.00
Heap                         1.46            0.66            2.13
Stack                        0.03            0.04            0.07
Private                  67792.38        77374.10       145166.48
----------------  --------------- --------------- ---------------
Total                    67793.88        77374.80       145168.68
utc=2026-09-12T20:49:37Z VmHWM:=148652728kB VmRSS:=148652728kB VmSwap:=0kB Threads:=71 
MemAvailable_kib=94821648
      1   0       2   1       1   2       1   4       2   8       3   9       1  14       2  16       1  17       1  19       2  24       1  25       1  26       2  33       1  40       1  41       1  46       1  47       1  48       1  49       1  54       1  56       2  57       1  73       1  80       1  81       1  83       1  88       2  90       1  91       1  96       1  98       1 107       1 110       1 113       1 120       1 121       1 124       1 151       1 153       1 164       1 177       1 178       1 191       1 192       1 193       1 194       1 195       1 200       1 203       1 210       1 225       1 226       2 233       1 239       1 240       1 245       1 246       1 247       1 254       1 255 

Per-node process memory usage (in MBs) for PID 184964 (p10-avx-n384-pi)
                           Node 0          Node 1           Total
                  --------------- --------------- ---------------
Huge                         0.00            0.00            0.00
Heap                         1.46            0.66            2.13
Stack                        0.03            0.04            0.07
Private                  67792.38        77374.10       145166.48
----------------  --------------- --------------- ---------------
Total                    67793.88        77374.80       145168.68
utc=2026-09-12T20:50:08Z VmHWM:=148652728kB VmRSS:=148652728kB VmSwap:=0kB Threads:=71 
MemAvailable_kib=94828652
      1   0       2   1       1   2       1   4       2   8       3   9       1  14       2  16       1  17       1  19       2  24       1  25       1  26       2  33       1  40       1  41       1  46       1  47       1  48       1  49       1  54       1  56       1  57       1  65       1  73       1  80       1  81       1  83       1  88       2  90       1  91       1  96       1  98       1 107       1 110       1 113       1 120       1 121       1 124       1 151       1 153       1 164       1 177       1 178       1 185       1 191       1 192       1 194       1 195       1 200       1 203       1 210       1 225       1 226       2 233       1 239       1 240       1 245       1 246       1 247       1 254       1 255 

Per-node process memory usage (in MBs) for PID 184964 (p10-avx-n384-pi)
                           Node 0          Node 1           Total
                  --------------- --------------- ---------------
Huge                         0.00            0.00            0.00
Heap                         1.46            0.66            2.13
Stack                        0.03            0.04            0.07
Private                  67792.38        77374.10       145166.48
----------------  --------------- --------------- ---------------
Total                    67793.88        77374.80       145168.68
utc=2026-09-12T20:50:39Z VmHWM:=148652728kB VmRSS:=148652728kB VmSwap:=0kB Threads:=71 
MemAvailable_kib=94819660
      1   0       2   1       1   2       1   4       2   8       3   9       1  14       2  16       1  17       1  19       2  24       1  25       1  26       1  33       1  40       1  41       1  46       1  47       1  48       1  49       1  54       1  56       1  57       1  65       1  73       1  80       1  81       1  83       1  88       2  90       1  91       1  96       1  98       1 107       1 110       1 113       1 120       1 121       1 124       1 151       1 153       1 161       1 164       1 177       1 178       1 185       1 191       1 192       1 194       1 195       1 200       1 203       1 210       1 225       1 226       2 233       1 239       1 240       1 245       1 246       1 247       1 254       1 255 

Per-node process memory usage (in MBs) for PID 184964 (p10-avx-n384-pi)
                           Node 0          Node 1           Total
                  --------------- --------------- ---------------
Huge                         0.00            0.00            0.00
Heap                         1.46            0.66            2.13
Stack                        0.03            0.04            0.07
Private                  67792.38        77374.10       145166.48
----------------  --------------- --------------- ---------------
Total                    67793.88        77374.80       145168.68
utc=2026-09-12T20:51:10Z VmHWM:=148652728kB VmRSS:=148652728kB VmSwap:=0kB Threads:=71 
MemAvailable_kib=94820700
      1   0       2   1       1   2       1   4       1   8       3   9       1  14       1  16       1  17       1  19       2  24       1  25       1  26       1  33       1  40       1  41       1  46       1  47       1  48       1  49       1  54       1  56       1  57       1  65       1  73       1  80       1  81       1  83       1  88       2  90       1  91       1  96       1  98       1 107       1 110       1 113       1 120       1 121       1 124       1 136       1 144       1 151       1 153       1 161       1 164       1 177       1 178       1 185       1 191       1 192       1 194       1 195       1 200       1 203       1 210       1 225       1 226       2 233       1 239       1 240       1 245       1 246       1 247       1 254       1 255 

Per-node process memory usage (in MBs) for PID 184964 (p10-avx-n384-pi)
                           Node 0          Node 1           Total
                  --------------- --------------- ---------------
Huge                         0.00            0.00            0.00
Heap                         1.46            0.66            2.13
Stack                        0.03            0.04            0.07
Private                  67792.38        77374.10       145166.48
----------------  --------------- --------------- ---------------
Total                    67793.88        77374.80       145168.68
utc=2026-09-12T20:51:41Z VmHWM:=148652728kB VmRSS:=148652728kB VmSwap:=0kB Threads:=71 
MemAvailable_kib=94827760
      1   0       2   1       1   2       1   4       2   8       3   9       1  14       2  16       1  17       1  19       1  23       2  24       1  25       1  26       1  33       1  40       1  41       1  46       1  47       1  48       1  49       1  54       1  56       2  57       1  65       1  73       1  80       1  81       1  83       1  88       2  90       1  91       1  96       1  98       1 107       1 110       1 113       1 120       1 121       1 124       1 153       1 161       1 164       1 177       1 178       1 191       1 192       1 194       1 195       1 200       1 203       1 210       1 225       1 226       2 233       1 239       1 240       1 245       1 246       1 247       1 254       1 255 

Per-node process memory usage (in MBs) for PID 184964 (p10-avx-n384-pi)
                           Node 0          Node 1           Total
                  --------------- --------------- ---------------
Huge                         0.00            0.00            0.00
Heap                         1.43            0.70            2.13
Stack                        0.03            0.04            0.07
Private                  67792.38        77374.10       145166.48
----------------  --------------- --------------- ---------------
Total                    67793.84        77374.84       145168.68
utc=2026-09-12T20:52:12Z VmHWM:=148652728kB VmRSS:=148652728kB VmSwap:=0kB Threads:=71 
MemAvailable_kib=94834808
      1   0       2   1       1   2       1   4       2   8       2   9       1  14       2  16       1  17       1  19       1  23       2  24       1  25       1  26       1  33       1  40       1  41       1  46       1  47       1  48       1  49       1  54       1  56       2  57       1  65       1  73       1  80       1  81       1  83       1  88       2  90       1  91       1  96       1  98       1 107       1 110       1 113       1 120       1 121       1 124       1 137       1 153       1 161       1 164       1 177       1 178       1 191       1 192       1 194       1 195       1 200       1 203       1 210       1 225       1 226       2 233       1 239       1 240       1 245       1 246       1 247       1 254       1 255 

Per-node process memory usage (in MBs) for PID 184964 (p10-avx-n384-pi)
                           Node 0          Node 1           Total
                  --------------- --------------- ---------------
Huge                         0.00            0.00            0.00
Heap                         1.43            0.70            2.13
Stack                        0.03            0.04            0.07
Private                  67792.38        77374.10       145166.48
----------------  --------------- --------------- ---------------
Total                    67793.84        77374.84       145168.68
utc=2026-09-12T20:52:43Z VmHWM:=148652728kB VmRSS:=148652728kB VmSwap:=0kB Threads:=71 
MemAvailable_kib=94836828
      1   0       2   1       1   2       1   4       2   8       3   9       1  14       2  16       1  17       1  19       1  23       2  24       1  25       1  26       1  33       1  40       1  41       1  46       1  47       1  48       1  49       1  54       1  56       2  57       1  65       1  73       1  80       1  81       1  83       1  88       2  90       1  91       1  96       1  98       1 107       1 110       1 113       1 120       1 121       1 124       1 153       1 161       1 164       1 177       1 178       1 191       1 192       1 194       1 195       1 200       1 203       1 210       1 225       1 226       2 233       1 239       1 240       1 245       1 246       1 247       1 254       1 255 

Per-node process memory usage (in MBs) for PID 184964 (p10-avx-n384-pi)
                           Node 0          Node 1           Total
                  --------------- --------------- ---------------
Huge                         0.00            0.00            0.00
Heap                         1.43            0.70            2.13
Stack                        0.03            0.04            0.07
Private                  67792.38        77374.10       145166.48
----------------  --------------- --------------- ---------------
Total                    67793.84        77374.84       145168.68
utc=2026-09-12T20:53:14Z VmHWM:=148652728kB VmRSS:=148652728kB VmSwap:=0kB Threads:=71 
MemAvailable_kib=94840684
      1   0       2   1       1   2       1   4       1   8       2   9       1  14       2  16       1  17       1  19       1  23       2  24       1  25       1  26       1  33       1  40       1  41       1  46       1  47       1  48       1  49       1  54       1  56       1  57       1  64       1  65       1  73       1  80       1  81       1  83       1  88       2  90       1  91       1  96       1  98       1 107       1 110       1 113       1 120       1 121       1 124       1 136       1 153       1 161       1 164       1 177       1 178       1 185       1 191       1 192       1 194       1 195       1 200       1 203       1 210       1 225       1 226       2 233       1 239       1 240       1 245       1 246       1 247       1 254       1 255 

Per-node process memory usage (in MBs) for PID 184964 (p10-avx-n384-pi)
                           Node 0          Node 1           Total
                  --------------- --------------- ---------------
Huge                         0.00            0.00            0.00
Heap                         1.43            0.70            2.13
Stack                        0.03            0.04            0.07
Private                  67751.85        77414.63       145166.48
----------------  --------------- --------------- ---------------
Total                    67753.30        77415.37       145168.68
utc=2026-09-12T20:53:45Z VmHWM:=148652728kB VmRSS:=148652728kB VmSwap:=0kB Threads:=71 
MemAvailable_kib=94822728
      1   0       2   1       1   2       1   4       2   8       2   9       1  14       2  16       1  17       1  19       1  23       2  24       1  25       1  26       1  33       1  40       1  41       1  46       1  47       1  48       1  49       1  54       1  56       1  57       1  65       1  73       1  80       1  81       1  83       1  88       2  90       1  91       1  96       1  98       1 107       1 110       1 113       1 120       1 121       1 124       1 153       1 161       1 164       1 177       1 178       1 185       1 191       2 192       1 194       1 195       1 200       1 203       1 210       1 225       1 226       2 233       1 239       1 240       1 245       1 246       1 247       1 254       1 255 

Per-node process memory usage (in MBs) for PID 184964 (p10-avx-n384-pi)
                           Node 0          Node 1           Total
                  --------------- --------------- ---------------
Huge                         0.00            0.00            0.00
Heap                         1.40            0.73            2.13
Stack                        0.03            0.04            0.07
Private                  67783.67        77382.80       145166.48
----------------  --------------- --------------- ---------------
Total                    67785.10        77383.57       145168.68
utc=2026-09-12T20:54:16Z VmHWM:=148652728kB VmRSS:=148652728kB VmSwap:=0kB Threads:=71 
MemAvailable_kib=94822680
      1   0       2   1       1   2       1   4       2   8       3   9       1  14       1  16       1  17       1  19       1  23       2  24       1  25       1  26       1  33       1  40       1  41       1  46       1  47       1  48       1  49       1  54       1  56       1  57       1  64       1  65       1  73       1  80       1  81       1  83       1  88       2  90       1  91       1  96       1  98       1 107       1 110       1 113       1 120       1 121       1 124       1 153       1 161       1 164       1 177       1 178       1 185       1 191       1 192       1 194       1 195       1 200       1 203       1 210       1 225       1 226       2 233       1 239       1 240       1 245       1 246       1 247       1 254       1 255 

Per-node process memory usage (in MBs) for PID 184964 (p10-avx-n384-pi)
                           Node 0          Node 1           Total
                  --------------- --------------- ---------------
Huge                         0.00            0.00            0.00
Heap                         1.40            0.73            2.13
Stack                        0.03            0.04            0.07
Private                  67783.67        77382.80       145166.48
----------------  --------------- --------------- ---------------
Total                    67785.10        77383.57       145168.68
utc=2026-09-12T20:54:47Z VmHWM:=148652728kB VmRSS:=148652728kB VmSwap:=0kB Threads:=71 
MemAvailable_kib=94836672
      1   0       1   1       1   2       1   4       1   8       2   9       1  14       1  16       1  17       1  19       1  23       2  24       1  25       1  26       2  33       1  40       1  41       1  46       1  47       1  48       1  49       1  54       1  56       2  57       1  64       1  73       1  80       1  81       1  83       1  88       2  90       1  91       1  96       1  98       1 107       1 110       1 113       1 120       1 121       1 124       1 128       1 137       1 153       1 160       1 164       1 177       1 178       1 191       2 192       1 194       1 195       1 200       1 203       1 210       1 225       1 226       2 233       1 239       1 240       1 245       1 246       1 247       1 254       1 255 

Per-node process memory usage (in MBs) for PID 184964 (p10-avx-n384-pi)
                           Node 0          Node 1           Total
                  --------------- --------------- ---------------
Huge                         0.00            0.00            0.00
Heap                         1.39            0.74            2.13
Stack                        0.03            0.04            0.07
Private                  67783.67        77382.80       145166.48
----------------  --------------- --------------- ---------------
Total                    67785.09        77383.59       145168.68
utc=2026-09-12T20:55:18Z VmHWM:=148652728kB VmRSS:=148652728kB VmSwap:=0kB Threads:=71 
MemAvailable_kib=94834716
      1   0       1   1       1   2       1   4       1   8       2   9       1  14       1  16       1  17       1  19       1  23       2  24       1  25       1  26       2  33       1  40       1  41       1  46       1  47       1  48       1  49       1  54       1  56       2  57       1  64       1  80       1  81       1  83       1  88       2  90       1  91       1  96       1  98       1 107       1 110       1 113       1 120       1 121       1 124       1 128       1 136       1 137       1 153       1 164       1 177       1 178       1 191       2 192       1 194       1 195       1 200       1 201       1 203       1 210       1 225       1 226       2 233       1 239       1 240       1 245       1 246       1 247       1 254       1 255 

Per-node process memory usage (in MBs) for PID 184964 (p10-avx-n384-pi)
                           Node 0          Node 1           Total
                  --------------- --------------- ---------------
Huge                         0.00            0.00            0.00
Heap                         1.39            0.74            2.13
Stack                        0.03            0.04            0.07
Private                  67783.67        77382.80       145166.48
----------------  --------------- --------------- ---------------
Total                    67785.09        77383.59       145168.68
utc=2026-09-12T20:55:49Z VmHWM:=148652728kB VmRSS:=148652728kB VmSwap:=0kB Threads:=71 
MemAvailable_kib=94808856
      2   0       1   1       1   2       1   4       2   8       2   9       1  14       1  16       1  17       1  19       1  23       2  24       1  25       1  26       2  33       1  40       1  41       1  46       1  47       1  48       1  49       1  54       1  56       2  57       1  64       1  80       1  81       1  83       1  88       2  90       1  91       1  96       1  98       1 107       1 110       1 113       1 120       1 121       1 124       1 137       1 153       1 164       1 177       1 178       1 191       2 192       1 194       1 195       1 200       1 201       1 203       1 210       1 225       1 226       2 233       1 239       1 240       1 245       1 246       1 247       1 254       1 255 

Per-node process memory usage (in MBs) for PID 184964 (p10-avx-n384-pi)
                           Node 0          Node 1           Total
                  --------------- --------------- ---------------
Huge                         0.00            0.00            0.00
Heap                         1.39            0.74            2.13
Stack                        0.03            0.04            0.07
Private                  66651.65        78514.82       145166.47
----------------  --------------- --------------- ---------------
Total                    66653.07        78515.61       145168.67
utc=2026-09-12T20:56:20Z VmHWM:=148652728kB VmRSS:=148652728kB VmSwap:=0kB Threads:=71 
MemAvailable_kib=94811360
      2   0       1   1       1   2       1   4       2   8       2   9       1  14       1  16       1  17       1  19       1  23       2  24       1  25       1  26       2  33       1  40       1  41       1  46       1  47       1  48       1  49       1  54       1  56       2  57       2  64       1  80       1  81       1  83       1  88       2  90       1  91       1  96       1  98       1 107       1 110       1 113       1 120       1 121       1 124       1 137       1 153       1 164       1 177       1 178       1 191       1 192       1 194       1 195       1 200       1 201       1 203       1 210       1 225       1 226       2 233       1 239       1 240       1 245       1 246       1 247       1 254       1 255 

Per-node process memory usage (in MBs) for PID 184964 (p10-avx-n384-pi)
                           Node 0          Node 1           Total
                  --------------- --------------- ---------------
Huge                         0.00            0.00            0.00
Heap                         1.38            0.75            2.13
Stack                        0.03            0.04            0.07
Private                  67658.84        77507.64       145166.48
----------------  --------------- --------------- ---------------
Total                    67660.25        77508.42       145168.68
utc=2026-09-12T20:56:51Z VmHWM:=148652728kB VmRSS:=148652728kB VmSwap:=0kB Threads:=71 
MemAvailable_kib=94818020
      2   0       1   1       1   2       1   4       2   8       2   9       1  14       1  16       1  17       1  19       1  23       2  24       1  25       1  26       2  33       1  40       1  41       1  46       1  47       1  48       1  49       1  54       1  56       2  57       2  64       1  80       1  81       1  83       1  88       2  90       1  91       1  96       1  98       1 107       1 110       1 113       1 120       1 121       1 124       1 137       1 153       1 164       1 177       1 178       1 191       1 192       1 194       1 195       1 200       1 201       1 203       1 210       1 225       1 226       2 233       1 239       1 240       1 245       1 246       1 247       1 254       1 255 

Per-node process memory usage (in MBs) for PID 184964 (p10-avx-n384-pi)
                           Node 0          Node 1           Total
                  --------------- --------------- ---------------
Huge                         0.00            0.00            0.00
Heap                         1.38            0.75            2.13
Stack                        0.03            0.04            0.07
Private                  66200.84        78965.63       145166.48
----------------  --------------- --------------- ---------------
Total                    66202.26        78966.42       145168.68
utc=2026-09-12T20:57:22Z VmHWM:=148652728kB VmRSS:=148652728kB VmSwap:=0kB Threads:=71 
MemAvailable_kib=94814276
      2   0       1   1       1   2       1   4       2   8       2   9       1  14       1  16       1  17       1  19       1  23       2  24       1  25       1  26       2  33       1  40       1  41       1  46       1  47       1  48       1  49       1  54       1  56       2  57       2  64       1  80       1  81       1  83       1  88       2  90       1  91       1  96       1  98       1 107       1 110       1 113       1 120       1 121       1 124       1 137       1 153       1 164       1 177       1 178       1 191       1 192       1 194       1 195       1 200       1 201       1 203       1 210       1 225       1 226       2 233       1 239       1 240       1 245       1 246       1 247       1 254       1 255 

Per-node process memory usage (in MBs) for PID 184964 (p10-avx-n384-pi)
                           Node 0          Node 1           Total
                  --------------- --------------- ---------------
Huge                         0.00            0.00            0.00
Heap                         1.39            0.74            2.13
Stack                        0.03            0.04            0.07
Private                  67658.64        77507.83       145166.48
----------------  --------------- --------------- ---------------
Total                    67660.06        77508.61       145168.68
utc=2026-09-12T20:57:53Z VmHWM:=148652728kB VmRSS:=148652728kB VmSwap:=0kB Threads:=71 
MemAvailable_kib=94830364
      2   0       1   1       1   2       1   4       2   8       2   9       1  14       1  16       1  17       1  19       1  23       2  24       1  25       1  26       2  33       1  40       1  41       1  46       1  47       1  48       1  49       1  54       1  56       2  57       1  64       1  80       1  81       1  83       1  88       2  90       1  91       1  96       1  98       1 107       1 110       1 113       1 120       1 121       1 124       1 137       1 153       1 164       1 177       1 178       1 191       2 192       1 194       1 195       1 200       1 201       1 203       1 210       1 225       1 226       2 233       1 239       1 240       1 245       1 246       1 247       1 254       1 255 

Per-node process memory usage (in MBs) for PID 184964 (p10-avx-n384-pi)
                           Node 0          Node 1           Total
                  --------------- --------------- ---------------
Huge                         0.00            0.00            0.00
Heap                         1.39            0.74            2.13
Stack                        0.03            0.04            0.07
Private                  67658.64        77507.83       145166.48
----------------  --------------- --------------- ---------------
Total                    67660.06        77508.61       145168.68
utc=2026-09-12T20:58:24Z VmHWM:=148652728kB VmRSS:=148652728kB VmSwap:=0kB Threads:=71 
MemAvailable_kib=94837220
      1   0       1   1       1   2       1   4       1   8       2   9       1  14       1  16       1  17       1  19       1  23       2  24       1  25       1  26       1  33       1  40       1  41       1  46       1  47       1  48       1  49       1  54       1  56       2  57       1  80       1  81       1  83       1  88       2  90       1  91       1  96       1  98       1 107       1 110       1 113       1 120       1 121       1 124       1 128       1 136       1 137       1 153       1 161       1 164       1 177       1 178       1 191       3 192       1 194       1 195       1 200       1 201       1 203       1 210       1 225       1 226       2 233       1 239       1 240       1 245       1 246       1 247       1 254       1 255 

Per-node process memory usage (in MBs) for PID 184964 (p10-avx-n384-pi)
                           Node 0          Node 1           Total
                  --------------- --------------- ---------------
Huge                         0.00            0.00            0.00
Heap                         1.41            0.71            2.13
Stack                        0.03            0.04            0.07
Private                  67661.88        77504.59       145166.48
----------------  --------------- --------------- ---------------
Total                    67663.33        77505.35       145168.68
utc=2026-09-12T20:58:55Z VmHWM:=148652728kB VmRSS:=148652728kB VmSwap:=0kB Threads:=71 
MemAvailable_kib=94841980
      1   0       1   1       1   2       1   4       2   8       3   9       1  14       1  16       1  17       1  19       1  23       2  24       1  25       1  26       1  33       1  40       1  41       1  46       1  47       1  48       1  49       1  54       1  56       2  57       1  80       1  81       1  83       1  88       2  90       1  91       1  96       1  98       1 107       1 110       1 113       1 120       1 121       1 124       1 128       1 153       1 161       1 164       1 177       1 178       1 191       3 192       1 194       1 195       1 200       1 201       1 203       1 210       1 225       1 226       2 233       1 239       1 240       1 245       1 246       1 247       1 254       1 255 

Per-node process memory usage (in MBs) for PID 184964 (p10-avx-n384-pi)
                           Node 0          Node 1           Total
                  --------------- --------------- ---------------
Huge                         0.00            0.00            0.00
Heap                         1.41            0.71            2.13
Stack                        0.03            0.04            0.07
Private                  67662.66        77503.81       145166.48
----------------  --------------- --------------- ---------------
Total                    67664.11        77504.57       145168.68
utc=2026-09-12T20:59:26Z VmHWM:=148652728kB VmRSS:=148652728kB VmSwap:=0kB Threads:=71 
MemAvailable_kib=94825444
      1   0       1   1       1   2       1   4       1   8       3   9       1  14       1  16       1  17       1  19       1  23       2  24       1  25       1  26       1  33       1  40       1  41       1  46       1  47       1  48       1  49       1  54       1  56       2  57       1  64       1  80       1  81       1  83       1  88       2  90       1  91       1  96       1  98       1 107       1 110       1 113       1 120       1 121       1 124       1 128       1 136       1 153       1 161       1 164       1 177       1 178       1 191       2 192       1 194       1 195       1 200       1 201       1 203       1 210       1 225       1 226       2 233       1 239       1 240       1 245       1 246       1 247       1 254       1 255 

Per-node process memory usage (in MBs) for PID 184964 (p10-avx-n384-pi)
                           Node 0          Node 1           Total
                  --------------- --------------- ---------------
Huge                         0.00            0.00            0.00
Heap                         1.41            0.71            2.13
Stack                        0.03            0.04            0.07
Private                  67662.66        77503.81       145166.48
----------------  --------------- --------------- ---------------
Total                    67664.11        77504.57       145168.68
utc=2026-09-12T20:59:57Z VmHWM:=148652728kB VmRSS:=148652728kB VmSwap:=0kB Threads:=71 
MemAvailable_kib=94821356
      1   0       1   1       1   2       1   4       2   8       3   9       1  14       1  16       1  17       1  19       1  23       2  24       1  25       1  26       2  33       1  40       1  41       1  46       1  47       1  48       1  49       1  54       1  56       1  57       1  64       1  80       1  81       1  83       1  88       2  90       1  91       1  96       1  98       1 107       1 110       1 113       1 120       1 121       1 124       1 128       1 153       1 164       1 177       1 178       1 185       1 191       2 192       1 194       1 195       1 200       1 201       1 203       1 210       1 225       1 226       2 233       1 239       1 240       1 245       1 246       1 247       1 254       1 255 

Per-node process memory usage (in MBs) for PID 184964 (p10-avx-n384-pi)
                           Node 0          Node 1           Total
                  --------------- --------------- ---------------
Huge                         0.00            0.00            0.00
Heap                         1.41            0.71            2.13
Stack                        0.03            0.04            0.07
Private                  67538.54        77627.94       145166.48
----------------  --------------- --------------- ---------------
Total                    67539.98        77628.69       145168.68
utc=2026-09-12T21:00:28Z VmHWM:=148652728kB VmRSS:=148652728kB VmSwap:=0kB Threads:=71 
MemAvailable_kib=94817252
      1   0       1   1       1   2       1   4       2   8       3   9       1  14       1  16       1  17       1  19       1  23       2  24       1  25       1  26       1  33       1  40       1  41       1  46       1  47       1  48       1  49       1  54       1  56       1  57       1  80       1  81       1  83       1  88       2  90       1  91       1  96       1  98       1 107       1 110       1 113       1 120       1 121       1 124       1 128       1 153       1 161       1 164       1 177       1 178       1 185       1 191       3 192       1 194       1 195       1 200       1 201       1 203       1 210       1 225       1 226       2 233       1 239       1 240       1 245       1 246       1 247       1 254       1 255 

Per-node process memory usage (in MBs) for PID 184964 (p10-avx-n384-pi)
                           Node 0          Node 1           Total
                  --------------- --------------- ---------------
Huge                         0.00            0.00            0.00
Heap                         1.41            0.71            2.13
Stack                        0.03            0.04            0.07
Private                  67538.54        77627.94       145166.48
----------------  --------------- --------------- ---------------
Total                    67539.98        77628.69       145168.68
utc=2026-09-12T21:00:59Z VmHWM:=148652728kB VmRSS:=148652728kB VmSwap:=0kB Threads:=71 
MemAvailable_kib=94825784
      1   0       1   1       1   2       1   4       2   8       3   9       1  14       1  16       1  17       1  19       1  23       2  24       1  25       1  26       1  33       1  40       1  41       1  46       1  47       1  48       1  49       1  54       1  56       1  57       1  80       1  81       1  83       1  88       2  90       1  91       1  96       1  98       1 107       1 110       1 112       1 113       1 120       1 121       1 124       1 128       1 153       1 161       1 164       1 177       1 178       1 185       1 191       3 192       1 194       1 195       1 200       1 201       1 203       1 210       1 225       1 226       2 233       1 239       1 245       1 246       1 247       1 254       1 255 

Per-node process memory usage (in MBs) for PID 184964 (p10-avx-n384-pi)
                           Node 0          Node 1           Total
                  --------------- --------------- ---------------
Huge                         0.00            0.00            0.00
Heap                         1.41            0.71            2.13
Stack                        0.03            0.04            0.07
Private                  67538.54        77627.94       145166.48
----------------  --------------- --------------- ---------------
Total                    67539.98        77628.69       145168.68
utc=2026-09-12T21:01:30Z VmHWM:=148652728kB VmRSS:=148652728kB VmSwap:=0kB Threads:=71 
MemAvailable_kib=94827868
      1   0       1   1       1   2       1   4       2   8       3   9       1  14       1  16       1  17       1  19       1  23       2  24       1  25       1  26       1  33       1  40       1  41       1  47       1  48       1  49       1  54       1  56       1  57       1  80       1  81       1  83       1  88       2  90       1  91       1  96       1  98       1 107       1 110       1 112       1 113       1 120       1 121       1 124       1 128       1 153       1 161       1 164       1 174       1 177       1 178       1 185       1 191       3 192       1 194       1 195       1 200       1 201       1 203       1 210       1 225       1 226       2 233       1 239       1 245       1 246       1 247       1 254       1 255 

Per-node process memory usage (in MBs) for PID 184964 (p10-avx-n384-pi)
                           Node 0          Node 1           Total
                  --------------- --------------- ---------------
Huge                         0.00            0.00            0.00
Heap                         1.41            0.71            2.13
Stack                        0.03            0.04            0.07
Private                  67538.50        77627.97       145166.48
----------------  --------------- --------------- ---------------
Total                    67539.95        77628.73       145168.68
utc=2026-09-12T21:02:01Z VmHWM:=148652728kB VmRSS:=148652728kB VmSwap:=0kB Threads:=71 
MemAvailable_kib=94829728
      2   0       1   1       1   2       1   8       3   9       1  14       1  16       1  17       1  19       1  23       2  24       1  25       1  26       2  33       1  40       1  41       1  47       1  48       1  49       1  54       2  56       1  57       1  80       1  81       1  83       1  88       2  90       1  91       1  96       1  98       1 107       1 110       1 112       1 113       1 120       1 121       1 124       1 128       1 132       1 153       1 164       1 174       1 177       1 178       1 185       1 191       2 192       1 194       1 195       1 200       1 201       1 203       1 210       1 225       1 226       2 233       1 239       1 245       1 246       1 247       1 254       1 255 

Per-node process memory usage (in MBs) for PID 184964 (p10-avx-n384-pi)
                           Node 0          Node 1           Total
                  --------------- --------------- ---------------
Huge                         0.00            0.00            0.00
Heap                         1.41            0.71            2.13
Stack                        0.03            0.04            0.07
Private                  67538.50        77627.97       145166.48
----------------  --------------- --------------- ---------------
Total                    67539.95        77628.73       145168.68
utc=2026-09-12T21:02:32Z VmHWM:=148652728kB VmRSS:=148652728kB VmSwap:=0kB Threads:=71 
MemAvailable_kib=94833188
      2   0       1   1       1   2       1   8       3   9       1  14       1  16       1  17       1  19       1  23       2  24       1  25       1  26       2  33       1  40       1  41       1  47       1  48       1  49       1  54       2  56       1  57       1  80       1  81       1  83       1  88       2  90       1  91       1  96       1  98       1 107       1 110       1 112       1 113       1 120       1 121       1 124       1 128       1 132       1 153       1 164       1 174       1 177       1 178       1 185       1 191       2 192       1 194       1 195       1 200       1 201       1 203       1 210       1 225       1 226       2 233       1 239       1 245       1 246       1 247       1 254       1 255 

Per-node process memory usage (in MBs) for PID 184964 (p10-avx-n384-pi)
                           Node 0          Node 1           Total
                  --------------- --------------- ---------------
Huge                         0.00            0.00            0.00
Heap                         1.41            0.71            2.13
Stack                        0.03            0.04            0.07
Private                  67538.50        77627.97       145166.48
----------------  --------------- --------------- ---------------
Total                    67539.95        77628.73       145168.68
utc=2026-09-12T21:03:03Z VmHWM:=148652728kB VmRSS:=148652728kB VmSwap:=0kB Threads:=71 
MemAvailable_kib=94832620
      1   0       1   1       1   2       1   8       3   9       1  14       1  16       1  17       1  19       1  23       2  24       1  25       1  26       2  33       1  40       1  41       1  47       1  48       1  49       1  54       2  56       1  57       1  80       1  81       1  83       1  88       2  90       1  91       1  96       1  98       1 107       1 110       1 112       1 113       1 120       1 121       1 124       2 128       1 132       1 153       1 164       1 174       1 177       1 178       1 185       1 191       2 192       1 194       1 195       1 200       1 201       1 203       1 210       1 225       1 226       2 233       1 239       1 245       1 246       1 247       1 254       1 255 

Per-node process memory usage (in MBs) for PID 184964 (p10-avx-n384-pi)
                           Node 0          Node 1           Total
                  --------------- --------------- ---------------
Huge                         0.00            0.00            0.00
Heap                         1.41            0.71            2.13
Stack                        0.03            0.04            0.07
Private                  67538.50        77627.97       145166.48
----------------  --------------- --------------- ---------------
Total                    67539.95        77628.73       145168.68
utc=2026-09-12T21:03:34Z VmHWM:=148652728kB VmRSS:=148652728kB VmSwap:=0kB Threads:=71 
MemAvailable_kib=94828492
      1   0       1   1       1   2       1   8       2   9       1  14       1  16       1  17       1  19       1  23       2  24       1  25       1  26       2  33       1  40       1  41       1  47       1  48       1  49       1  54       1  56       1  57       1  64       1  80       1  83       1  88       2  90       1  91       1  96       1  98       1 107       1 110       1 112       1 113       1 120       1 121       1 124       2 128       1 132       1 137       1 153       1 164       1 174       1 177       1 178       1 184       1 185       1 191       1 192       1 194       1 195       1 200       1 201       1 203       1 209       1 210       1 225       1 226       2 233       1 239       1 245       1 246       1 247       1 254       1 255 

Per-node process memory usage (in MBs) for PID 184964 (p10-avx-n384-pi)
                           Node 0          Node 1           Total
                  --------------- --------------- ---------------
Huge                         0.00            0.00            0.00
Heap                         1.41            0.71            2.13
Stack                        0.03            0.04            0.07
Private                  67538.50        77627.97       145166.48
----------------  --------------- --------------- ---------------
Total                    67539.95        77628.73       145168.68
utc=2026-09-12T21:04:05Z VmHWM:=148652728kB VmRSS:=148652728kB VmSwap:=0kB Threads:=71 
MemAvailable_kib=94839336
      1   0       1   1       1   2       1   8       2   9       1  14       1  16       1  17       1  19       1  23       2  24       1  25       1  26       2  33       1  40       1  41       1  47       1  48       1  49       1  54       2  56       1  57       1  64       1  80       1  83       1  88       2  90       1  91       1  96       1  98       1 107       1 110       1 112       1 113       1 120       1 121       1 124       2 128       1 132       1 137       1 153       1 164       1 174       1 177       1 178       1 185       1 191       1 192       1 194       1 195       1 200       1 201       1 203       1 209       1 210       1 225       1 226       2 233       1 239       1 245       1 246       1 247       1 254       1 255 

Per-node process memory usage (in MBs) for PID 184964 (p10-avx-n384-pi)
                           Node 0          Node 1           Total
                  --------------- --------------- ---------------
Huge                         0.00            0.00            0.00
Heap                         1.41            0.71            2.13
Stack                        0.03            0.04            0.07
Private                  67538.50        77627.97       145166.48
----------------  --------------- --------------- ---------------
Total                    67539.95        77628.73       145168.68
utc=2026-09-12T21:04:36Z VmHWM:=148652728kB VmRSS:=148652728kB VmSwap:=0kB Threads:=71 
MemAvailable_kib=94837816
      1   0       1   1       1   2       1   8       2   9       1  14       1  16       1  17       1  19       1  23       2  24       1  25       1  26       2  33       1  40       1  41       1  47       1  48       1  49       1  54       1  56       1  57       1  64       1  80       1  83       1  88       2  90       1  91       1  96       1  98       1 107       1 110       1 112       1 113       1 120       1 121       1 124       2 128       1 132       1 137       1 153       1 164       1 174       1 177       1 178       1 184       1 185       1 191       1 192       1 194       1 195       1 200       1 201       1 203       1 209       1 210       1 225       1 226       2 233       1 239       1 245       1 246       1 247       1 254       1 255 

Per-node process memory usage (in MBs) for PID 184964 (p10-avx-n384-pi)
                           Node 0          Node 1           Total
                  --------------- --------------- ---------------
Huge                         0.00            0.00            0.00
Heap                         1.41            0.71            2.13
Stack                        0.03            0.04            0.07
Private                  67538.50        77627.97       145166.48
----------------  --------------- --------------- ---------------
Total                    67539.95        77628.73       145168.68
utc=2026-09-12T21:05:07Z VmHWM:=148652728kB VmRSS:=148652728kB VmSwap:=0kB Threads:=71 
MemAvailable_kib=94802396
      1   0       1   1       1   2       1   8       2   9       1  14       1  16       1  17       1  19       1  23       2  24       1  25       1  26       2  33       1  34       1  40       1  41       1  47       1  48       1  49       1  54       1  56       1  57       1  64       1  80       1  83       1  88       2  90       1  91       1  96       1  98       1 107       1 110       1 112       1 113       1 120       1 121       1 124       2 128       1 132       1 137       1 153       1 164       1 174       1 177       1 178       1 185       1 191       1 192       1 194       1 195       1 200       1 201       1 203       1 209       1 210       1 225       1 226       2 233       1 239       1 245       1 246       1 247       1 254       1 255 

Per-node process memory usage (in MBs) for PID 184964 (p10-avx-n384-pi)
                           Node 0          Node 1           Total
                  --------------- --------------- ---------------
Huge                         0.00            0.00            0.00
Heap                         1.41            0.71            2.13
Stack                        0.03            0.04            0.07
Private                  67538.50        77627.97       145166.48
----------------  --------------- --------------- ---------------
Total                    67539.95        77628.73       145168.68
utc=2026-09-12T21:05:39Z VmHWM:=148652728kB VmRSS:=148652728kB VmSwap:=0kB Threads:=71 
MemAvailable_kib=94798344
      1   0       1   1       1   2       2   8       2   9       1  14       1  16       1  17       1  19       1  23       2  24       1  25       1  26       1  33       1  34       1  40       1  41       1  47       1  48       1  49       1  54       1  56       2  57       1  64       1  80       1  83       1  88       2  90       1  91       1  96       1  98       1 107       1 110       1 112       1 113       1 120       1 121       1 124       2 128       1 132       1 137       1 153       1 164       1 174       1 177       1 178       1 191       1 192       1 194       1 195       1 200       1 201       1 203       1 209       1 210       1 225       1 226       2 233       1 239       1 245       1 246       1 247       1 254       1 255 

Per-node process memory usage (in MBs) for PID 184964 (p10-avx-n384-pi)
                           Node 0          Node 1           Total
                  --------------- --------------- ---------------
Huge                         0.00            0.00            0.00
Heap                         1.41            0.72            2.13
Stack                        0.03            0.04            0.07
Private                  67538.50        77627.97       145166.48
----------------  --------------- --------------- ---------------
Total                    67539.95        77628.73       145168.68
utc=2026-09-12T21:06:09Z VmHWM:=148652728kB VmRSS:=148652728kB VmSwap:=0kB Threads:=71 
MemAvailable_kib=94814016
      1   0       1   1       1   2       1   8       2   9       1  14       2  16       1  17       1  19       1  23       2  24       1  25       1  26       1  33       1  34       2  40       1  41       1  47       1  48       1  49       1  54       1  56       2  57       1  64       1  80       1  83       1  88       2  90       1  91       1  96       1  98       1 107       1 110       1 112       1 113       1 120       1 121       1 124       1 128       1 132       1 137       1 153       1 164       1 174       1 177       1 178       1 191       1 192       1 194       1 195       1 200       1 201       1 203       1 209       1 210       1 225       1 226       2 233       1 239       1 245       1 246       1 247       1 254       1 255 

Per-node process memory usage (in MBs) for PID 184964 (p10-avx-n384-pi)
                           Node 0          Node 1           Total
                  --------------- --------------- ---------------
Huge                         0.00            0.00            0.00
Heap                         1.41            0.72            2.13
Stack                        0.03            0.04            0.07
Private                  67538.50        77627.97       145166.48
----------------  --------------- --------------- ---------------
Total                    67539.95        77628.73       145168.68
utc=2026-09-12T21:06:40Z VmHWM:=148652728kB VmRSS:=148652728kB VmSwap:=0kB Threads:=71 
MemAvailable_kib=94822008
      1   0       1   1       1   2       1   8       2   9       1  14       2  16       1  17       1  19       2  24       1  25       1  26       1  33       2  40       1  41       1  47       1  48       1  49       1  54       1  56       2  57       1  64       1  80       1  83       1  88       2  90       1  91       1  96       1  98       1 107       1 110       1 112       1 113       1 118       1 120       1 121       1 124       1 128       1 132       1 137       1 151       1 153       1 162       1 164       1 174       1 177       1 178       1 191       1 192       1 194       1 195       1 200       1 201       1 203       1 209       1 210       1 225       1 226       2 233       1 239       1 245       1 247       1 254       1 255 

Per-node process memory usage (in MBs) for PID 184964 (p10-avx-n384-pi)
                           Node 0          Node 1           Total
                  --------------- --------------- ---------------
Huge                         0.00            0.00            0.00
Heap                         1.41            0.72            2.13
Stack                        0.03            0.04            0.07
Private                  67538.50        77627.97       145166.48
----------------  --------------- --------------- ---------------
Total                    67539.95        77628.73       145168.68
utc=2026-09-12T21:07:11Z VmHWM:=148652728kB VmRSS:=148652728kB VmSwap:=0kB Threads:=71 
MemAvailable_kib=94823164
      1   0       1   1       1   2       1   8       2   9       1  14       1  16       1  17       1  19       2  24       1  25       1  26       1  33       2  40       1  41       1  47       1  48       1  49       1  54       2  56       2  57       1  72       1  80       1  83       1  88       2  90       1  91       1  96       1  98       1 110       1 112       1 113       1 118       1 120       1 121       1 124       1 128       1 132       1 137       1 144       1 151       1 153       1 162       1 164       1 174       1 177       1 178       1 191       1 192       1 194       1 195       1 201       1 203       1 209       1 210       1 225       1 226       2 233       1 235       1 239       1 245       1 247       1 254       1 255 

Per-node process memory usage (in MBs) for PID 184964 (p10-avx-n384-pi)
                           Node 0          Node 1           Total
                  --------------- --------------- ---------------
Huge                         0.00            0.00            0.00
Heap                         1.41            0.72            2.13
Stack                        0.03            0.04            0.07
Private                  67538.50        77627.97       145166.48
----------------  --------------- --------------- ---------------
Total                    67539.95        77628.73       145168.68
utc=2026-09-12T21:07:43Z VmHWM:=148652728kB VmRSS:=148652728kB VmSwap:=0kB Threads:=71 
MemAvailable_kib=94822672
      1   0       1   1       1   2       1   8       1   9       1  14       1  16       1  17       1  19       2  24       1  25       1  26       1  33       2  40       1  41       1  47       1  48       1  49       1  54       2  56       2  57       1  64       1  72       1  83       1  88       2  90       1  91       1  96       1  98       1 110       1 112       1 113       1 118       1 120       1 121       1 124       1 128       1 132       1 137       1 144       1 151       1 153       1 162       1 164       1 174       1 177       1 178       1 191       1 192       1 194       1 195       1 201       1 203       1 208       1 209       1 210       1 225       1 226       2 233       1 235       1 239       1 245       1 247       1 254       1 255 

Per-node process memory usage (in MBs) for PID 184964 (p10-avx-n384-pi)
                           Node 0          Node 1           Total
                  --------------- --------------- ---------------
Huge                         0.00            0.00            0.00
Heap                         1.41            0.72            2.13
Stack                        0.03            0.04            0.07
Private                  67538.48        77628.00       145166.48
----------------  --------------- --------------- ---------------
Total                    67539.92        77628.76       145168.68
utc=2026-09-12T21:08:14Z VmHWM:=148652728kB VmRSS:=148652728kB VmSwap:=0kB Threads:=71 
MemAvailable_kib=94821888
      1   0       1   1       1   2       1   8       1   9       1  14       2  16       1  17       1  19       2  24       1  25       1  26       1  33       2  40       1  41       1  47       1  48       1  49       1  54       2  56       2  57       1  64       1  72       1  83       1  88       2  90       1  91       1  96       1  98       1 110       1 112       1 113       1 118       1 120       1 121       1 124       1 128       1 132       1 137       1 151       1 153       1 162       1 164       1 174       1 177       1 178       1 191       1 192       1 194       1 195       1 201       1 203       1 208       1 209       1 210       1 225       1 226       2 233       1 235       1 239       1 245       1 247       1 254       1 255 

Per-node process memory usage (in MBs) for PID 184964 (p10-avx-n384-pi)
                           Node 0          Node 1           Total
                  --------------- --------------- ---------------
Huge                         0.00            0.00            0.00
Heap                         1.41            0.72            2.13
Stack                        0.03            0.04            0.07
Private                  67538.48        77628.00       145166.48
----------------  --------------- --------------- ---------------
Total                    67539.92        77628.76       145168.68
utc=2026-09-12T21:08:44Z VmHWM:=148652728kB VmRSS:=148652728kB VmSwap:=0kB Threads:=71 
MemAvailable_kib=94828228
      1   0       1   1       1   2       1   8       1   9       1  14       2  16       1  17       1  19       2  24       1  25       1  26       1  33       1  34       2  40       1  41       1  47       1  48       1  49       1  54       1  56       2  57       1  64       1  72       1  83       1  88       2  90       1  91       1  96       1  98       1 110       1 112       1 113       1 118       1 120       1 121       1 124       1 128       1 132       1 136       1 137       1 151       1 153       1 164       1 174       1 177       1 178       1 191       1 192       1 194       1 195       1 201       1 203       1 208       1 209       1 210       1 225       1 226       2 233       1 235       1 239       1 245       1 247       1 254       1 255 

Per-node process memory usage (in MBs) for PID 184964 (p10-avx-n384-pi)
                           Node 0          Node 1           Total
                  --------------- --------------- ---------------
Huge                         0.00            0.00            0.00
Heap                         1.41            0.72            2.13
Stack                        0.03            0.04            0.07
Private                  67538.48        77628.00       145166.48
----------------  --------------- --------------- ---------------
Total                    67539.92        77628.76       145168.68
utc=2026-09-12T21:09:15Z VmHWM:=148652728kB VmRSS:=148652728kB VmSwap:=0kB Threads:=71 
MemAvailable_kib=94826464
      1   0       1   1       1   2       1   8       1   9       1  14       2  16       1  17       1  19       2  24       1  25       1  26       1  33       1  34       1  40       1  41       1  47       1  48       1  49       1  54       1  56       2  57       1  64       1  72       1  83       1  88       2  90       1  91       1  96       1  98       1 110       1 112       1 113       1 118       1 120       1 121       1 124       1 128       1 132       1 136       1 137       1 151       1 153       1 164       1 168       1 174       1 177       1 178       1 191       1 192       1 194       1 195       1 201       1 203       1 208       1 209       1 210       1 225       1 226       2 233       1 235       1 239       1 245       1 247       1 254       1 255 

Per-node process memory usage (in MBs) for PID 184964 (p10-avx-n384-pi)
                           Node 0          Node 1           Total
                  --------------- --------------- ---------------
Huge                         0.00            0.00            0.00
Heap                         1.41            0.72            2.13
Stack                        0.03            0.04            0.07
Private                  67538.48        77628.00       145166.48
----------------  --------------- --------------- ---------------
Total                    67539.92        77628.76       145168.68
utc=2026-09-12T21:09:46Z VmHWM:=148652728kB VmRSS:=148652728kB VmSwap:=0kB Threads:=71 
MemAvailable_kib=94834596
      1   0       1   1       1   2       1   8       2   9       1  14       1  16       1  17       1  19       2  24       1  25       1  26       1  33       1  34       1  40       1  41       1  47       1  48       1  49       1  54       1  56       2  57       1  64       1  72       1  83       1  88       2  90       1  91       1  96       1  98       1 110       1 112       1 113       1 118       1 120       1 121       1 124       1 128       1 132       1 136       1 144       1 151       1 153       1 164       1 168       1 174       1 177       1 178       1 191       1 192       1 194       1 195       1 201       1 203       1 208       1 209       1 210       1 225       1 226       2 233       1 235       1 239       1 245       1 247       1 254       1 255 

Per-node process memory usage (in MBs) for PID 184964 (p10-avx-n384-pi)
                           Node 0          Node 1           Total
                  --------------- --------------- ---------------
Huge                         0.00            0.00            0.00
Heap                         1.41            0.72            2.13
Stack                        0.03            0.04            0.07
Private                  67538.48        77628.00       145166.48
----------------  --------------- --------------- ---------------
Total                    67539.92        77628.76       145168.68
utc=2026-09-12T21:10:17Z VmHWM:=148652728kB VmRSS:=148652728kB VmSwap:=0kB Threads:=71 
MemAvailable_kib=94791148
      1   0       1   1       1   2       1   8       2   9       1  14       1  16       1  17       1  19       1  23       2  24       1  25       1  26       1  33       1  40       1  41       1  47       1  48       1  49       1  54       1  56       2  57       1  64       1  72       1  83       1  88       2  90       1  91       1  96       1  98       1 110       1 112       1 113       1 118       1 120       1 121       1 124       1 128       1 132       1 136       1 144       1 153       1 162       1 164       1 168       1 174       1 177       1 178       1 191       1 192       1 194       1 195       1 201       1 203       1 208       1 209       1 210       1 225       1 226       2 233       1 235       1 239       1 245       1 247       1 254       1 255 

Per-node process memory usage (in MBs) for PID 184964 (p10-avx-n384-pi)
                           Node 0          Node 1           Total
                  --------------- --------------- ---------------
Huge                         0.00            0.00            0.00
Heap                         1.41            0.72            2.13
Stack                        0.03            0.04            0.07
Private                  67538.48        77628.00       145166.48
----------------  --------------- --------------- ---------------
Total                    67539.92        77628.76       145168.68
utc=2026-09-12T21:10:48Z VmHWM:=148652728kB VmRSS:=148652728kB VmSwap:=0kB Threads:=71 
MemAvailable_kib=94802500
      1   0       1   1       1   2       1   8       2   9       1  14       2  16       1  17       1  19       1  23       2  24       1  25       1  26       1  33       1  36       2  40       1  41       1  47       1  48       1  49       1  54       1  56       2  57       1  63       1  72       1  83       1  88       2  90       1  91       1  96       1  98       1 110       1 112       1 113       1 118       1 120       1 121       1 124       1 128       1 132       1 136       1 153       1 162       1 174       1 177       1 178       1 192       1 193       1 194       1 195       1 201       1 203       1 208       1 209       1 210       1 225       1 226       2 233       1 235       1 239       1 245       1 247       1 254       1 255 

Per-node process memory usage (in MBs) for PID 184964 (p10-avx-n384-pi)
                           Node 0          Node 1           Total
                  --------------- --------------- ---------------
Huge                         0.00            0.00            0.00
Heap                         1.41            0.72            2.13
Stack                        0.03            0.04            0.07
Private                  67538.48        77628.00       145166.48
----------------  --------------- --------------- ---------------
Total                    67539.92        77628.76       145168.68
utc=2026-09-12T21:11:19Z VmHWM:=148652728kB VmRSS:=148652728kB VmSwap:=0kB Threads:=71 
MemAvailable_kib=94816180
      1   0       1   1       1   2       1   8       2   9       1  14       1  16       1  17       1  19       1  23       2  24       1  25       1  26       1  33       1  36       2  40       1  41       1  47       2  48       1  49       1  54       1  56       2  57       1  63       1  72       1  83       1  88       2  90       1  91       1  96       1  98       1 110       1 112       1 113       1 118       1 120       1 121       1 124       1 128       1 132       1 136       1 153       1 162       1 174       1 177       1 178       1 192       1 193       1 194       1 195       1 201       1 203       1 208       1 209       1 210       1 225       1 226       2 233       1 235       1 239       1 245       1 247       1 254       1 255 

Per-node process memory usage (in MBs) for PID 184964 (p10-avx-n384-pi)
                           Node 0          Node 1           Total
                  --------------- --------------- ---------------
Huge                         0.00            0.00            0.00
Heap                         1.41            0.72            2.13
Stack                        0.03            0.04            0.07
Private                  67538.48        77628.00       145166.48
----------------  --------------- --------------- ---------------
Total                    67539.92        77628.76       145168.68
utc=2026-09-12T21:11:51Z VmHWM:=148652728kB VmRSS:=148652728kB VmSwap:=0kB Threads:=71 
MemAvailable_kib=94820204
      1   0       1   1       1   2       1   8       2   9       1  14       1  16       1  17       1  19       1  23       2  24       1  25       1  26       1  33       1  36       2  40       1  41       1  47       2  48       1  49       1  54       1  56       2  57       1  63       1  72       1  83       1  88       2  90       1  91       1  96       1  98       1 110       1 112       1 113       1 118       1 120       1 121       1 124       1 128       1 132       1 136       1 153       1 162       1 174       1 177       1 178       1 192       1 193       1 194       1 195       1 201       1 203       1 208       1 209       1 210       1 225       1 226       2 233       1 235       1 239       1 245       1 247       1 254       1 255 

Per-node process memory usage (in MBs) for PID 184964 (p10-avx-n384-pi)
                           Node 0          Node 1           Total
                  --------------- --------------- ---------------
Huge                         0.00            0.00            0.00
Heap                         1.41            0.72            2.13
Stack                        0.03            0.04            0.07
Private                  67538.48        77628.00       145166.48
----------------  --------------- --------------- ---------------
Total                    67539.92        77628.76       145168.68
utc=2026-09-12T21:12:22Z VmHWM:=148652728kB VmRSS:=148652728kB VmSwap:=0kB Threads:=71 
MemAvailable_kib=94822572
      1   0       1   1       1   2       1   8       2   9       1  14       1  16       1  17       1  19       1  23       2  24       1  25       1  26       1  33       2  40       1  41       1  47       1  48       1  49       1  54       1  56       2  57       1  63       1  72       1  83       1  88       2  90       1  91       1  96       1  98       1 110       1 113       1 118       1 120       1 121       1 124       1 128       1 132       1 136       1 153       1 162       1 164       1 174       1 176       1 177       1 178       1 192       1 193       1 194       1 195       1 201       1 203       1 208       1 209       1 210       1 225       1 226       2 233       1 235       1 239       1 240       1 245       1 247       1 254       1 255 

Per-node process memory usage (in MBs) for PID 184964 (p10-avx-n384-pi)
                           Node 0          Node 1           Total
                  --------------- --------------- ---------------
Huge                         0.00            0.00            0.00
Heap                         1.41            0.72            2.13
Stack                        0.03            0.04            0.07
Private                  67538.48        77628.00       145166.48
----------------  --------------- --------------- ---------------
Total                    67539.92        77628.76       145168.68
utc=2026-09-12T21:12:53Z VmHWM:=148652728kB VmRSS:=148652728kB VmSwap:=0kB Threads:=71 
MemAvailable_kib=94809616
      1   0       1   1       1   2       1   8       1   9       1  14       1  16       1  17       1  19       1  23       2  24       1  25       1  26       1  33       2  40       1  41       1  47       1  48       1  49       1  54       1  56       2  57       1  63       1  72       1  83       1  88       2  90       1  91       1  96       1  98       1 110       1 113       1 118       1 120       1 121       1 124       1 128       1 132       1 136       1 137       1 153       1 162       1 164       1 174       1 176       1 177       1 178       1 192       1 193       1 194       1 195       1 201       1 203       1 208       1 209       1 210       1 225       1 226       2 233       1 235       1 239       1 240       1 245       1 247       1 254       1 255 

Per-node process memory usage (in MBs) for PID 184964 (p10-avx-n384-pi)
                           Node 0          Node 1           Total
                  --------------- --------------- ---------------
Huge                         0.00            0.00            0.00
Heap                         1.41            0.72            2.13
Stack                        0.03            0.04            0.07
Private                  67538.48        77628.00       145166.48
----------------  --------------- --------------- ---------------
Total                    67539.92        77628.76       145168.68
utc=2026-09-12T21:13:24Z VmHWM:=148652728kB VmRSS:=148652728kB VmSwap:=0kB Threads:=71 
MemAvailable_kib=94827468
      1   0       1   1       1   2       1   8       1   9       1  14       1  16       1  17       1  19       1  23       2  24       1  25       1  26       1  33       1  40       1  41       1  47       1  48       1  49       1  54       1  56       2  57       1  63       1  72       1  83       1  88       2  90       1  91       1  96       1  98       1 110       1 113       1 118       1 120       1 121       1 124       1 128       1 132       1 136       1 137       1 153       1 162       1 164       1 168       1 174       1 176       1 177       1 178       1 192       1 193       1 194       1 195       1 201       1 203       1 208       1 209       1 210       1 225       1 226       2 233       1 235       1 239       1 240       1 245       1 247       1 254       1 255 

Per-node process memory usage (in MBs) for PID 184964 (p10-avx-n384-pi)
                           Node 0          Node 1           Total
                  --------------- --------------- ---------------
Huge                         0.00            0.00            0.00
Heap                         1.41            0.72            2.13
Stack                        0.03            0.04            0.07
Private                  67538.48        77628.00       145166.48
----------------  --------------- --------------- ---------------
Total                    67539.92        77628.76       145168.68
utc=2026-09-12T21:13:55Z VmHWM:=148652728kB VmRSS:=148652728kB VmSwap:=0kB Threads:=71 
MemAvailable_kib=94832600
      1   0       1   1       1   2       1   8       1   9       1  14       1  16       1  17       1  19       2  24       1  25       1  26       1  33       1  40       1  41       1  47       1  48       1  49       1  54       1  56       2  57       1  63       1  64       1  72       1  83       1  88       2  90       1  91       1  96       1  98       1 110       1 113       1 118       1 121       1 124       1 128       1 132       1 136       1 151       1 153       1 162       1 164       1 168       1 174       1 176       1 177       1 178       1 192       1 193       1 194       1 195       1 201       1 203       1 208       1 209       1 210       1 225       1 226       2 233       1 235       1 239       1 240       1 245       1 247       1 248       1 254       1 255 

Per-node process memory usage (in MBs) for PID 184964 (p10-avx-n384-pi)
                           Node 0          Node 1           Total
                  --------------- --------------- ---------------
Huge                         0.00            0.00            0.00
Heap                         1.41            0.72            2.13
Stack                        0.03            0.04            0.07
Private                  67538.48        77628.00       145166.48
----------------  --------------- --------------- ---------------
Total                    67539.92        77628.76       145168.68
utc=2026-09-12T21:14:25Z VmHWM:=148652728kB VmRSS:=148652728kB VmSwap:=0kB Threads:=71 
MemAvailable_kib=94815268
      1   0       1   1       1   2       1   8       1   9       1  14       1  16       1  17       1  19       2  24       1  25       1  26       1  33       1  40       1  41       1  47       1  48       1  49       1  54       1  56       2  57       1  63       1  64       1  72       1  83       1  88       2  90       1  91       1  96       1  98       1 110       1 113       1 118       1 121       1 124       1 128       1 132       1 136       1 151       1 153       1 162       1 164       1 168       1 174       1 176       1 177       1 178       1 192       1 193       1 194       1 195       1 201       1 203       1 208       1 209       1 210       1 225       1 226       2 233       1 235       1 239       1 240       1 245       1 247       1 248       1 254       1 255 

Per-node process memory usage (in MBs) for PID 184964 (p10-avx-n384-pi)
                           Node 0          Node 1           Total
                  --------------- --------------- ---------------
Huge                         0.00            0.00            0.00
Heap                         1.41            0.72            2.13
Stack                        0.03            0.04            0.07
Private                  67538.48        77628.00       145166.48
----------------  --------------- --------------- ---------------
Total                    67539.91        77628.76       145168.68
utc=2026-09-12T21:14:56Z VmHWM:=148652728kB VmRSS:=148652728kB VmSwap:=0kB Threads:=71 
MemAvailable_kib=94795004
      1   0       1   1       1   2       1   8       1   9       1  14       1  16       1  17       1  19       2  24       1  25       1  26       1  33       2  40       1  41       1  47       2  48       1  49       1  54       1  56       2  57       1  63       1  64       1  72       1  83       1  88       2  90       1  91       1  96       1  98       1 110       1 113       1 118       1 121       1 124       1 128       1 132       1 136       1 151       1 153       1 162       1 164       1 174       1 177       1 178       1 192       1 193       1 194       1 195       1 201       1 203       1 208       1 209       1 210       1 225       1 226       2 233       1 235       1 239       1 240       1 245       1 247       1 248       1 254       1 255 

Per-node process memory usage (in MBs) for PID 184964 (p10-avx-n384-pi)
                           Node 0          Node 1           Total
                  --------------- --------------- ---------------
Huge                         0.00            0.00            0.00
Heap                         1.41            0.72            2.13
Stack                        0.03            0.04            0.07
Private                  66734.78        78431.70       145166.48
----------------  --------------- --------------- ---------------
Total                    66736.22        78432.46       145168.68
utc=2026-09-12T21:15:27Z VmHWM:=148652728kB VmRSS:=148652728kB VmSwap:=0kB Threads:=71 
MemAvailable_kib=94757128
      1   2       1   8       1   9       1  14       1  16       1  17       1  19       1  25       2  26       1  33       2  40       1  41       1  47       1  48       1  49       1  50       1  54       2  57       1  63       2  64       2  72       1  83       1  88       2  90       1  91       1  96       1  98       1 105       1 110       1 111       1 113       1 118       1 121       1 124       1 128       1 129       1 132       1 136       1 151       1 153       1 160       1 162       1 164       1 174       1 177       1 178       1 184       1 193       1 194       1 195       1 201       1 203       1 208       1 209       1 210       1 225       1 226       1 233       1 235       1 240       1 245       1 247       1 248       1 254       1 255 

Per-node process memory usage (in MBs) for PID 184964 (p10-avx-n384-pi)
                           Node 0          Node 1           Total
                  --------------- --------------- ---------------
Huge                         0.00            0.00            0.00
Heap                         1.40            0.73            2.13
Stack                        0.03            0.04            0.07
Private                  67386.86        77779.62       145166.48
----------------  --------------- --------------- ---------------
Total                    67388.29        77780.38       145168.68
utc=2026-09-12T21:15:59Z VmHWM:=148652728kB VmRSS:=148652728kB VmSwap:=0kB Threads:=71 
MemAvailable_kib=94807160
      1   1       1   8       1   9       1  14       1  16       1  17       1  19       1  25       2  26       1  33       2  40       1  41       1  47       1  48       1  49       1  50       1  54       2  57       1  63       2  64       2  72       1  83       1  88       2  90       1  91       1  96       1 105       1 110       1 111       1 113       1 118       1 121       1 124       2 128       1 132       1 136       1 151       1 153       1 160       1 162       1 164       1 174       1 177       1 178       1 184       1 193       1 194       1 195       1 201       1 203       1 208       1 209       1 210       1 225       1 226       1 228       1 233       1 235       1 240       1 245       1 247       1 248       1 254       1 255 

Per-node process memory usage (in MBs) for PID 184964 (p10-avx-n384-pi)
                           Node 0          Node 1           Total
                  --------------- --------------- ---------------
Huge                         0.00            0.00            0.00
Heap                         1.39            0.73            2.13
Stack                        0.03            0.04            0.07
Private                  67398.15        77768.32       145166.48
----------------  --------------- --------------- ---------------
Total                    67399.58        77769.10       145168.68
utc=2026-09-12T21:16:30Z VmHWM:=148652728kB VmRSS:=148652728kB VmSwap:=0kB Threads:=71 
MemAvailable_kib=94804092
      1   1       1   8       1   9       1  14       1  16       1  17       1  19       1  25       2  26       1  33       2  40       1  41       1  47       1  49       1  50       1  54       2  57       1  63       3  64       2  72       1  83       1  88       2  90       1  91       1  96       1 105       1 110       1 111       1 113       1 118       1 121       1 124       2 128       1 132       1 136       1 151       1 153       1 160       1 162       1 164       1 174       1 177       1 178       1 184       1 193       1 194       1 195       1 201       1 203       1 208       1 209       1 210       1 225       1 226       1 228       1 233       1 235       1 240       1 245       1 247       1 248       1 254       1 255 

Per-node process memory usage (in MBs) for PID 184964 (p10-avx-n384-pi)
                           Node 0          Node 1           Total
                  --------------- --------------- ---------------
Huge                         0.00            0.00            0.00
Heap                         1.41            0.72            2.13
Stack                        0.03            0.04            0.07
Private                  67401.93        77764.55       145166.48
----------------  --------------- --------------- ---------------
Total                    67403.37        77765.30       145168.68
utc=2026-09-12T21:17:01Z VmHWM:=148652728kB VmRSS:=148652728kB VmSwap:=0kB Threads:=71 
MemAvailable_kib=94806492
      1   1       1   8       1   9       1  14       1  16       1  17       1  19       1  25       2  26       1  33       2  40       1  41       1  47       1  49       1  50       1  54       2  57       1  63       3  64       2  72       1  83       1  88       2  90       1  91       1  96       1 105       1 110       1 111       1 113       1 118       1 121       1 124       2 128       1 132       1 136       1 151       1 153       1 160       1 162       1 164       1 174       1 177       1 178       1 184       1 193       1 194       1 195       1 201       1 203       1 208       1 209       1 210       1 225       1 226       1 228       1 233       1 235       1 240       1 245       1 247       1 248       1 254       1 255 

Per-node process memory usage (in MBs) for PID 184964 (p10-avx-n384-pi)
                           Node 0          Node 1           Total
                  --------------- --------------- ---------------
Huge                         0.00            0.00            0.00
Heap                         1.40            0.73            2.13
Stack                        0.03            0.04            0.07
Private                  60264.07        84902.40       145166.48
----------------  --------------- --------------- ---------------
Total                    60265.51        84903.17       145168.68
utc=2026-09-12T21:17:32Z VmHWM:=148652728kB VmRSS:=148652728kB VmSwap:=0kB Threads:=71 
MemAvailable_kib=94814180
      1   1       1   8       1   9       1  14       1  16       1  17       1  19       1  25       2  26       1  33       2  40       1  41       1  47       1  49       1  50       1  54       2  57       1  63       2  64       2  72       1  83       1  88       2  90       1  91       1  96       1 105       1 110       1 111       1 113       1 118       1 121       1 124       2 128       1 132       1 136       1 151       1 153       1 160       1 162       1 164       1 174       1 177       1 178       1 184       1 192       1 193       1 194       1 195       1 201       1 203       1 208       1 209       1 210       1 225       1 226       1 228       1 233       1 235       1 240       1 245       1 247       1 248       1 254       1 255 

Per-node process memory usage (in MBs) for PID 184964 (p10-avx-n384-pi)
                           Node 0          Node 1           Total
                  --------------- --------------- ---------------
Huge                         0.00            0.00            0.00
Heap                         1.40            0.73            2.13
Stack                        0.03            0.04            0.07
Private                  60262.13        84904.34       145166.48
----------------  --------------- --------------- ---------------
Total                    60263.57        84905.11       145168.68
utc=2026-09-12T21:18:03Z VmHWM:=148652728kB VmRSS:=148652728kB VmSwap:=0kB Threads:=71 
MemAvailable_kib=94819580
      1   1       1   8       1   9       1  14       1  16       1  17       1  19       1  25       2  26       1  33       2  40       1  41       1  47       1  49       1  50       1  54       2  57       1  63       3  64       2  72       1  83       1  88       2  90       1  91       1  96       1 105       1 110       1 111       1 113       1 118       1 121       1 124       2 128       1 132       1 136       1 151       1 153       1 160       1 162       1 164       1 174       1 177       1 178       1 184       1 193       1 194       1 195       1 201       1 203       1 208       1 209       1 210       1 225       1 226       1 228       1 233       1 235       1 240       1 245       1 247       1 248       1 254       1 255 

Per-node process memory usage (in MBs) for PID 184964 (p10-avx-n384-pi)
                           Node 0          Node 1           Total
                  --------------- --------------- ---------------
Huge                         0.00            0.00            0.00
Heap                         1.40            0.73            2.13
Stack                        0.03            0.04            0.07
Private                  60262.13        84904.34       145166.48
----------------  --------------- --------------- ---------------
Total                    60263.57        84905.11       145168.68
utc=2026-09-12T21:18:34Z VmHWM:=148652728kB VmRSS:=148652728kB VmSwap:=0kB Threads:=71 
MemAvailable_kib=94819676
      1   1       1   8       1   9       1  14       1  16       1  17       1  19       1  25       2  26       1  33       2  40       1  41       1  47       1  49       1  50       1  54       2  57       1  63       3  64       2  72       1  83       1  88       2  90       1  91       1  96       1 105       1 110       1 111       1 113       1 118       1 121       1 124       2 128       1 132       1 136       1 151       1 153       1 160       1 162       1 164       1 174       1 177       1 178       1 184       1 193       1 194       1 195       1 201       1 203       1 208       1 209       1 210       1 225       1 226       1 228       1 233       1 235       1 240       1 245       1 247       1 248       1 254       1 255 

Per-node process memory usage (in MBs) for PID 184964 (p10-avx-n384-pi)
                           Node 0          Node 1           Total
                  --------------- --------------- ---------------
Huge                         0.00            0.00            0.00
Heap                         1.40            0.73            2.13
Stack                        0.02            0.05            0.07
Private                  60262.13        84904.34       145166.48
----------------  --------------- --------------- ---------------
Total                    60263.55        84905.12       145168.68
utc=2026-09-12T21:19:05Z VmHWM:=148652728kB VmRSS:=148652728kB VmSwap:=0kB Threads:=71 
MemAvailable_kib=94814820
      1   1       1   8       1   9       1  14       1  16       1  17       1  19       1  25       2  26       1  33       2  40       1  41       1  47       1  49       1  50       1  54       2  57       1  63       3  64       2  72       1  83       1  88       2  90       1  91       1  96       1 105       1 110       1 111       1 113       1 118       1 121       1 124       2 128       1 132       1 136       1 151       1 153       1 160       1 162       1 164       1 174       1 177       1 178       1 184       1 193       1 194       1 195       1 201       1 203       1 208       1 209       1 210       1 225       1 226       1 228       1 233       1 235       1 240       1 245       1 247       1 248       1 254       1 255 

Per-node process memory usage (in MBs) for PID 184964 (p10-avx-n384-pi)
                           Node 0          Node 1           Total
                  --------------- --------------- ---------------
Huge                         0.00            0.00            0.00
Heap                         1.40            0.73            2.13
Stack                        0.02            0.05            0.07
Private                  58937.84        86228.63       145166.48
----------------  --------------- --------------- ---------------
Total                    58939.26        86229.41       145168.68
utc=2026-09-12T21:19:36Z VmHWM:=148652728kB VmRSS:=148652728kB VmSwap:=0kB Threads:=71 
MemAvailable_kib=94810808
      1   1       1   8       1   9       1  14       1  16       1  17       1  19       1  25       2  26       1  33       2  40       1  41       1  47       1  49       1  50       1  54       2  57       1  63       3  64       2  72       1  83       1  88       2  90       1  91       1  96       1 105       1 110       1 111       1 113       1 118       1 121       1 124       2 128       1 132       1 136       1 151       1 153       1 160       1 162       1 164       1 174       1 177       1 178       1 184       1 193       1 194       1 195       1 201       1 203       1 208       1 209       1 210       1 225       1 226       1 228       1 233       1 235       1 240       1 245       1 247       1 248       1 254       1 255 

Per-node process memory usage (in MBs) for PID 184964 (p10-avx-n384-pi)
                           Node 0          Node 1           Total
                  --------------- --------------- ---------------
Huge                         0.00            0.00            0.00
Heap                         1.40            0.73            2.13
Stack                        0.02            0.05            0.07
Private                  58927.91        86238.57       145166.48
----------------  --------------- --------------- ---------------
Total                    58929.33        86239.35       145168.68
utc=2026-09-12T21:20:07Z VmHWM:=148652728kB VmRSS:=148652728kB VmSwap:=0kB Threads:=71 
MemAvailable_kib=94810232
      1   0       1   1       1   8       1   9       1  14       1  16       1  17       1  19       1  25       2  26       1  33       2  40       1  41       1  47       1  49       1  50       1  54       2  57       1  63       2  64       2  72       1  83       1  88       2  90       1  91       1  96       1 105       1 110       1 111       1 113       1 118       1 121       1 124       2 128       1 132       1 136       1 151       1 153       1 160       1 162       1 164       1 174       1 177       1 178       1 184       1 193       1 194       1 195       1 201       1 203       1 208       1 209       1 210       1 225       1 226       1 228       1 233       1 235       1 240       1 245       1 247       1 248       1 254       1 255 

Per-node process memory usage (in MBs) for PID 184964 (p10-avx-n384-pi)
                           Node 0          Node 1           Total
                  --------------- --------------- ---------------
Huge                         0.00            0.00            0.00
Heap                         1.42            0.71            2.13
Stack                        0.02            0.05            0.07
Private                  58925.79        86240.68       145166.48
----------------  --------------- --------------- ---------------
Total                    58927.23        86241.44       145168.68
utc=2026-09-12T21:20:38Z VmHWM:=148652728kB VmRSS:=148652728kB VmSwap:=0kB Threads:=71 
MemAvailable_kib=94795056
      1   0       2   1       2   8       1   9       1  14       1  16       1  17       1  19       1  23       1  25       2  26       1  33       1  34       1  40       1  41       1  47       1  49       1  50       1  54       2  57       1  63       2  64       2  72       1  83       1  88       2  90       1  91       1  96       2 105       1 110       1 111       1 113       1 118       1 121       1 124       1 128       1 132       1 153       1 160       1 164       1 168       1 174       1 177       1 178       1 184       1 193       1 194       1 195       1 201       1 203       1 208       1 209       1 210       1 225       1 226       1 228       1 235       1 240       1 245       1 247       1 248       1 254       1 255 

Per-node process memory usage (in MBs) for PID 184964 (p10-avx-n384-pi)
                           Node 0          Node 1           Total
                  --------------- --------------- ---------------
Huge                         0.00            0.00            0.00
Heap                         1.45            0.68            2.13
Stack                        0.02            0.05            0.07
Private                  61685.73        83480.75       145166.48
----------------  --------------- --------------- ---------------
Total                    61687.20        83481.48       145168.68
utc=2026-09-12T21:21:09Z VmHWM:=148652728kB VmRSS:=148652728kB VmSwap:=0kB Threads:=71 
MemAvailable_kib=94787724
      1   0       2   1       2   8       1   9       1  14       1  16       1  17       1  19       1  25       2  26       1  33       1  34       1  40       1  41       1  47       1  49       1  50       1  54       1  57       1  63       2  64       1  65       2  72       1  83       1  88       2  90       1  91       1  96       2 105       1 110       1 111       1 113       1 118       1 121       1 124       1 128       1 132       1 151       1 153       1 160       1 164       1 168       1 174       1 177       1 178       1 184       1 185       1 194       1 195       1 201       1 203       1 208       1 209       1 210       1 225       1 226       1 228       1 235       1 240       1 245       1 247       1 248       1 254       1 255 

Per-node process memory usage (in MBs) for PID 184964 (p10-avx-n384-pi)
                           Node 0          Node 1           Total
                  --------------- --------------- ---------------
Huge                         0.00            0.00            0.00
Heap                         1.43            0.70            2.13
Stack                        0.03            0.04            0.07
Private                  65316.03        79850.45       145166.48
----------------  --------------- --------------- ---------------
Total                    65317.49        79851.19       145168.68
utc=2026-09-12T21:21:40Z VmHWM:=148652728kB VmRSS:=148652728kB VmSwap:=0kB Threads:=71 
MemAvailable_kib=94774564
      2   1       2   8       1   9       1  14       1  16       1  17       1  19       1  25       2  26       1  33       1  34       2  40       1  41       1  47       1  49       1  50       1  54       1  57       1  63       2  64       1  65       2  72       1  83       1  88       2  90       1  91       1  96       2 105       1 110       1 111       1 113       1 118       1 121       1 124       2 128       1 132       1 151       1 153       1 160       1 164       1 174       1 177       1 178       1 184       1 185       1 194       1 195       1 201       1 203       1 208       1 209       1 210       1 225       1 226       1 228       1 235       1 240       1 245       1 247       1 248       1 254       1 255 

Per-node process memory usage (in MBs) for PID 184964 (p10-avx-n384-pi)
                           Node 0          Node 1           Total
                  --------------- --------------- ---------------
Huge                         0.00            0.00            0.00
Heap                         1.43            0.70            2.13
Stack                        0.03            0.04            0.07
Private                  64008.01        81158.46       145166.48
----------------  --------------- --------------- ---------------
Total                    64009.47        81159.21       145168.68
utc=2026-09-12T21:22:11Z VmHWM:=148652728kB VmRSS:=148652728kB VmSwap:=0kB Threads:=71 
MemAvailable_kib=94783504
      2   1       2   8       1   9       1  14       1  16       1  17       1  19       1  25       2  26       1  33       1  34       2  40       1  41       1  47       1  49       1  50       1  54       1  57       1  63       1  64       1  65       2  72       1  83       1  88       2  90       1  91       1  96       2 105       1 110       1 111       1 113       1 118       1 121       1 124       2 128       1 132       1 151       1 153       1 160       1 164       1 174       1 177       1 178       1 184       1 185       1 192       1 194       1 195       1 201       1 203       1 208       1 209       1 210       1 225       1 226       1 228       1 235       1 240       1 245       1 247       1 248       1 254       1 255 

Per-node process memory usage (in MBs) for PID 184964 (p10-avx-n384-pi)
                           Node 0          Node 1           Total
                  --------------- --------------- ---------------
Huge                         0.00            0.00            0.00
Heap                         1.38            0.75            2.13
Stack                        0.03            0.04            0.07
Private                  63985.88        81180.60       145166.48
----------------  --------------- --------------- ---------------
Total                    63987.29        81181.39       145168.68
utc=2026-09-12T21:22:42Z VmHWM:=148652728kB VmRSS:=148652728kB VmSwap:=0kB Threads:=71 
MemAvailable_kib=94772104
      1   0       2   1       2   8       1   9       1  14       1  16       1  17       1  19       1  23       1  25       2  26       1  33       1  34       1  40       1  41       1  47       1  49       1  50       1  54       1  57       1  63       1  64       2  72       1  80       1  83       1  88       2  90       1  91       2 105       1 110       1 111       1 113       1 118       1 121       1 124       1 128       1 132       1 153       1 160       1 164       1 168       1 174       1 177       1 178       1 184       1 185       1 192       1 193       1 194       1 195       1 201       1 203       1 209       1 210       1 224       1 225       1 226       1 228       1 235       1 240       1 245       1 247       1 248       1 254       1 255 

Per-node process memory usage (in MBs) for PID 184964 (p10-avx-n384-pi)
                           Node 0          Node 1           Total
                  --------------- --------------- ---------------
Huge                         0.00            0.00            0.00
Heap                         1.38            0.75            2.13
Stack                        0.03            0.04            0.07
Private                  64169.07        80997.41       145166.48
----------------  --------------- --------------- ---------------
Total                    64170.48        80998.19       145168.68
utc=2026-09-12T21:23:13Z VmHWM:=148652728kB VmRSS:=148652728kB VmSwap:=0kB Threads:=71 
MemAvailable_kib=94771028
      2   1       2   8       1   9       1  14       1  16       1  17       1  19       1  23       1  25       2  26       1  33       1  34       1  40       1  41       1  47       1  49       1  50       1  54       1  56       1  57       1  63       1  64       2  72       1  80       1  83       1  88       2  90       1  91       2 105       1 110       1 111       1 113       1 118       1 121       1 124       1 128       1 132       1 153       1 160       1 164       1 168       1 174       1 177       1 178       1 184       1 185       1 192       1 193       1 194       1 195       1 201       1 203       1 209       1 210       1 224       1 225       1 226       1 228       1 235       1 240       1 245       1 247       1 248       1 254       1 255 

Per-node process memory usage (in MBs) for PID 184964 (p10-avx-n384-pi)
                           Node 0          Node 1           Total
                  --------------- --------------- ---------------
Huge                         0.00            0.00            0.00
Heap                         1.39            0.74            2.13
Stack                        0.03            0.04            0.07
Private                  66082.66        79083.82       145166.48
----------------  --------------- --------------- ---------------
Total                    66084.08        79084.60       145168.68
utc=2026-09-12T21:23:44Z VmHWM:=148652728kB VmRSS:=148652728kB VmSwap:=0kB Threads:=71 
MemAvailable_kib=94789692
      2   1       2   8       1   9       1  14       1  16       1  17       1  19       1  23       1  25       2  26       1  33       1  34       2  40       1  41       1  47       1  49       1  50       1  54       1  56       1  57       1  63       1  64       2  72       1  80       1  83       1  88       2  90       1  91       2 105       1 110       1 111       1 113       1 118       1 121       1 124       1 128       1 132       1 153       1 160       1 164       1 174       1 177       1 178       1 184       1 185       1 192       1 193       1 194       1 195       1 201       1 203       1 209       1 210       1 224       1 225       1 226       1 228       1 235       1 240       1 245       1 247       1 248       1 254       1 255 

Per-node process memory usage (in MBs) for PID 184964 (p10-avx-n384-pi)
                           Node 0          Node 1           Total
                  --------------- --------------- ---------------
Huge                         0.00            0.00            0.00
Heap                         1.39            0.74            2.13
Stack                        0.03            0.04            0.07
Private                  66090.53        79075.95       145166.48
----------------  --------------- --------------- ---------------
Total                    66091.95        79076.72       145168.68
utc=2026-09-12T21:24:15Z VmHWM:=148652728kB VmRSS:=148652728kB VmSwap:=0kB Threads:=71 
MemAvailable_kib=94785220
      2   1       2   8       1   9       1  14       1  16       1  17       1  19       1  23       1  25       2  26       1  33       1  34       2  40       1  41       1  47       1  49       1  50       1  54       1  56       1  57       1  63       1  64       2  72       1  80       1  81       1  83       1  88       2  90       1  91       2 105       1 110       1 111       1 113       1 118       1 120       1 121       1 124       1 128       1 132       1 153       1 160       1 164       1 174       1 177       1 178       1 184       1 185       1 192       1 193       1 194       1 195       1 201       1 203       1 210       1 224       1 225       1 226       1 228       1 235       1 240       1 245       1 247       1 254       1 255 

Per-node process memory usage (in MBs) for PID 184964 (p10-avx-n384-pi)
                           Node 0          Node 1           Total
                  --------------- --------------- ---------------
Huge                         0.00            0.00            0.00
Heap                         1.39            0.74            2.13
Stack                        0.03            0.04            0.07
Private                  64177.68        80988.79       145166.48
----------------  --------------- --------------- ---------------
Total                    64179.11        80989.57       145168.68
utc=2026-09-12T21:24:46Z VmHWM:=148652728kB VmRSS:=148652728kB VmSwap:=0kB Threads:=71 
MemAvailable_kib=94793536
      2   1       2   8       1   9       1  14       1  16       1  17       1  19       1  23       1  25       2  26       1  33       1  34       2  40       1  41       1  47       1  49       1  50       1  54       1  56       1  57       1  63       1  64       2  72       1  80       1  81       1  83       1  88       2  90       1  91       2 105       1 110       1 111       1 113       1 118       1 120       1 121       1 124       1 128       1 132       1 153       1 160       1 164       1 174       1 177       1 178       1 184       1 185       1 192       1 193       1 194       1 195       1 201       1 203       1 210       1 224       1 225       1 226       1 228       1 235       1 240       1 245       1 247       1 254       1 255 

Per-node process memory usage (in MBs) for PID 184964 (p10-avx-n384-pi)
                           Node 0          Node 1           Total
                  --------------- --------------- ---------------
Huge                         0.00            0.00            0.00
Heap                         1.39            0.74            2.13
Stack                        0.03            0.04            0.07
Private                  66099.08        79067.39       145166.48
----------------  --------------- --------------- ---------------
Total                    66100.50        79068.17       145168.68
utc=2026-09-12T21:25:17Z VmHWM:=148652728kB VmRSS:=148652728kB VmSwap:=0kB Threads:=71 
MemAvailable_kib=94803820
      2   1       2   8       1   9       1  14       1  16       1  17       1  19       1  23       1  25       2  26       1  33       1  34       2  40       1  41       1  47       1  49       1  50       1  54       1  56       1  57       1  63       1  64       2  72       1  80       1  81       1  83       1  88       2  90       1  91       2 105       1 110       1 111       1 113       1 118       1 120       1 121       1 124       1 128       1 132       1 153       1 160       1 164       1 174       1 177       1 178       1 184       1 185       1 192       1 193       1 194       1 195       1 201       1 203       1 210       1 224       1 225       1 226       1 228       1 235       1 240       1 245       1 247       1 254       1 255 

Per-node process memory usage (in MBs) for PID 184964 (p10-avx-n384-pi)
                           Node 0          Node 1           Total
                  --------------- --------------- ---------------
Huge                         0.00            0.00            0.00
Heap                         1.39            0.74            2.13
Stack                        0.03            0.04            0.07
Private                  66099.08        79067.39       145166.48
----------------  --------------- --------------- ---------------
Total                    66100.50        79068.17       145168.68
utc=2026-09-12T21:25:48Z VmHWM:=148652728kB VmRSS:=148652728kB VmSwap:=0kB Threads:=71 
MemAvailable_kib=94764712
      2   1       2   8       1   9       1  14       1  16       1  17       1  19       1  23       1  25       2  26       1  33       1  34       1  36       2  40       1  41       1  47       1  49       1  50       1  54       1  56       1  57       1  63       1  64       2  72       1  80       1  81       1  83       1  88       2  90       1  91       2 105       1 110       1 111       1 113       1 118       1 120       1 121       1 124       1 128       1 132       1 153       1 160       1 174       1 177       1 178       1 184       1 185       1 192       1 193       1 194       1 195       1 201       1 203       1 210       1 224       1 225       1 226       1 228       1 235       1 240       1 245       1 247       1 254       1 255 

Per-node process memory usage (in MBs) for PID 184964 (p10-avx-n384-pi)
                           Node 0          Node 1           Total
                  --------------- --------------- ---------------
Huge                         0.00            0.00            0.00
Heap                         1.40            0.73            2.13
Stack                        0.03            0.04            0.07
Private                  65811.14        79355.33       145166.48
----------------  --------------- --------------- ---------------
Total                    65812.57        79356.10       145168.68
utc=2026-09-12T21:26:19Z VmHWM:=148652728kB VmRSS:=148652728kB VmSwap:=0kB Threads:=71 
MemAvailable_kib=94771856
      2   1       2   8       1   9       1  14       1  16       1  17       1  19       1  23       1  25       2  26       1  33       1  34       1  36       1  40       1  41       1  49       1  50       1  54       1  57       1  63       1  64       1  72       1  80       1  81       1  83       1  88       2  90       1  91       2 105       1 110       1 111       1 113       1 118       1 120       1 121       1 124       3 128       1 132       1 153       1 160       1 168       1 174       1 175       1 177       1 178       2 184       1 185       1 193       1 194       1 195       1 201       1 203       1 210       1 224       1 225       1 226       1 228       1 235       1 240       1 245       1 247       1 254       1 255 

Per-node process memory usage (in MBs) for PID 184964 (p10-avx-n384-pi)
                           Node 0          Node 1           Total
                  --------------- --------------- ---------------
Huge                         0.00            0.00            0.00
Heap                         1.43            0.70            2.13
Stack                        0.03            0.04            0.07
Private                  65970.04        79196.44       145166.48
----------------  --------------- --------------- ---------------
Total                    65971.50        79197.17       145168.68
utc=2026-09-12T21:26:50Z VmHWM:=148652728kB VmRSS:=148652728kB VmSwap:=0kB Threads:=71 
MemAvailable_kib=94733816
      1   0       1   1       2   8       1   9       1  14       1  16       1  17       1  19       1  23       1  25       2  26       1  33       1  34       1  36       1  40       1  41       1  49       1  50       1  54       1  57       1  63       1  64       1  72       1  80       1  81       1  83       1  88       2  90       1  91       1  96       2 105       1 110       1 111       1 113       1 118       1 120       1 121       1 124       2 128       1 132       1 153       1 160       1 168       1 174       1 175       1 177       1 178       2 184       1 185       1 193       1 194       1 195       1 200       1 201       1 203       1 210       1 225       1 226       1 228       1 235       1 240       1 245       1 247       1 254       1 255 

Per-node process memory usage (in MBs) for PID 184964 (p10-avx-n384-pi)
                           Node 0          Node 1           Total
                  --------------- --------------- ---------------
Huge                         0.00            0.00            0.00
Heap                         1.43            0.70            2.13
Stack                        0.03            0.04            0.07
Private                  65853.86        79312.61       145166.48
----------------  --------------- --------------- ---------------
Total                    65855.33        79313.35       145168.68
utc=2026-09-12T21:27:21Z VmHWM:=148652728kB VmRSS:=148652728kB VmSwap:=0kB Threads:=71 
MemAvailable_kib=94728284
      1   0       1   1       2   8       1   9       1  14       1  16       1  17       1  19       1  23       1  25       2  26       1  33       1  34       1  36       1  40       1  41       1  49       1  50       1  54       1  57       1  63       1  64       1  65       1  72       1  80       1  81       1  83       1  88       2  90       1  91       1  96       2 105       1 110       1 111       1 113       1 118       1 120       1 121       1 124       2 128       1 132       1 153       1 160       1 168       1 174       1 175       1 177       1 178       2 184       1 185       1 194       1 195       1 200       1 201       1 203       1 210       1 225       1 226       1 228       1 235       1 240       1 245       1 247       1 254       1 255 

Per-node process memory usage (in MBs) for PID 184964 (p10-avx-n384-pi)
                           Node 0          Node 1           Total
                  --------------- --------------- ---------------
Huge                         0.00            0.00            0.00
Heap                         1.43            0.70            2.13
Stack                        0.03            0.04            0.07
Private                  65940.50        79225.98       145166.48
----------------  --------------- --------------- ---------------
Total                    65941.96        79226.71       145168.68
utc=2026-09-12T21:27:52Z VmHWM:=148652728kB VmRSS:=148652728kB VmSwap:=0kB Threads:=71 
MemAvailable_kib=94745208
      1   0       1   1       2   8       1   9       1  14       1  16       1  17       1  19       1  25       2  26       1  33       1  36       1  40       1  41       1  49       1  50       1  54       1  57       1  63       1  64       1  72       1  80       1  83       1  88       2  90       1  91       1  96       2 105       1 110       1 111       1 113       1 118       1 120       1 121       1 124       2 128       1 132       1 151       1 153       1 160       1 162       1 168       1 174       1 175       1 177       1 178       2 184       1 185       1 193       1 194       1 195       1 200       1 201       1 203       1 209       1 210       1 225       1 226       1 228       1 235       1 240       1 245       1 247       1 254       1 255 

Per-node process memory usage (in MBs) for PID 184964 (p10-avx-n384-pi)
                           Node 0          Node 1           Total
                  --------------- --------------- ---------------
Huge                         0.00            0.00            0.00
Heap                         1.47            0.66            2.13
Stack                        0.03            0.04            0.07
Private                  65945.16        79221.32       145166.48
----------------  --------------- --------------- ---------------
Total                    65946.66        79222.01       145168.68
utc=2026-09-12T21:28:23Z VmHWM:=148652728kB VmRSS:=148652728kB VmSwap:=0kB Threads:=71 
MemAvailable_kib=94759148
      1   1       2   8       1   9       1  14       1  16       1  17       1  19       1  25       2  26       1  33       1  36       1  40       1  41       1  49       1  50       1  54       1  56       1  57       1  63       1  64       1  72       1  80       1  83       1  88       2  90       1  91       1  96       2 105       1 110       1 111       1 113       1 118       1 120       1 121       1 124       3 128       1 132       1 151       1 153       1 160       1 162       1 168       1 174       1 175       1 177       1 178       1 184       1 185       1 193       1 194       1 195       1 200       1 201       1 203       1 209       1 210       1 225       1 226       1 228       1 235       1 240       1 245       1 247       1 254       1 255 

Per-node process memory usage (in MBs) for PID 184964 (p10-avx-n384-pi)
                           Node 0          Node 1           Total
                  --------------- --------------- ---------------
Huge                         0.00            0.00            0.00
Heap                         1.47            0.66            2.13
Stack                        0.03            0.04            0.07
Private                  65945.16        79221.32       145166.48
----------------  --------------- --------------- ---------------
Total                    65946.66        79222.01       145168.68
utc=2026-09-12T21:28:54Z VmHWM:=148652728kB VmRSS:=148652728kB VmSwap:=0kB Threads:=71 
MemAvailable_kib=94761164
      1   1       2   8       1   9       1  14       1  16       1  17       1  19       1  25       2  26       1  33       1  36       1  40       1  41       1  49       1  50       1  54       1  56       1  57       1  63       1  64       1  72       1  80       1  83       1  88       2  90       1  91       1  96       2 105       1 110       1 111       1 113       1 118       1 120       1 121       1 124       2 128       1 132       1 136       1 151       1 153       1 160       1 162       1 168       1 174       1 175       1 177       1 178       1 184       1 185       1 193       1 194       1 195       1 200       1 201       1 203       1 209       1 210       1 225       1 226       1 228       1 235       1 240       1 245       1 247       1 254       1 255 

Per-node process memory usage (in MBs) for PID 184964 (p10-avx-n384-pi)
                           Node 0          Node 1           Total
                  --------------- --------------- ---------------
Huge                         0.00            0.00            0.00
Heap                         1.47            0.66            2.13
Stack                        0.03            0.04            0.07
Private                  65952.96        79213.52       145166.48
----------------  --------------- --------------- ---------------
Total                    65954.46        79214.21       145168.68
utc=2026-09-12T21:29:25Z VmHWM:=148652728kB VmRSS:=148652728kB VmSwap:=0kB Threads:=71 
MemAvailable_kib=94745252
      1   1       3   8       1   9       1  14       1  16       1  17       1  19       1  25       2  26       1  33       1  40       1  41       1  46       1  49       1  50       1  54       1  56       1  57       1  63       1  64       2  72       1  80       1  81       1  83       2  90       1  91       1  96       1  98       2 105       1 110       1 111       1 113       1 118       1 120       1 121       1 124       2 128       1 132       1 151       1 153       1 160       1 162       1 164       1 168       1 175       1 177       1 178       1 184       1 185       1 193       1 194       1 195       1 201       1 203       1 210       1 216       1 225       1 228       1 235       1 240       1 245       1 247       1 254       1 255 

Per-node process memory usage (in MBs) for PID 184964 (p10-avx-n384-pi)
                           Node 0          Node 1           Total
                  --------------- --------------- ---------------
Huge                         0.00            0.00            0.00
Heap                         1.48            0.65            2.13
Stack                        0.03            0.04            0.07
Private                  65958.44        79208.04       145166.48
----------------  --------------- --------------- ---------------
Total                    65959.95        79208.73       145168.68
utc=2026-09-12T21:29:56Z VmHWM:=148652728kB VmRSS:=148652728kB VmSwap:=0kB Threads:=71 
MemAvailable_kib=94749964
      1   1       3   8       1   9       1  14       1  16       1  17       1  19       1  25       2  26       1  33       1  40       1  41       1  46       1  49       1  50       1  54       1  57       1  63       1  64       2  72       1  80       1  81       1  83       2  90       1  91       1  96       1  98       2 105       1 110       1 111       1 113       1 118       1 120       1 121       1 124       2 128       1 132       1 151       1 153       1 160       1 162       1 164       1 168       1 175       1 177       1 178       2 184       1 185       1 193       1 194       1 195       1 201       1 203       1 210       1 216       1 225       1 228       1 235       1 240       1 245       1 247       1 254       1 255 

Per-node process memory usage (in MBs) for PID 184964 (p10-avx-n384-pi)
                           Node 0          Node 1           Total
                  --------------- --------------- ---------------
Huge                         0.00            0.00            0.00
Heap                         1.48            0.65            2.13
Stack                        0.03            0.04            0.07
Private                  65958.44        79208.04       145166.48
----------------  --------------- --------------- ---------------
Total                    65959.95        79208.73       145168.68
utc=2026-09-12T21:30:27Z VmHWM:=148652728kB VmRSS:=148652728kB VmSwap:=0kB Threads:=71 
MemAvailable_kib=94702324
      1   1       3   8       1   9       1  14       1  16       1  17       1  19       1  25       2  26       1  33       1  40       1  41       1  46       1  49       1  50       1  54       1  57       1  63       1  64       2  72       1  80       1  81       1  83       2  90       1  91       1  96       1  98       2 105       1 110       1 111       1 113       1 118       1 120       1 121       1 124       2 128       1 132       1 151       1 153       1 160       1 162       1 164       1 168       1 175       1 177       1 178       2 184       1 185       1 193       1 194       1 195       1 201       1 203       1 210       1 216       1 225       1 228       1 235       1 240       1 245       1 247       1 254       1 255 

Per-node process memory usage (in MBs) for PID 184964 (p10-avx-n384-pi)
                           Node 0          Node 1           Total
                  --------------- --------------- ---------------
Huge                         0.00            0.00            0.00
Heap                         1.48            0.65            2.13
Stack                        0.03            0.04            0.07
Private                  65964.45        79202.03       145166.48
----------------  --------------- --------------- ---------------
Total                    65965.96        79202.72       145168.68
utc=2026-09-12T21:30:58Z VmHWM:=148652728kB VmRSS:=148652728kB VmSwap:=0kB Threads:=71 
MemAvailable_kib=94716804
      1   1       3   8       1   9       1  14       1  16       1  17       1  19       1  23       1  25       2  26       1  33       1  34       1  40       1  41       1  46       1  49       1  50       1  54       1  56       1  57       1  63       1  64       1  65       2  72       1  80       1  81       1  83       1  90       1  91       1  96       1  98       2 105       1 110       1 111       1 113       1 118       1 120       1 121       2 128       1 132       1 153       1 160       1 164       1 168       1 175       1 177       1 178       1 184       1 185       1 194       1 195       1 201       1 203       1 210       1 216       1 218       1 225       1 228       1 235       1 240       1 245       1 247       1 252       1 254       1 255 

Per-node process memory usage (in MBs) for PID 184964 (p10-avx-n384-pi)
                           Node 0          Node 1           Total
                  --------------- --------------- ---------------
Huge                         0.00            0.00            0.00
Heap                         1.49            0.64            2.13
Stack                        0.03            0.04            0.07
Private                  65964.45        79202.03       145166.48
----------------  --------------- --------------- ---------------
Total                    65965.97        79202.71       145168.68
utc=2026-09-12T21:31:29Z VmHWM:=148652728kB VmRSS:=148652728kB VmSwap:=0kB Threads:=71 
MemAvailable_kib=94753220
      1   0       1   1       2   8       1   9       1  14       1  16       1  17       1  19       1  23       1  25       2  26       1  33       1  40       1  41       1  46       1  49       1  50       1  54       1  56       1  57       1  64       1  65       2  72       1  80       1  81       1  83       1  90       1  91       1  96       1  98       2 105       1 110       1 111       1 113       1 118       1 120       1 121       1 124       1 128       1 132       1 136       1 153       1 160       1 162       1 164       1 168       1 175       1 177       1 178       1 184       1 185       1 191       1 194       1 195       1 201       1 203       1 210       1 216       1 218       1 225       1 228       1 235       1 240       1 245       1 247       1 254       1 255 

Per-node process memory usage (in MBs) for PID 184964 (p10-avx-n384-pi)
                           Node 0          Node 1           Total
                  --------------- --------------- ---------------
Huge                         0.00            0.00            0.00
Heap                         1.48            0.65            2.13
Stack                        0.03            0.04            0.07
Private                  65964.45        79202.03       145166.48
----------------  --------------- --------------- ---------------
Total                    65965.96        79202.72       145168.68
utc=2026-09-12T21:32:00Z VmHWM:=148652728kB VmRSS:=148652728kB VmSwap:=0kB Threads:=71 
MemAvailable_kib=94761676
      2   1       3   8       1   9       1  14       1  16       1  17       1  19       1  23       1  25       2  26       1  33       1  40       1  41       1  46       1  49       1  50       1  54       1  56       1  57       1  64       1  65       2  72       1  80       1  81       1  83       2  90       1  91       1  96       1  98       1 104       2 105       1 111       1 113       1 118       1 120       1 121       1 124       1 128       1 132       1 153       1 160       1 162       1 164       1 168       1 175       1 177       1 178       1 184       1 185       1 191       1 194       1 195       1 201       1 203       1 210       1 216       1 225       1 228       1 235       1 240       1 245       1 247       1 254       1 255 

Per-node process memory usage (in MBs) for PID 184964 (p10-avx-n384-pi)
                           Node 0          Node 1           Total
                  --------------- --------------- ---------------
Huge                         0.00            0.00            0.00
Heap                         1.48            0.65            2.13
Stack                        0.03            0.04            0.07
Private                  65936.95        79229.53       145166.48
----------------  --------------- --------------- ---------------
Total                    65938.46        79230.22       145168.68
utc=2026-09-12T21:32:31Z VmHWM:=148652728kB VmRSS:=148652728kB VmSwap:=0kB Threads:=71 
MemAvailable_kib=94779796
      2   1       2   8       1   9       1  14       1  16       1  17       1  19       1  25       2  26       1  33       1  34       1  40       1  41       1  46       1  49       1  50       1  54       1  56       1  57       1  64       2  72       1  80       1  81       1  83       2  90       1  91       1  96       1  98       1 104       2 105       1 111       1 113       1 118       1 120       1 121       1 124       1 128       1 132       1 136       1 151       1 153       1 160       1 164       1 168       1 175       1 177       1 178       1 184       1 185       1 191       1 193       1 194       1 195       1 201       1 203       1 210       1 216       1 225       1 228       1 235       1 240       1 245       1 247       1 254       1 255 

Per-node process memory usage (in MBs) for PID 184964 (p10-avx-n384-pi)
                           Node 0          Node 1           Total
                  --------------- --------------- ---------------
Huge                         0.00            0.00            0.00
Heap                         1.48            0.65            2.13
Stack                        0.03            0.04            0.07
Private                  65933.41        79233.07       145166.48
----------------  --------------- --------------- ---------------
Total                    65934.92        79233.76       145168.68
utc=2026-09-12T21:33:02Z VmHWM:=148652728kB VmRSS:=148652728kB VmSwap:=0kB Threads:=71 
MemAvailable_kib=94787740
      2   1       3   8       1   9       1  14       1  16       1  17       1  19       1  23       1  25       2  26       1  33       1  34       1  40       1  41       1  46       1  49       1  50       1  54       1  56       2  57       1  64       2  72       1  80       1  81       1  83       2  90       1  91       1  96       1  98       1 104       2 105       1 111       1 113       1 120       1 121       1 124       1 128       1 132       1 153       1 160       1 164       1 168       1 175       1 177       1 178       1 184       1 191       1 193       1 194       1 195       1 201       1 203       1 210       1 216       1 225       1 228       1 235       1 240       1 245       1 246       1 247       1 254       1 255 

Per-node process memory usage (in MBs) for PID 184964 (p10-avx-n384-pi)
                           Node 0          Node 1           Total
                  --------------- --------------- ---------------
Huge                         0.00            0.00            0.00
Heap                         1.48            0.65            2.13
Stack                        0.03            0.04            0.07
Private                  65933.41        79233.07       145166.48
----------------  --------------- --------------- ---------------
Total                    65934.92        79233.76       145168.68
utc=2026-09-12T21:33:33Z VmHWM:=148652728kB VmRSS:=148652728kB VmSwap:=0kB Threads:=71 
MemAvailable_kib=94787792
      2   1       2   8       1   9       1  14       1  16       1  17       1  19       1  23       1  25       2  26       1  33       1  34       1  40       1  41       1  46       1  49       1  50       1  54       1  56       2  57       2  64       2  72       1  80       1  81       1  83       2  90       1  91       1  96       1  98       1 104       2 105       1 111       1 113       1 120       1 121       1 124       1 128       1 132       1 153       1 160       1 164       1 168       1 175       1 177       1 178       1 184       1 191       1 193       1 194       1 195       1 201       1 203       1 210       1 216       1 225       1 228       1 235       1 240       1 245       1 246       1 247       1 254       1 255 

Per-node process memory usage (in MBs) for PID 184964 (p10-avx-n384-pi)
                           Node 0          Node 1           Total
                  --------------- --------------- ---------------
Huge                         0.00            0.00            0.00
Heap                         1.48            0.65            2.13
Stack                        0.03            0.04            0.07
Private                  65933.41        79233.07       145166.48
----------------  --------------- --------------- ---------------
Total                    65934.92        79233.76       145168.68
utc=2026-09-12T21:34:04Z VmHWM:=148652728kB VmRSS:=148652728kB VmSwap:=0kB Threads:=71 
MemAvailable_kib=94786216
      2   1       2   8       1   9       1  14       1  16       1  17       1  19       1  23       1  25       2  26       1  33       1  34       1  40       1  41       1  46       1  49       1  50       1  54       1  56       2  57       1  64       2  72       1  80       1  81       1  83       2  90       1  91       1  96       1  98       1 104       2 105       1 111       1 113       1 120       1 121       1 124       1 128       1 132       1 153       1 160       1 164       1 168       1 175       1 177       1 178       1 184       1 191       1 192       1 193       1 194       1 195       1 201       1 203       1 210       1 216       1 225       1 228       1 235       1 240       1 245       1 246       1 247       1 254       1 255 

Per-node process memory usage (in MBs) for PID 184964 (p10-avx-n384-pi)
                           Node 0          Node 1           Total
                  --------------- --------------- ---------------
Huge                         0.00            0.00            0.00
Heap                         1.48            0.65            2.13
Stack                        0.03            0.04            0.07
Private                  65784.86        79381.61       145166.48
----------------  --------------- --------------- ---------------
Total                    65786.38        79382.30       145168.68
utc=2026-09-12T21:34:35Z VmHWM:=148652728kB VmRSS:=148652728kB VmSwap:=0kB Threads:=71 
MemAvailable_kib=94779860
      2   1       2   8       1   9       1  14       1  16       1  17       1  19       1  23       1  25       2  26       1  33       1  34       1  40       1  41       1  46       1  49       1  50       1  54       1  56       2  57       1  64       2  72       1  80       1  81       1  83       2  90       1  91       1  96       1  98       1 104       2 105       1 111       1 113       1 120       1 121       1 124       1 128       1 132       1 153       1 160       1 164       1 168       1 175       1 177       1 178       1 184       1 191       1 193       1 194       1 195       1 201       1 203       1 210       1 216       1 225       1 228       1 235       1 240       1 245       1 246       1 247       1 248       1 254       1 255 

Per-node process memory usage (in MBs) for PID 184964 (p10-avx-n384-pi)
                           Node 0          Node 1           Total
                  --------------- --------------- ---------------
Huge                         0.00            0.00            0.00
Heap                         1.45            0.68            2.13
Stack                        0.03            0.04            0.07
Private                  65842.48        79324.00       145166.48
----------------  --------------- --------------- ---------------
Total                    65843.96        79324.72       145168.68
utc=2026-09-12T21:35:06Z VmHWM:=148652728kB VmRSS:=148652728kB VmSwap:=0kB Threads:=71 
MemAvailable_kib=94779928
      2   1       2   8       1   9       1  14       1  16       1  17       1  19       1  23       1  25       2  26       1  32       1  33       1  34       1  40       1  41       1  46       1  49       1  50       1  54       2  57       1  64       2  72       1  80       1  81       1  83       2  90       1  91       1  96       1  98       1 104       2 105       1 111       1 113       1 120       1 121       1 124       1 128       1 132       1 153       1 160       1 164       1 168       1 175       1 177       1 178       1 184       1 191       1 193       1 194       1 195       1 201       1 203       1 210       1 216       1 225       1 228       1 235       1 240       1 245       1 246       1 247       1 248       1 254       1 255 

Per-node process memory usage (in MBs) for PID 184964 (p10-avx-n384-pi)
                           Node 0          Node 1           Total
                  --------------- --------------- ---------------
Huge                         0.00            0.00            0.00
Heap                         1.45            0.68            2.13
Stack                        0.03            0.04            0.07
Private                  65851.14        79315.33       145166.48
----------------  --------------- --------------- ---------------
Total                    65852.62        79316.05       145168.68
utc=2026-09-12T21:35:37Z VmHWM:=148652728kB VmRSS:=148652728kB VmSwap:=0kB Threads:=71 
MemAvailable_kib=94740032
      2   1       2   8       1   9       1  14       1  16       1  17       1  19       1  23       1  25       2  26       1  33       1  34       1  40       1  41       1  46       1  49       1  50       1  54       2  57       1  63       1  64       2  72       1  80       1  81       1  83       2  90       1  91       1  96       1  98       1 104       2 105       1 111       1 112       1 113       1 120       1 121       1 124       1 128       1 132       1 153       2 160       1 164       1 168       1 175       1 177       1 178       1 184       1 193       1 194       1 195       1 201       1 203       1 210       1 216       1 225       1 228       1 235       1 245       1 246       1 247       1 248       1 254       1 255 

Per-node process memory usage (in MBs) for PID 184964 (p10-avx-n384-pi)
                           Node 0          Node 1           Total
                  --------------- --------------- ---------------
Huge                         0.00            0.00            0.00
Heap                         1.45            0.68            2.13
Stack                        0.03            0.04            0.07
Private                  65816.00        79350.47       145166.48
----------------  --------------- --------------- ---------------
Total                    65817.48        79351.20       145168.68
utc=2026-09-12T21:36:08Z VmHWM:=148652728kB VmRSS:=148652728kB VmSwap:=0kB Threads:=71 
MemAvailable_kib=94761184
      2   1       2   8       1   9       1  14       2  16       1  17       1  19       1  23       1  25       2  26       1  33       1  34       1  40       1  41       1  46       1  49       1  50       1  54       2  57       1  63       1  64       2  72       1  80       1  81       1  83       2  90       1  91       1  96       1  98       1 104       2 105       1 111       1 112       1 113       1 120       1 121       1 124       1 128       1 132       1 153       2 160       1 164       1 175       1 177       1 178       1 184       1 193       1 194       1 195       1 201       1 203       1 210       1 216       1 225       1 228       1 235       1 245       1 246       1 247       1 248       1 254       1 255 

Per-node process memory usage (in MBs) for PID 184964 (p10-avx-n384-pi)
                           Node 0          Node 1           Total
                  --------------- --------------- ---------------
Huge                         0.00            0.00            0.00
Heap                         1.45            0.68            2.13
Stack                        0.03            0.04            0.07
Private                  65774.83        79391.65       145166.48
----------------  --------------- --------------- ---------------
Total                    65776.30        79392.37       145168.68
utc=2026-09-12T21:36:39Z VmHWM:=148652728kB VmRSS:=148652728kB VmSwap:=0kB Threads:=71 
MemAvailable_kib=94782440
      2   1       2   8       1   9       1  14       2  16       1  17       1  19       1  23       1  25       2  26       1  32       1  33       1  34       1  40       1  41       1  46       1  49       1  50       1  54       2  57       1  63       1  64       2  72       1  80       1  81       1  83       2  90       1  91       1  96       1  98       1 104       2 105       1 111       1 112       1 113       1 120       1 121       1 124       1 128       1 132       1 153       1 160       1 164       1 175       1 177       1 178       1 184       1 193       1 194       1 195       1 201       1 203       1 210       1 216       1 225       1 228       1 235       1 245       1 246       1 247       1 248       1 254       1 255 

Per-node process memory usage (in MBs) for PID 184964 (p10-avx-n384-pi)
                           Node 0          Node 1           Total
                  --------------- --------------- ---------------
Huge                         0.00            0.00            0.00
Heap                         1.45            0.68            2.13
Stack                        0.03            0.04            0.07
Private                  65762.59        79403.89       145166.48
----------------  --------------- --------------- ---------------
Total                    65764.06        79404.61       145168.68
utc=2026-09-12T21:37:11Z VmHWM:=148652728kB VmRSS:=148652728kB VmSwap:=0kB Threads:=71 
MemAvailable_kib=94790840
      1   1       1   8       1   9       1  14       2  16       1  17       1  19       1  23       1  25       2  26       1  32       1  33       1  34       1  40       1  41       1  46       1  49       1  50       1  54       2  57       1  63       1  64       2  72       1  80       1  81       1  83       2  90       1  91       1  96       1  98       1 104       2 105       1 111       1 112       1 113       2 120       1 121       1 124       1 128       1 129       1 132       1 136       1 153       1 160       1 164       1 175       1 177       1 178       1 184       1 193       1 194       1 195       1 201       1 203       1 210       1 216       1 225       1 228       1 235       1 245       1 246       1 247       1 254       1 255 

Per-node process memory usage (in MBs) for PID 184964 (p10-avx-n384-pi)
                           Node 0          Node 1           Total
                  --------------- --------------- ---------------
Huge                         0.00            0.00            0.00
Heap                         1.44            0.69            2.13
Stack                        0.03            0.04            0.07
Private                  65760.22        79406.26       145166.48
----------------  --------------- --------------- ---------------
Total                    65761.69        79406.98       145168.68
utc=2026-09-12T21:37:42Z VmHWM:=148652728kB VmRSS:=148652728kB VmSwap:=0kB Threads:=71 
MemAvailable_kib=94796944
      2   1       1   8       1   9       1  14       2  16       1  17       1  19       1  23       1  25       1  26       1  33       1  34       1  40       1  41       1  46       1  49       1  50       1  54       2  57       1  63       1  64       2  72       1  80       1  81       1  83       2  90       1  91       1  96       1  98       1 104       2 105       1 111       1 112       1 113       2 120       1 121       1 124       1 128       1 132       1 136       1 153       1 154       2 160       1 164       1 175       1 177       1 178       1 184       1 193       1 194       1 195       1 201       1 203       1 210       1 216       1 225       1 228       1 235       1 245       1 246       1 247       1 254       1 255 

Per-node process memory usage (in MBs) for PID 184964 (p10-avx-n384-pi)
                           Node 0          Node 1           Total
                  --------------- --------------- ---------------
Huge                         0.00            0.00            0.00
Heap                         1.44            0.69            2.13
Stack                        0.03            0.04            0.07
Private                  65760.22        79406.26       145166.48
----------------  --------------- --------------- ---------------
Total                    65761.69        79406.98       145168.68
utc=2026-09-12T21:38:13Z VmHWM:=148652728kB VmRSS:=148652728kB VmSwap:=0kB Threads:=71 
MemAvailable_kib=94795376
      2   1       1   8       1   9       1  14       2  16       1  17       1  19       1  23       1  25       1  26       1  33       1  34       1  40       1  41       1  46       1  49       1  50       1  54       2  57       1  63       1  64       2  72       1  80       1  81       1  83       2  90       1  91       1  96       1  98       1 104       2 105       1 111       1 112       1 113       2 120       1 121       1 124       1 128       1 132       1 136       1 153       1 154       2 160       1 164       1 175       1 177       1 178       1 184       1 193       1 194       1 195       1 201       1 203       1 210       1 216       1 225       1 228       1 235       1 245       1 246       1 247       1 254       1 255 

Per-node process memory usage (in MBs) for PID 184964 (p10-avx-n384-pi)
                           Node 0          Node 1           Total
                  --------------- --------------- ---------------
Huge                         0.00            0.00            0.00
Heap                         1.44            0.69            2.13
Stack                        0.03            0.04            0.07
Private                  65760.22        79406.26       145166.48
----------------  --------------- --------------- ---------------
Total                    65761.69        79406.98       145168.68
utc=2026-09-12T21:38:44Z VmHWM:=148652728kB VmRSS:=148652728kB VmSwap:=0kB Threads:=71 
MemAvailable_kib=94790256
      2   1       1   8       1   9       1  14       2  16       1  17       1  19       1  23       1  25       1  26       1  33       1  34       1  40       1  41       1  46       1  49       1  50       1  54       2  57       1  63       1  64       2  72       1  80       1  81       1  83       2  90       1  91       1  96       1  98       1 104       2 105       1 111       1 112       1 113       2 120       1 121       1 124       1 128       1 132       1 136       1 153       1 154       2 160       1 164       1 175       1 177       1 178       1 184       1 193       1 194       1 195       1 201       1 203       1 210       1 216       1 225       1 228       1 235       1 245       1 246       1 247       1 254       1 255 

Per-node process memory usage (in MBs) for PID 184964 (p10-avx-n384-pi)
                           Node 0          Node 1           Total
                  --------------- --------------- ---------------
Huge                         0.00            0.00            0.00
Heap                         1.43            0.70            2.13
Stack                        0.03            0.04            0.07
Private                  65760.21        79406.27       145166.48
----------------  --------------- --------------- ---------------
Total                    65761.67        79407.00       145168.68
utc=2026-09-12T21:39:15Z VmHWM:=148652728kB VmRSS:=148652728kB VmSwap:=0kB Threads:=71 
MemAvailable_kib=94792620
      2   1       1   8       1   9       1  14       2  16       1  17       1  19       1  23       1  25       1  26       1  32       1  33       1  34       1  40       1  41       1  46       1  49       1  50       1  54       2  57       1  63       1  64       2  72       1  80       1  81       1  83       2  90       1  91       1  96       1  98       1 104       2 105       1 111       1 112       1 113       2 120       1 121       1 124       1 128       1 132       1 136       1 153       1 154       1 160       1 164       1 175       1 177       1 178       1 184       1 193       1 194       1 195       1 201       1 203       1 210       1 216       1 225       1 228       1 235       1 245       1 246       1 247       1 254       1 255 

Per-node process memory usage (in MBs) for PID 184964 (p10-avx-n384-pi)
                           Node 0          Node 1           Total
                  --------------- --------------- ---------------
Huge                         0.00            0.00            0.00
Heap                         1.44            0.69            2.13
Stack                        0.03            0.04            0.07
Private                  65687.48        79478.99       145166.48
----------------  --------------- --------------- ---------------
Total                    65688.95        79479.72       145168.68
utc=2026-09-12T21:39:46Z VmHWM:=148652728kB VmRSS:=148652728kB VmSwap:=0kB Threads:=71 
MemAvailable_kib=94769424
      2   1       1   8       1   9       1  14       1  16       1  17       1  19       1  23       1  25       1  26       1  33       1  34       1  40       1  41       1  46       1  49       1  50       1  54       2  57       1  63       1  64       2  72       1  80       1  81       1  83       2  90       1  91       1  96       1  98       1 104       2 105       1 111       1 112       1 113       2 120       1 121       1 124       1 128       1 132       2 136       1 144       1 153       1 154       1 160       1 164       1 175       1 177       1 178       1 184       1 193       1 194       1 195       1 201       1 203       1 210       1 216       1 225       1 228       1 235       1 245       1 246       1 247       1 254       1 255 

Per-node process memory usage (in MBs) for PID 184964 (p10-avx-n384-pi)
                           Node 0          Node 1           Total
                  --------------- --------------- ---------------
Huge                         0.00            0.00            0.00
Heap                         1.44            0.69            2.13
Stack                        0.03            0.04            0.07
Private                  65727.47        79439.01       145166.48
----------------  --------------- --------------- ---------------
Total                    65728.94        79439.74       145168.68
utc=2026-09-12T21:40:17Z VmHWM:=148652728kB VmRSS:=148652728kB VmSwap:=0kB Threads:=71 
MemAvailable_kib=94773316
      2   1       2   8       1   9       1  14       1  16       1  17       1  19       1  25       1  26       1  33       1  40       1  41       1  46       1  49       1  50       1  54       2  57       1  63       1  64       2  72       1  80       1  81       1  83       2  90       1  91       1  96       1  98       1 104       2 105       1 111       1 112       1 113       2 120       1 121       1 124       1 128       1 132       1 136       1 144       1 151       1 153       1 154       1 160       1 162       1 164       1 175       1 177       1 178       1 184       1 193       1 194       1 195       1 201       1 203       1 210       1 216       1 225       1 228       1 235       1 245       1 246       1 247       1 254       1 255 

Per-node process memory usage (in MBs) for PID 184964 (p10-avx-n384-pi)
                           Node 0          Node 1           Total
                  --------------- --------------- ---------------
Huge                         0.00            0.00            0.00
Heap                         1.45            0.68            2.13
Stack                        0.03            0.04            0.07
Private                  65727.47        79439.01       145166.48
----------------  --------------- --------------- ---------------
Total                    65728.95        79439.73       145168.68
utc=2026-09-12T21:40:48Z VmHWM:=148652728kB VmRSS:=148652728kB VmSwap:=0kB Threads:=71 
MemAvailable_kib=94770976
      2   1       1   8       1   9       1  14       2  16       1  17       1  19       2  25       1  26       1  33       1  34       1  40       1  41       1  46       1  49       1  50       1  54       2  57       1  63       1  64       2  72       1  80       1  81       1  83       2  90       1  91       1  96       1  98       1 104       2 105       1 111       1 112       1 113       2 120       1 121       1 124       1 128       1 132       1 136       1 142       1 151       1 154       1 160       1 164       1 175       1 177       1 178       1 184       1 193       1 194       1 195       1 201       1 203       1 210       1 216       1 225       1 228       1 235       1 245       1 246       1 247       1 254       1 255 

Per-node process memory usage (in MBs) for PID 184964 (p10-avx-n384-pi)
                           Node 0          Node 1           Total
                  --------------- --------------- ---------------
Huge                         0.00            0.00            0.00
Heap                         1.45            0.68            2.13
Stack                        0.03            0.04            0.07
Private                  65687.50        79478.97       145166.48
----------------  --------------- --------------- ---------------
Total                    65688.98        79479.69       145168.68
utc=2026-09-12T21:41:19Z VmHWM:=148652728kB VmRSS:=148652728kB VmSwap:=0kB Threads:=71 
MemAvailable_kib=94789524
      2   1       1   8       1   9       2  14       2  16       1  17       1  19       2  25       1  26       1  33       1  34       1  40       1  41       1  46       1  49       1  50       1  54       1  57       1  63       1  64       1  65       2  72       1  80       1  81       1  83       2  90       1  91       1  96       1  98       1 104       2 105       1 111       1 112       1 113       2 120       1 121       1 124       1 128       1 132       1 136       1 151       1 154       1 160       1 164       1 175       1 177       1 178       1 184       1 185       1 194       1 195       1 201       1 203       1 210       1 216       1 225       1 228       1 235       1 245       1 246       1 247       1 254       1 255 

Per-node process memory usage (in MBs) for PID 184964 (p10-avx-n384-pi)
                           Node 0          Node 1           Total
                  --------------- --------------- ---------------
Huge                         0.00            0.00            0.00
Heap                         1.45            0.68            2.13
Stack                        0.03            0.04            0.07
Private                  65687.50        79478.98       145166.48
----------------  --------------- --------------- ---------------
Total                    65688.98        79479.70       145168.68
utc=2026-09-12T21:41:50Z VmHWM:=148652728kB VmRSS:=148652728kB VmSwap:=0kB Threads:=71 
MemAvailable_kib=94789612
      2   1       1   8       1   9       2  14       1  16       1  17       1  19       1  23       2  25       1  26       1  33       1  34       1  40       1  41       1  46       1  47       1  49       1  50       1  54       1  57       1  64       2  72       1  80       1  81       1  83       2  90       1  91       1  96       1  98       1 104       2 105       1 111       1 112       1 113       2 120       1 121       1 124       1 128       1 132       1 136       1 144       1 154       1 160       1 164       1 177       1 178       1 184       1 185       1 191       1 193       1 194       1 195       1 201       1 203       1 210       1 216       1 225       1 228       1 235       1 245       1 246       1 247       1 254       1 255 

Per-node process memory usage (in MBs) for PID 184964 (p10-avx-n384-pi)
                           Node 0          Node 1           Total
                  --------------- --------------- ---------------
Huge                         0.00            0.00            0.00
Heap                         1.44            0.69            2.13
Stack                        0.03            0.04            0.07
Private                  65687.50        79478.98       145166.48
----------------  --------------- --------------- ---------------
Total                    65688.97        79479.71       145168.68
utc=2026-09-12T21:42:21Z VmHWM:=148652728kB VmRSS:=148652728kB VmSwap:=0kB Threads:=71 
MemAvailable_kib=94797456
      2   1       1   8       1   9       1  13       1  14       2  16       1  17       1  19       1  23       2  25       1  26       1  33       1  34       1  40       1  41       1  46       1  47       1  49       1  50       1  54       1  57       1  64       2  72       1  80       1  81       1  83       2  90       1  91       1  96       1  98       1 104       2 105       1 111       1 112       1 113       1 120       1 121       1 124       1 128       1 132       1 136       1 154       1 160       1 164       1 177       1 178       1 184       1 185       1 191       1 193       1 194       1 195       1 201       1 203       1 210       1 216       1 225       1 228       1 235       1 245       1 246       1 247       1 248       1 254       1 255 

Per-node process memory usage (in MBs) for PID 184964 (p10-avx-n384-pi)
                           Node 0          Node 1           Total
                  --------------- --------------- ---------------
Huge                         0.00            0.00            0.00
Heap                         1.44            0.69            2.13
Stack                        0.03            0.04            0.07
Private                  65678.87        79487.61       145166.48
----------------  --------------- --------------- ---------------
Total                    65680.34        79488.34       145168.68
utc=2026-09-12T21:42:52Z VmHWM:=148652728kB VmRSS:=148652728kB VmSwap:=0kB Threads:=71 
MemAvailable_kib=94795296
      2   1       1   8       1   9       1  13       1  14       2  16       1  17       1  19       1  23       2  25       1  26       1  33       1  34       1  40       1  41       1  46       1  47       1  49       1  50       1  54       1  57       1  64       2  72       1  80       1  81       1  83       2  90       1  91       1  96       1  98       1 104       2 105       1 111       1 112       1 113       1 121       1 124       1 128       1 132       1 136       1 154       1 160       1 164       1 177       1 178       1 184       1 185       1 191       1 193       1 194       1 195       1 201       1 203       1 210       1 216       1 225       1 228       1 235       1 245       1 246       1 247       2 248       1 254       1 255 

Per-node process memory usage (in MBs) for PID 184964 (p10-avx-n384-pi)
                           Node 0          Node 1           Total
                  --------------- --------------- ---------------
Huge                         0.00            0.00            0.00
Heap                         1.44            0.69            2.13
Stack                        0.03            0.04            0.07
Private                  65678.87        79487.61       145166.48
----------------  --------------- --------------- ---------------
Total                    65680.34        79488.34       145168.68
utc=2026-09-12T21:43:23Z VmHWM:=148652728kB VmRSS:=148652728kB VmSwap:=0kB Threads:=71 
MemAvailable_kib=94796820
      2   1       1   8       1   9       1  13       2  16       1  17       1  19       1  23       2  25       1  26       1  33       1  34       1  40       1  41       1  46       1  47       1  49       1  50       1  54       1  57       1  64       2  72       1  80       1  81       1  83       2  90       1  91       1  96       1  98       1 104       2 105       1 111       1 112       1 113       1 121       1 124       1 128       1 132       1 136       1 142       1 154       1 160       1 164       1 177       1 178       1 184       1 185       1 191       1 193       1 194       1 195       1 201       1 203       1 210       1 216       1 225       1 228       1 235       1 245       1 246       1 247       2 248       1 254       1 255 

Per-node process memory usage (in MBs) for PID 184964 (p10-avx-n384-pi)
                           Node 0          Node 1           Total
                  --------------- --------------- ---------------
Huge                         0.00            0.00            0.00
Heap                         1.44            0.69            2.13
Stack                        0.03            0.04            0.07
Private                  65678.87        79487.61       145166.48
----------------  --------------- --------------- ---------------
Total                    65680.34        79488.34       145168.68
utc=2026-09-12T21:43:54Z VmHWM:=148652728kB VmRSS:=148652728kB VmSwap:=0kB Threads:=71 
MemAvailable_kib=94802532
      1   1       1   8       1   9       1  13       2  16       1  17       1  19       1  23       2  25       1  26       1  33       1  34       1  40       1  41       1  46       1  47       1  49       1  50       1  54       1  57       1  64       2  72       1  80       1  81       1  83       2  90       1  91       1  96       1 104       2 105       1 111       1 112       1 113       1 121       1 124       1 128       1 129       1 132       1 136       1 142       1 154       1 160       1 164       1 177       1 178       1 184       1 185       1 191       1 193       1 194       1 195       1 201       1 203       1 210       1 216       1 225       1 226       1 228       1 235       1 245       1 246       1 247       2 248       1 254       1 255 

Per-node process memory usage (in MBs) for PID 184964 (p10-avx-n384-pi)
                           Node 0          Node 1           Total
                  --------------- --------------- ---------------
Huge                         0.00            0.00            0.00
Heap                         1.44            0.69            2.13
Stack                        0.03            0.04            0.07
Private                  65678.87        79487.61       145166.48
----------------  --------------- --------------- ---------------
Total                    65680.34        79488.34       145168.68
utc=2026-09-12T21:44:25Z VmHWM:=148652728kB VmRSS:=148652728kB VmSwap:=0kB Threads:=71 
MemAvailable_kib=94803212
      1   1       1   8       1   9       1  13       2  16       1  17       1  19       1  23       2  25       1  26       1  33       1  34       1  40       1  41       1  46       1  47       1  49       1  50       1  54       1  57       1  64       2  72       1  80       1  81       1  83       2  90       1  91       1  96       1 104       2 105       1 111       1 112       1 113       1 121       1 124       1 128       1 129       1 132       1 136       1 142       1 154       1 160       1 164       1 177       1 178       1 184       1 185       1 191       1 193       1 194       1 195       1 201       1 203       1 210       1 216       1 225       1 226       1 228       1 235       1 245       1 246       1 247       2 248       1 254       1 255 

Per-node process memory usage (in MBs) for PID 184964 (p10-avx-n384-pi)
                           Node 0          Node 1           Total
                  --------------- --------------- ---------------
Huge                         0.00            0.00            0.00
Heap                         1.44            0.69            2.13
Stack                        0.03            0.04            0.07
Private                  65678.87        79487.61       145166.48
----------------  --------------- --------------- ---------------
Total                    65680.34        79488.34       145168.68
utc=2026-09-12T21:44:56Z VmHWM:=148652728kB VmRSS:=148652728kB VmSwap:=0kB Threads:=71 
MemAvailable_kib=94792764
      1   1       1   8       1   9       1  13       2  16       1  17       1  19       1  23       2  25       1  26       1  33       1  34       1  40       1  41       1  46       1  47       1  49       1  50       1  54       1  57       1  64       2  72       1  80       1  81       1  83       2  90       1  91       1  96       1 104       2 105       1 111       1 112       1 113       1 121       1 124       1 128       1 129       1 132       1 136       1 142       1 154       1 160       1 164       1 177       1 178       1 184       1 185       1 191       1 193       1 194       1 195       1 201       1 203       1 210       1 216       1 225       1 226       1 228       1 235       1 245       1 246       1 247       2 248       1 254       1 255 

Per-node process memory usage (in MBs) for PID 184964 (p10-avx-n384-pi)
                           Node 0          Node 1           Total
                  --------------- --------------- ---------------
Huge                         0.00            0.00            0.00
Heap                         1.44            0.69            2.13
Stack                        0.03            0.04            0.07
Private                  65678.87        79487.61       145166.48
----------------  --------------- --------------- ---------------
Total                    65680.34        79488.34       145168.68
utc=2026-09-12T21:45:27Z VmHWM:=148652728kB VmRSS:=148652728kB VmSwap:=0kB Threads:=71 
MemAvailable_kib=94757080
      1   1       1   8       1   9       1  13       2  16       1  17       1  19       1  23       2  25       1  26       1  33       1  34       1  40       1  41       1  46       1  47       1  49       1  50       1  54       2  57       1  64       2  72       1  80       1  81       1  83       2  90       1  91       1  96       1 104       2 105       1 111       1 112       1 113       1 121       1 124       1 128       1 129       1 132       1 136       1 142       1 154       1 160       1 164       1 177       1 178       1 184       1 191       1 193       1 194       1 195       1 201       1 203       1 210       1 216       1 225       1 226       1 228       1 235       1 245       1 246       1 247       2 248       1 254       1 255 

Per-node process memory usage (in MBs) for PID 184964 (p10-avx-n384-pi)
                           Node 0          Node 1           Total
                  --------------- --------------- ---------------
Huge                         0.00            0.00            0.00
Heap                         1.44            0.69            2.13
Stack                        0.03            0.04            0.07
Private                  65678.85        79487.62       145166.48
----------------  --------------- --------------- ---------------
Total                    65680.32        79488.36       145168.68
utc=2026-09-12T21:45:58Z VmHWM:=148652728kB VmRSS:=148652728kB VmSwap:=0kB Threads:=71 
MemAvailable_kib=94761456
      1   1       1   8       1   9       1  13       1  14       2  16       1  17       1  19       1  23       1  24       2  25       1  26       1  33       1  34       1  40       1  41       1  46       1  47       1  49       1  50       1  54       2  57       1  64       2  72       1  80       1  81       1  83       2  90       1  91       1  96       1 104       2 105       1 111       1 112       1 113       1 121       1 124       1 128       1 129       1 132       1 136       1 154       1 160       1 164       1 178       1 184       1 191       1 193       1 194       1 195       1 201       1 203       1 210       1 216       1 225       1 226       1 228       1 235       1 245       1 246       1 247       2 248       1 254       1 255 

Per-node process memory usage (in MBs) for PID 184964 (p10-avx-n384-pi)
                           Node 0          Node 1           Total
                  --------------- --------------- ---------------
Huge                         0.00            0.00            0.00
Heap                         1.44            0.69            2.13
Stack                        0.03            0.04            0.07
Private                  65678.85        79487.62       145166.48
----------------  --------------- --------------- ---------------
Total                    65680.32        79488.36       145168.68
utc=2026-09-12T21:46:29Z VmHWM:=148652728kB VmRSS:=148652728kB VmSwap:=0kB Threads:=71 
MemAvailable_kib=94778948
      1   1       1   8       1   9       1  13       1  16       1  17       1  19       1  23       1  24       2  25       1  26       1  33       1  34       1  36       1  40       1  41       1  46       1  47       1  49       1  50       1  54       2  57       1  64       1  65       2  72       1  80       1  81       1  83       2  90       1  91       1  96       1 104       2 105       1 111       1 113       1 120       1 121       1 124       1 128       1 129       1 132       1 136       1 142       1 144       1 154       1 160       1 178       1 184       1 191       1 194       1 195       1 201       1 203       1 210       1 216       1 225       1 226       1 228       1 235       1 240       1 245       1 246       1 247       1 248       1 254       1 255 

Per-node process memory usage (in MBs) for PID 184964 (p10-avx-n384-pi)
                           Node 0          Node 1           Total
                  --------------- --------------- ---------------
Huge                         0.00            0.00            0.00
Heap                         1.44            0.69            2.13
Stack                        0.03            0.04            0.07
Private                  65678.80        79487.68       145166.48
----------------  --------------- --------------- ---------------
Total                    65680.27        79488.41       145168.68
utc=2026-09-12T21:47:00Z VmHWM:=148652728kB VmRSS:=148652728kB VmSwap:=0kB Threads:=71 
MemAvailable_kib=94783056
      1   1       1   8       1   9       2  16       1  17       1  19       1  23       1  24       2  25       1  26       1  33       1  34       1  36       1  40       1  41       1  46       1  47       1  49       1  50       1  54       2  57       2  64       1  65       2  72       1  80       1  81       1  83       2  90       1  91       1  96       1 104       2 105       1 111       1 113       1 120       1 121       1 124       1 128       1 129       1 132       1 136       1 137       1 143       1 154       1 160       1 178       1 184       1 191       1 194       1 195       1 201       1 203       1 210       1 216       1 225       1 226       1 228       1 235       1 240       1 245       1 246       1 247       1 254       1 255 

Per-node process memory usage (in MBs) for PID 184964 (p10-avx-n384-pi)
                           Node 0          Node 1           Total
                  --------------- --------------- ---------------
Huge                         0.00            0.00            0.00
Heap                         1.44            0.69            2.13
Stack                        0.03            0.04            0.07
Private                  65678.80        79487.68       145166.48
----------------  --------------- --------------- ---------------
Total                    65680.27        79488.41       145168.68
utc=2026-09-12T21:47:31Z VmHWM:=148652728kB VmRSS:=148652728kB VmSwap:=0kB Threads:=71 
MemAvailable_kib=94787860
      1   1       1   8       1   9       1  15       1  16       1  17       1  19       1  23       2  25       1  26       1  33       1  34       1  36       1  40       1  41       1  47       1  49       1  50       1  54       2  57       1  64       1  65       2  72       1  80       1  81       1  83       2  90       1  91       1  96       1 104       2 105       1 111       1 113       2 120       1 121       1 124       1 128       1 129       1 132       1 136       1 137       1 144       1 152       1 154       1 160       1 174       1 178       1 184       1 191       1 194       1 195       1 201       1 203       1 210       1 216       1 225       1 226       1 228       1 235       1 240       1 245       1 246       1 247       1 254       1 255 

Per-node process memory usage (in MBs) for PID 184964 (p10-avx-n384-pi)
                           Node 0          Node 1           Total
                  --------------- --------------- ---------------
Huge                         0.00            0.00            0.00
Heap                         1.44            0.69            2.13
Stack                        0.03            0.04            0.07
Private                  65678.80        79487.68       145166.48
----------------  --------------- --------------- ---------------
Total                    65680.27        79488.41       145168.68
utc=2026-09-12T21:48:02Z VmHWM:=148652728kB VmRSS:=148652728kB VmSwap:=0kB Threads:=71 
MemAvailable_kib=94793672
      1   1       1   8       1   9       1  15       1  16       1  17       1  19       1  23       2  25       1  26       1  33       1  34       1  36       1  40       1  41       1  47       1  49       1  50       1  54       2  57       1  64       1  65       2  72       1  80       1  81       1  83       2  90       1  91       1  96       1 104       2 105       1 111       1 113       1 120       1 121       1 124       1 128       1 129       1 132       1 136       1 137       1 144       1 152       1 154       1 160       1 174       1 178       1 184       1 191       1 194       1 195       1 201       1 203       1 210       1 216       1 225       1 226       1 228       1 235       1 240       1 245       1 246       1 247       1 248       1 254       1 255 

Per-node process memory usage (in MBs) for PID 184964 (p10-avx-n384-pi)
                           Node 0          Node 1           Total
                  --------------- --------------- ---------------
Huge                         0.00            0.00            0.00
Heap                         1.44            0.69            2.13
Stack                        0.03            0.04            0.07
Private                  65678.80        79487.68       145166.48
----------------  --------------- --------------- ---------------
Total                    65680.27        79488.41       145168.68
utc=2026-09-12T21:48:33Z VmHWM:=148652728kB VmRSS:=148652728kB VmSwap:=0kB Threads:=71 
MemAvailable_kib=94798748
      1   1       1   8       1   9       2  16       1  17       1  19       1  23       2  25       1  26       1  33       1  34       1  36       1  40       1  41       1  47       1  49       1  50       1  54       2  57       1  64       1  65       2  72       1  80       1  81       1  83       2  90       1  91       1  96       1 104       2 105       1 111       1 112       1 113       2 120       1 121       1 124       2 128       1 129       1 132       1 136       1 137       1 152       1 154       1 160       1 174       1 178       1 184       1 191       1 194       1 195       1 201       1 203       1 210       1 216       1 225       1 226       1 228       1 235       1 245       1 246       1 247       1 254       1 255 

Per-node process memory usage (in MBs) for PID 184964 (p10-avx-n384-pi)
                           Node 0          Node 1           Total
                  --------------- --------------- ---------------
Huge                         0.00            0.00            0.00
Heap                         1.44            0.69            2.13
Stack                        0.03            0.04            0.07
Private                  65678.76        79487.71       145166.48
----------------  --------------- --------------- ---------------
Total                    65680.23        79488.45       145168.68
utc=2026-09-12T21:49:04Z VmHWM:=148652728kB VmRSS:=148652728kB VmSwap:=0kB Threads:=71 
MemAvailable_kib=94799276
      1   1       1   8       1   9       2  16       1  17       1  19       1  23       2  25       1  26       1  33       1  34       1  36       1  40       1  41       1  47       1  49       1  50       1  54       2  57       1  64       1  65       2  72       1  80       1  81       1  83       2  90       1  91       1  96       1 104       2 105       1 111       1 112       1 113       2 120       1 121       1 124       2 128       1 129       1 132       1 136       1 137       1 152       1 154       1 160       1 174       1 178       1 184       1 191       1 194       1 195       1 201       1 203       1 210       1 216       1 225       1 226       1 228       1 235       1 245       1 246       1 247       1 254       1 255 

Per-node process memory usage (in MBs) for PID 184964 (p10-avx-n384-pi)
                           Node 0          Node 1           Total
                  --------------- --------------- ---------------
Huge                         0.00            0.00            0.00
Heap                         1.44            0.69            2.13
Stack                        0.03            0.04            0.07
Private                  65678.76        79487.71       145166.48
----------------  --------------- --------------- ---------------
Total                    65680.23        79488.45       145168.68
utc=2026-09-12T21:49:35Z VmHWM:=148652728kB VmRSS:=148652728kB VmSwap:=0kB Threads:=71 
MemAvailable_kib=94784120
      1   0       1   1       1   8       1   9       2  16       1  17       1  19       1  23       2  25       1  26       1  33       1  34       1  36       1  40       1  41       1  47       1  49       1  50       1  54       2  57       1  64       1  65       2  72       1  80       1  81       1  83       2  90       1  91       1  96       1 104       2 105       1 111       1 112       1 113       2 120       1 121       1 124       1 128       1 129       1 132       1 136       1 137       1 152       1 154       1 160       1 174       1 178       1 184       1 191       1 194       1 195       1 201       1 203       1 210       1 216       1 225       1 226       1 228       1 235       1 245       1 246       1 247       1 254       1 255 

Per-node process memory usage (in MBs) for PID 184964 (p10-avx-n384-pi)
                           Node 0          Node 1           Total
                  --------------- --------------- ---------------
Huge                         0.00            0.00            0.00
Heap                         1.44            0.69            2.13
Stack                        0.03            0.04            0.07
Private                  65678.76        79487.71       145166.48
----------------  --------------- --------------- ---------------
Total                    65680.23        79488.45       145168.68
utc=2026-09-12T21:50:06Z VmHWM:=148652728kB VmRSS:=148652728kB VmSwap:=0kB Threads:=71 
MemAvailable_kib=95484400
      1   1       1   5       1   8       1   9       3  16       1  17       1  23       2  25       1  26       1  33       1  34       1  36       1  40       1  41       1  47       1  49       1  50       1  54       2  57       2  64       2  72       1  80       1  81       1  83       2  90       1  91       1  96       1 104       2 105       1 111       1 112       1 113       2 120       1 121       1 124       1 128       1 129       1 132       1 136       1 137       1 152       1 154       1 160       1 174       1 178       1 184       1 191       1 194       1 195       1 201       1 203       1 210       1 216       1 225       1 226       1 228       1 235       1 245       1 246       1 247       1 254       1 255 

Per-node process memory usage (in MBs) for PID 184964 (p10-avx-n384-pi)
                           Node 0          Node 1           Total
                  --------------- --------------- ---------------
Huge                         0.00            0.00            0.00
Heap                         1.45            0.68            2.13
Stack                        0.03            0.04            0.07
Private                  65912.68        79253.80       145166.48
----------------  --------------- --------------- ---------------
Total                    65914.16        79254.52       145168.68
utc=2026-09-12T21:50:37Z VmHWM:=148652728kB VmRSS:=148652728kB VmSwap:=0kB Threads:=71 
MemAvailable_kib=95498368
      1   1       1   5       1   8       1   9       3  16       1  17       2  25       1  26       1  33       1  34       1  36       1  40       1  41       1  47       1  49       1  50       1  54       1  57       1  64       1  65       1  66       2  72       1  80       1  81       1  83       2  90       1  91       1  96       1 104       2 105       1 111       1 112       1 113       2 120       2 121       1 128       1 129       1 132       1 136       1 137       1 151       1 152       1 154       1 160       1 174       1 178       1 184       1 185       1 191       1 195       1 201       1 203       1 210       1 216       1 225       1 226       1 228       1 235       1 245       1 246       1 247       1 254       1 255 

Per-node process memory usage (in MBs) for PID 184964 (p10-avx-n384-pi)
                           Node 0          Node 1           Total
                  --------------- --------------- ---------------
Huge                         0.00            0.00            0.00
Heap                         1.44            0.69            2.13
Stack                        0.03            0.04            0.07
Private                  65912.69        79253.79       145166.48
----------------  --------------- --------------- ---------------
Total                    65914.16        79254.52       145168.68
utc=2026-09-12T21:51:08Z VmHWM:=148652728kB VmRSS:=148652728kB VmSwap:=0kB Threads:=71 
MemAvailable_kib=95440284
      1   1       1   5       1   8       1   9       3  16       1  17       2  25       1  26       1  33       1  34       1  36       1  40       1  41       1  47       1  49       1  50       1  54       1  57       1  64       1  66       1  72       1  80       1  81       1  83       2  90       1  91       1  96       1 104       2 105       1 111       1 112       1 113       2 120       1 121       1 128       1 129       1 132       1 136       1 137       1 151       1 152       1 154       1 160       1 174       1 178       1 184       1 185       1 191       1 193       1 195       1 200       1 201       1 203       1 210       1 216       1 225       1 226       1 228       1 235       1 245       1 246       1 247       1 249       1 254       1 255 

Per-node process memory usage (in MBs) for PID 184964 (p10-avx-n384-pi)
                           Node 0          Node 1           Total
                  --------------- --------------- ---------------
Huge                         0.00            0.00            0.00
Heap                         1.44            0.69            2.13
Stack                        0.03            0.04            0.07
Private                  66262.88        78903.60       145166.48
----------------  --------------- --------------- ---------------
Total                    66264.35        78904.33       145168.68
utc=2026-09-12T21:51:39Z VmHWM:=148652728kB VmRSS:=148652728kB VmSwap:=0kB Threads:=71 
MemAvailable_kib=95439408
      1   0       1   1       1   8       1   9       3  16       1  17       1  24       2  25       1  26       1  33       1  34       1  36       1  40       1  41       1  47       1  49       1  50       1  54       1  57       1  64       1  66       1  72       1  80       1  81       1  83       2  90       1  91       1 104       2 105       1 111       1 112       1 113       2 120       1 121       1 128       1 129       1 132       1 136       1 137       1 151       1 152       1 154       1 160       1 174       1 178       1 184       1 185       1 191       1 193       1 195       1 201       1 203       1 210       1 216       1 224       1 225       1 226       1 228       1 235       1 245       1 246       1 247       1 249       1 254       1 255 

Per-node process memory usage (in MBs) for PID 184964 (p10-avx-n384-pi)
                           Node 0          Node 1           Total
                  --------------- --------------- ---------------
Huge                         0.00            0.00            0.00
Heap                         1.44            0.69            2.13
Stack                        0.03            0.04            0.07
Private                  66254.66        78911.81       145166.48
----------------  --------------- --------------- ---------------
Total                    66256.13        78912.54       145168.68
utc=2026-09-12T21:52:10Z VmHWM:=148652728kB VmRSS:=148652728kB VmSwap:=0kB Threads:=71 
MemAvailable_kib=95427972
      1   1       1   8       1   9       3  16       1  17       1  24       2  25       1  26       1  33       1  34       1  36       1  40       1  41       1  47       1  49       1  50       1  54       1  57       1  64       1  72       1  80       1  81       1  83       2  90       1  91       1 104       2 105       1 111       1 112       1 113       1 120       1 121       1 128       1 129       1 132       1 136       1 137       1 151       1 153       1 154       1 160       1 174       1 178       1 184       1 185       1 191       1 192       1 193       1 195       1 200       1 201       1 203       1 210       1 216       1 224       1 225       1 226       1 228       1 235       1 245       1 246       1 247       1 248       1 249       1 254       1 255 

Per-node process memory usage (in MBs) for PID 184964 (p10-avx-n384-pi)
                           Node 0          Node 1           Total
                  --------------- --------------- ---------------
Huge                         0.00            0.00            0.00
Heap                         1.44            0.69            2.13
Stack                        0.03            0.04            0.07
Private                  66238.81        78927.67       145166.48
----------------  --------------- --------------- ---------------
Total                    66240.28        78928.40       145168.68
utc=2026-09-12T21:52:41Z VmHWM:=148652728kB VmRSS:=148652728kB VmSwap:=0kB Threads:=71 
MemAvailable_kib=95416660
      1   1       1   8       1   9       2  16       1  17       2  25       1  26       1  33       1  34       1  36       1  40       1  41       1  47       1  49       1  50       1  54       1  57       1  64       1  72       1  80       1  81       1  83       2  90       1  91       1 104       2 105       1 111       1 112       1 113       1 120       1 121       1 128       1 129       1 132       2 136       1 137       1 151       1 152       1 153       1 154       1 160       1 174       1 178       1 184       1 185       1 191       1 192       1 193       1 195       1 200       1 201       1 203       1 210       1 216       1 224       1 225       1 226       1 228       1 235       1 245       1 246       1 247       1 248       1 249       1 254       1 255 

Per-node process memory usage (in MBs) for PID 184964 (p10-avx-n384-pi)
                           Node 0          Node 1           Total
                  --------------- --------------- ---------------
Huge                         0.00            0.00            0.00
Heap                         1.48            0.65            2.13
Stack                        0.03            0.04            0.07
Private                  66238.81        78927.66       145166.48
----------------  --------------- --------------- ---------------
Total                    66240.32        78928.35       145168.68
utc=2026-09-12T21:53:12Z VmHWM:=148652728kB VmRSS:=148652728kB VmSwap:=0kB Threads:=71 
MemAvailable_kib=95407608
      1   1       2   8       1   9       1  10       2  16       1  17       1  23       1  24       2  25       1  26       1  33       1  34       1  36       1  40       1  41       1  47       1  49       1  50       1  54       1  57       1  64       1  66       1  72       1  80       1  81       1  83       1  89       1  90       1  91       1 104       2 105       1 111       1 112       1 113       1 120       1 121       1 128       1 129       1 132       1 136       1 153       1 154       1 160       1 174       1 178       1 184       1 185       1 191       1 192       1 195       1 200       1 201       1 203       1 210       1 216       1 224       1 225       1 226       1 228       1 235       1 245       1 246       1 247       1 248       1 249       1 254       1 255 

Per-node process memory usage (in MBs) for PID 184964 (p10-avx-n384-pi)
                           Node 0          Node 1           Total
                  --------------- --------------- ---------------
Huge                         0.00            0.00            0.00
Heap                         1.48            0.65            2.13
Stack                        0.03            0.04            0.07
Private                  66238.77        78927.71       145166.48
----------------  --------------- --------------- ---------------
Total                    66240.28        78928.40       145168.68
utc=2026-09-12T21:53:43Z VmHWM:=148652728kB VmRSS:=148652728kB VmSwap:=0kB Threads:=71 
MemAvailable_kib=95411592
      1   1       2   8       1   9       1  10       2  16       1  17       1  23       1  24       2  25       1  26       1  33       1  34       1  36       1  40       1  41       1  47       1  49       1  50       1  54       1  57       1  64       1  66       1  72       1  80       1  81       1  83       1  89       1  90       1  91       1 104       2 105       1 111       1 112       1 113       1 120       1 121       1 128       1 129       1 132       1 136       1 153       1 154       1 160       1 174       1 178       1 184       1 185       1 191       1 192       1 195       1 200       1 201       1 203       1 210       1 216       1 224       1 225       1 226       1 228       1 235       1 245       1 246       1 247       1 248       1 249       1 254       1 255 

Per-node process memory usage (in MBs) for PID 184964 (p10-avx-n384-pi)
                           Node 0          Node 1           Total
                  --------------- --------------- ---------------
Huge                         0.00            0.00            0.00
Heap                         1.48            0.65            2.13
Stack                        0.03            0.04            0.07
Private                  66238.77        78927.71       145166.48
----------------  --------------- --------------- ---------------
Total                    66240.28        78928.40       145168.68
utc=2026-09-12T21:54:14Z VmHWM:=148652728kB VmRSS:=148652728kB VmSwap:=0kB Threads:=71 
MemAvailable_kib=95446968
      1   1       2   8       1   9       1  10       2  16       1  17       1  23       2  25       1  26       1  33       1  34       1  36       1  40       1  41       1  47       1  49       1  50       1  54       1  57       1  64       1  66       1  72       1  80       1  81       1  83       1  89       1  90       1  91       1 104       2 105       1 111       1 112       1 113       1 120       1 121       1 128       1 129       1 132       1 136       1 153       1 154       1 155       1 160       1 174       1 178       1 184       1 185       1 191       1 192       1 195       1 200       1 201       1 203       1 210       1 216       1 224       1 225       1 226       1 228       1 235       1 245       1 246       1 247       1 248       1 249       1 254       1 255 

Per-node process memory usage (in MBs) for PID 184964 (p10-avx-n384-pi)
                           Node 0          Node 1           Total
                  --------------- --------------- ---------------
Huge                         0.00            0.00            0.00
Heap                         1.49            0.64            2.13
Stack                        0.03            0.04            0.07
Private                  66238.77        78927.71       145166.48
----------------  --------------- --------------- ---------------
Total                    66240.29        78928.39       145168.68
utc=2026-09-12T21:54:45Z VmHWM:=148652728kB VmRSS:=148652728kB VmSwap:=0kB Threads:=71 
MemAvailable_kib=95425572
      1   0       1   1       2   8       1   9       1  10       2  16       1  17       1  23       1  24       1  25       1  26       1  33       1  34       1  36       1  40       1  41       1  47       1  49       1  50       1  55       2  57       1  64       1  65       1  72       1  80       1  81       1  83       1  90       1  91       1 104       2 105       1 111       1 112       1 113       1 120       1 121       1 128       1 132       1 136       1 153       1 154       1 155       1 160       1 174       1 178       1 184       1 191       1 192       1 195       1 200       1 201       1 203       1 210       1 216       1 217       1 224       1 225       1 226       1 228       1 235       1 245       1 246       1 247       1 248       1 249       1 254       1 255 

Per-node process memory usage (in MBs) for PID 184964 (p10-avx-n384-pi)
                           Node 0          Node 1           Total
                  --------------- --------------- ---------------
Huge                         0.00            0.00            0.00
Heap                         1.49            0.64            2.13
Stack                        0.03            0.04            0.07
Private                  66283.33        78883.14       145166.48
----------------  --------------- --------------- ---------------
Total                    66284.86        78883.82       145168.68
utc=2026-09-12T21:55:16Z VmHWM:=148652728kB VmRSS:=148652728kB VmSwap:=0kB Threads:=71 
MemAvailable_kib=95428172
      1   0       1   1       2   8       1   9       1  10       2  16       1  17       1  23       1  24       1  25       1  26       1  33       1  34       1  36       1  40       1  41       1  47       1  49       1  50       1  55       2  57       1  64       1  65       1  72       1  80       1  81       1  83       1  90       1  91       1 104       2 105       1 111       1 112       1 113       1 120       1 121       1 128       1 132       1 136       1 153       1 154       2 160       1 174       1 178       1 184       1 191       1 192       1 195       1 200       1 201       1 203       1 210       1 216       1 217       1 224       1 225       1 226       1 228       1 235       1 245       1 246       1 247       1 248       1 249       1 254       1 255 

Per-node process memory usage (in MBs) for PID 184964 (p10-avx-n384-pi)
                           Node 0          Node 1           Total
                  --------------- --------------- ---------------
Huge                         0.00            0.00            0.00
Heap                         1.49            0.64            2.13
Stack                        0.03            0.04            0.07
Private                  66283.33        78883.14       145166.48
----------------  --------------- --------------- ---------------
Total                    66284.86        78883.82       145168.68
utc=2026-09-12T21:55:47Z VmHWM:=148652728kB VmRSS:=148652728kB VmSwap:=0kB Threads:=71 
MemAvailable_kib=95400424
      1   1       2   8       1   9       1  10       2  16       1  17       1  23       1  24       1  25       1  26       1  33       1  34       1  36       1  40       1  41       1  47       1  49       1  50       1  55       2  57       2  64       1  65       1  72       1  80       1  81       1  83       1  90       1  91       1 104       2 105       1 111       1 112       1 113       2 120       1 121       2 128       1 132       1 136       1 153       1 154       2 160       1 174       1 178       1 184       1 191       1 195       1 200       1 201       1 203       1 210       1 216       1 217       1 224       1 225       1 226       1 228       1 235       1 245       1 246       1 247       1 249       1 254       1 255 

Per-node process memory usage (in MBs) for PID 184964 (p10-avx-n384-pi)
                           Node 0          Node 1           Total
                  --------------- --------------- ---------------
Huge                         0.00            0.00            0.00
Heap                         1.48            0.65            2.13
Stack                        0.03            0.04            0.07
Private                  66283.33        78883.14       145166.48
----------------  --------------- --------------- ---------------
Total                    66284.84        78883.83       145168.68
utc=2026-09-12T21:56:18Z VmHWM:=148652728kB VmRSS:=148652728kB VmSwap:=0kB Threads:=71 
MemAvailable_kib=95395108
      1   1       2   8       1   9       1  10       2  16       1  17       1  23       1  24       1  25       1  26       1  33       1  34       1  36       1  40       1  41       1  47       1  49       1  50       1  55       1  57       2  64       1  65       1  72       1  80       1  81       1  83       1  90       1  91       1 104       2 105       1 111       1 112       1 113       2 120       2 128       1 132       1 136       1 153       1 154       2 160       1 174       1 178       1 184       1 185       1 191       1 195       1 200       1 201       1 203       1 210       1 216       1 217       1 224       1 225       1 226       1 228       1 235       1 245       1 246       1 247       2 249       1 254       1 255 

Per-node process memory usage (in MBs) for PID 184964 (p10-avx-n384-pi)
                           Node 0          Node 1           Total
                  --------------- --------------- ---------------
Huge                         0.00            0.00            0.00
Heap                         1.48            0.65            2.13
Stack                        0.03            0.04            0.07
Private                  66283.33        78883.14       145166.48
----------------  --------------- --------------- ---------------
Total                    66284.84        78883.84       145168.68
utc=2026-09-12T21:56:49Z VmHWM:=148652728kB VmRSS:=148652728kB VmSwap:=0kB Threads:=71 
MemAvailable_kib=95394676
      1   1       2   8       1   9       1  10       2  16       1  17       1  23       1  24       1  25       1  26       1  33       1  34       1  36       1  40       1  41       1  47       1  49       1  50       1  55       1  57       2  64       1  65       1  72       1  80       1  81       1  83       1  90       1  91       1 104       2 105       1 111       1 112       1 113       2 120       2 128       1 132       1 136       1 153       1 154       2 160       1 174       1 178       1 184       1 185       1 191       1 195       1 200       1 201       1 203       1 210       1 216       1 217       1 224       1 225       1 226       1 228       1 235       1 245       1 246       1 247       2 249       1 254       1 255 

Per-node process memory usage (in MBs) for PID 184964 (p10-avx-n384-pi)
                           Node 0          Node 1           Total
                  --------------- --------------- ---------------
Huge                         0.00            0.00            0.00
Heap                         1.48            0.65            2.13
Stack                        0.03            0.04            0.07
Private                  66283.33        78883.14       145166.48
----------------  --------------- --------------- ---------------
Total                    66284.84        78883.84       145168.68
utc=2026-09-12T21:57:20Z VmHWM:=148652728kB VmRSS:=148652728kB VmSwap:=0kB Threads:=71 
MemAvailable_kib=95385384
      1   1       2   8       1   9       1  10       2  16       1  17       1  23       1  24       1  25       1  26       1  33       1  34       1  36       1  40       1  41       1  47       1  49       1  50       1  55       1  57       2  64       1  65       1  72       1  80       1  81       1  83       1  90       1  91       1 104       2 105       1 111       1 112       1 113       2 120       2 128       1 132       1 136       1 153       1 154       2 160       1 174       1 178       1 184       1 185       1 191       1 195       1 200       1 201       1 203       1 210       1 216       1 217       1 224       1 225       1 226       1 228       1 235       1 245       1 246       1 247       2 249       1 254       1 255 

Per-node process memory usage (in MBs) for PID 184964 (p10-avx-n384-pi)
                           Node 0          Node 1           Total
                  --------------- --------------- ---------------
Huge                         0.00            0.00            0.00
Heap                         1.48            0.65            2.13
Stack                        0.03            0.04            0.07
Private                  66015.50        79150.97       145166.48
----------------  --------------- --------------- ---------------
Total                    66017.01        79151.66       145168.68
utc=2026-09-12T21:57:51Z VmHWM:=148652728kB VmRSS:=148652728kB VmSwap:=0kB Threads:=71 
MemAvailable_kib=95383612
      1   1       2   8       1   9       1  10       2  16       1  17       1  24       1  25       1  26       1  33       1  34       1  36       1  40       1  41       1  47       1  49       1  50       1  55       2  57       2  64       1  65       1  72       1  80       1  81       1  83       1  90       1  91       1 104       2 105       1 111       1 113       2 120       2 128       1 132       1 136       1 139       1 151       1 153       1 154       1 160       1 174       1 178       1 184       1 191       1 195       1 200       1 201       1 203       1 210       1 216       1 217       1 224       1 225       1 226       1 228       1 235       1 240       1 245       1 246       1 247       2 249       1 254       1 255 

Per-node process memory usage (in MBs) for PID 184964 (p10-avx-n384-pi)
                           Node 0          Node 1           Total
                  --------------- --------------- ---------------
Huge                         0.00            0.00            0.00
Heap                         1.49            0.64            2.13
Stack                        0.03            0.04            0.07
Private                  66105.96        79060.52       145166.48
----------------  --------------- --------------- ---------------
Total                    66107.48        79061.20       145168.68
utc=2026-09-12T21:58:22Z VmHWM:=148652728kB VmRSS:=148652728kB VmSwap:=0kB Threads:=71 
MemAvailable_kib=95387920
      1   1       2   8       1   9       1  10       1  11       2  16       1  17       1  24       1  25       1  26       1  33       1  34       1  36       1  40       1  41       1  47       1  49       1  50       1  55       2  57       2  64       1  65       1  72       1  80       1  81       1  83       1  90       1  91       1 104       2 105       1 111       1 113       1 120       2 128       1 132       1 136       1 151       1 153       1 154       1 160       1 174       1 178       1 184       1 191       1 195       1 200       1 201       1 203       1 210       1 216       1 217       1 224       1 225       1 226       1 228       1 235       1 240       1 245       1 246       1 247       1 248       2 249       1 254       1 255 

Per-node process memory usage (in MBs) for PID 184964 (p10-avx-n384-pi)
                           Node 0          Node 1           Total
                  --------------- --------------- ---------------
Huge                         0.00            0.00            0.00
Heap                         1.49            0.64            2.13
Stack                        0.03            0.04            0.07
Private                  66105.96        79060.52       145166.48
----------------  --------------- --------------- ---------------
Total                    66107.48        79061.20       145168.68
utc=2026-09-12T21:58:53Z VmHWM:=148652728kB VmRSS:=148652728kB VmSwap:=0kB Threads:=71 
MemAvailable_kib=95383784
      1   1       1   2       2   8       1   9       1  10       1  11       1  16       1  17       1  24       1  25       1  26       1  33       1  34       1  36       1  40       1  41       1  47       1  49       1  50       1  55       2  57       2  64       1  65       1  73       1  75       1  80       1  81       1  83       1  90       1  91       1 104       2 105       1 111       1 113       1 120       1 128       1 132       1 136       1 144       1 151       1 153       1 154       1 160       1 174       1 178       1 184       1 191       1 195       1 200       1 201       1 210       1 216       1 217       1 224       1 225       1 226       1 228       1 235       1 240       1 245       1 246       1 247       1 248       2 249       1 254       1 255 

Per-node process memory usage (in MBs) for PID 184964 (p10-avx-n384-pi)
                           Node 0          Node 1           Total
                  --------------- --------------- ---------------
Huge                         0.00            0.00            0.00
Heap                         1.47            0.66            2.13
Stack                        0.03            0.04            0.07
Private                  66268.40        78898.08       145166.48
----------------  --------------- --------------- ---------------
Total                    66269.90        78898.77       145168.68
utc=2026-09-12T21:59:25Z VmHWM:=148652728kB VmRSS:=148652728kB VmSwap:=0kB Threads:=71 
MemAvailable_kib=95356744
      1   1       1   2       2   8       1   9       1  10       1  11       1  16       1  17       1  24       1  25       1  26       1  33       1  34       1  36       1  40       1  47       1  49       1  50       1  55       2  57       2  64       1  65       1  73       1  80       1  81       1  83       1  90       1  91       1 104       2 105       1 111       1 113       1 120       1 126       1 128       1 132       1 136       1 144       1 151       1 153       1 154       1 160       1 169       1 174       1 178       1 184       1 191       1 195       1 200       1 201       1 203       1 210       1 216       1 217       1 224       1 225       1 226       1 228       1 235       1 240       1 245       1 246       1 247       1 248       2 249       1 255 

Per-node process memory usage (in MBs) for PID 184964 (p10-avx-n384-pi)
                           Node 0          Node 1           Total
                  --------------- --------------- ---------------
Huge                         0.00            0.00            0.00
Heap                         1.45            0.68            2.13
Stack                        0.03            0.04            0.07
Private                  66256.57        78909.91       145166.48
----------------  --------------- --------------- ---------------
Total                    66258.04        78910.63       145168.68
utc=2026-09-12T21:59:56Z VmHWM:=148652728kB VmRSS:=148652728kB VmSwap:=0kB Threads:=71 
MemAvailable_kib=95357600
      1   1       1   2       2   8       1   9       1  10       1  16       1  17       1  24       1  25       1  26       1  33       1  34       1  36       1  40       1  47       1  49       1  50       1  55       2  57       2  64       1  65       1  73       1  80       1  81       1  83       1  90       1  91       1 104       2 105       1 111       1 113       1 120       1 126       1 128       1 132       1 136       1 139       1 144       1 151       1 153       1 154       1 160       1 169       1 174       1 178       1 184       1 191       1 195       1 200       1 201       1 203       1 210       1 216       1 217       1 224       1 225       1 226       1 228       1 235       1 240       1 245       1 246       1 247       1 248       2 249       1 255 

Per-node process memory usage (in MBs) for PID 184964 (p10-avx-n384-pi)
                           Node 0          Node 1           Total
                  --------------- --------------- ---------------
Huge                         0.00            0.00            0.00
Heap                         1.45            0.68            2.13
Stack                        0.03            0.04            0.07
Private                  66255.16        78911.31       145166.48
----------------  --------------- --------------- ---------------
Total                    66256.64        78912.04       145168.68
utc=2026-09-12T22:00:27Z VmHWM:=148652728kB VmRSS:=148652728kB VmSwap:=0kB Threads:=71 
MemAvailable_kib=95337804
      1   1       1   2       2   8       1   9       1  10       1  16       1  17       1  24       1  25       1  26       1  33       1  34       1  36       1  40       1  47       1  49       1  50       1  55       2  57       3  64       1  65       1  73       1  80       1  81       1  83       1  90       1  91       1 104       2 105       1 111       1 113       1 120       1 126       1 128       1 132       1 136       1 144       1 151       1 153       1 154       1 160       1 169       1 174       1 178       1 184       1 191       1 195       1 200       1 201       1 203       1 210       1 216       1 217       1 224       1 225       1 226       1 228       1 235       1 240       1 245       1 246       1 247       1 248       2 249       1 255 

Per-node process memory usage (in MBs) for PID 184964 (p10-avx-n384-pi)
                           Node 0          Node 1           Total
                  --------------- --------------- ---------------
Huge                         0.00            0.00            0.00
Heap                         1.45            0.68            2.13
Stack                        0.03            0.04            0.07
Private                  66256.14        78910.33       145166.48
----------------  --------------- --------------- ---------------
Total                    66257.62        78911.06       145168.68
utc=2026-09-12T22:00:58Z VmHWM:=148652728kB VmRSS:=148652728kB VmSwap:=0kB Threads:=71 
MemAvailable_kib=95364104
      1   1       1   2       2   8       1   9       1  10       1  16       1  17       1  24       1  25       1  26       1  33       1  34       1  36       1  40       1  47       1  49       1  50       1  55       2  57       3  64       1  65       1  73       1  80       1  81       1  83       1  90       1  91       1 104       2 105       1 111       1 113       1 120       1 126       1 128       1 132       1 136       1 144       1 151       1 153       1 154       1 160       1 169       1 174       1 178       1 184       1 191       1 195       1 200       1 201       1 203       1 210       1 216       1 217       1 224       1 225       1 226       1 228       1 235       1 240       1 245       1 246       1 247       1 248       2 249       1 255 

Per-node process memory usage (in MBs) for PID 184964 (p10-avx-n384-pi)
                           Node 0          Node 1           Total
                  --------------- --------------- ---------------
Huge                         0.00            0.00            0.00
Heap                         1.44            0.69            2.13
Stack                        0.02            0.05            0.07
Private                  66256.14        78910.33       145166.48
----------------  --------------- --------------- ---------------
Total                    66257.60        78911.07       145168.68
utc=2026-09-12T22:01:29Z VmHWM:=148652728kB VmRSS:=148652728kB VmSwap:=0kB Threads:=71 
MemAvailable_kib=95365020
      1   1       1   2       2   8       1   9       1  10       1  16       1  17       1  24       1  25       1  26       1  33       1  34       1  36       1  40       1  47       1  49       1  50       1  55       2  57       3  64       1  65       1  73       1  80       1  81       1  83       1  90       1  91       1 104       2 105       1 111       1 113       1 120       1 126       1 128       1 132       1 136       1 144       1 151       1 153       1 154       1 160       1 169       1 174       1 178       1 184       1 191       1 195       1 200       1 201       1 203       1 210       1 216       1 217       1 224       1 225       1 226       1 228       1 235       1 240       1 245       1 246       1 247       1 248       2 249       1 255 

Per-node process memory usage (in MBs) for PID 184964 (p10-avx-n384-pi)
                           Node 0          Node 1           Total
                  --------------- --------------- ---------------
Huge                         0.00            0.00            0.00
Heap                         1.44            0.69            2.13
Stack                        0.02            0.05            0.07
Private                  66256.14        78910.33       145166.48
----------------  --------------- --------------- ---------------
Total                    66257.60        78911.07       145168.68
utc=2026-09-12T22:02:00Z VmHWM:=148652728kB VmRSS:=148652728kB VmSwap:=0kB Threads:=71 
MemAvailable_kib=95363496
      1   1       1   2       2   8       1   9       1  10       1  16       1  17       1  24       1  25       1  26       1  33       1  34       1  36       1  40       1  47       1  49       1  50       1  55       2  57       3  64       1  65       1  73       1  80       1  81       1  83       1  90       1  91       1 104       2 105       1 111       1 113       1 120       1 126       1 128       1 132       1 136       1 144       1 151       1 153       1 154       1 160       1 169       1 174       1 178       1 184       1 191       1 195       1 200       1 201       1 203       1 210       1 216       1 217       1 224       1 225       1 226       1 228       1 235       1 240       1 245       1 246       1 247       1 248       2 249       1 255 

Per-node process memory usage (in MBs) for PID 184964 (p10-avx-n384-pi)
                           Node 0          Node 1           Total
                  --------------- --------------- ---------------
Huge                         0.00            0.00            0.00
Heap                         1.44            0.69            2.13
Stack                        0.02            0.05            0.07
Private                  66256.14        78910.33       145166.48
----------------  --------------- --------------- ---------------
Total                    66257.60        78911.07       145168.68
utc=2026-09-12T22:02:31Z VmHWM:=148652728kB VmRSS:=148652728kB VmSwap:=0kB Threads:=71 
MemAvailable_kib=95342464
      1   1       1   2       2   8       1   9       1  10       1  16       1  17       1  24       1  25       1  26       1  33       1  34       1  36       1  40       1  47       1  49       1  50       1  55       2  57       3  64       1  65       1  73       1  80       1  81       1  83       1  90       1  91       1 104       2 105       1 111       1 113       1 120       1 126       1 128       1 132       1 136       1 144       1 151       1 153       1 154       1 160       1 169       1 174       1 178       1 184       1 191       1 195       1 200       1 201       1 203       1 210       1 216       1 217       1 224       1 225       1 226       1 228       1 235       1 240       1 245       1 246       1 247       1 248       2 249       1 255 

Per-node process memory usage (in MBs) for PID 184964 (p10-avx-n384-pi)
                           Node 0          Node 1           Total
                  --------------- --------------- ---------------
Huge                         0.00            0.00            0.00
Heap                         1.44            0.69            2.13
Stack                        0.02            0.05            0.07
Private                  66011.61        79154.87       145166.48
----------------  --------------- --------------- ---------------
Total                    66013.06        79155.61       145168.68
utc=2026-09-12T22:03:02Z VmHWM:=148652728kB VmRSS:=148652728kB VmSwap:=0kB Threads:=71 
MemAvailable_kib=95361776
      1   1       1   2       2   8       1   9       1  10       1  16       1  17       1  24       1  25       1  26       1  33       1  34       1  36       1  40       1  47       1  49       1  50       1  55       2  57       2  64       1  65       1  73       1  80       1  81       1  83       1  90       1  91       1 104       2 105       1 111       1 113       1 120       1 126       1 128       1 132       1 136       1 144       1 151       1 153       1 154       1 160       1 169       1 174       1 178       1 184       1 191       1 192       1 195       1 200       1 201       1 203       1 210       1 216       1 217       1 224       1 225       1 226       1 228       1 235       1 240       1 245       1 246       1 247       1 248       2 249       1 255 

Per-node process memory usage (in MBs) for PID 184964 (p10-avx-n384-pi)
                           Node 0          Node 1           Total
                  --------------- --------------- ---------------
Huge                         0.00            0.00            0.00
Heap                         1.44            0.69            2.13
Stack                        0.02            0.05            0.07
Private                  66008.02        79158.45       145166.48
----------------  --------------- --------------- ---------------
Total                    66009.48        79159.20       145168.68
utc=2026-09-12T22:03:33Z VmHWM:=148652728kB VmRSS:=148652728kB VmSwap:=0kB Threads:=71 
MemAvailable_kib=95365000
      1   1       1   2       2   8       1   9       1  10       1  16       1  17       1  24       1  25       1  26       1  33       1  34       1  36       1  40       1  47       1  49       1  50       1  55       2  57       2  64       1  65       1  73       1  80       1  81       1  83       1  90       1  91       1 104       2 105       1 111       1 113       1 126       1 128       1 132       1 136       1 144       1 151       1 153       1 154       1 160       1 169       1 174       1 178       1 184       1 191       1 192       1 195       1 200       1 201       1 203       1 210       1 216       1 217       1 224       1 225       1 226       1 228       1 235       1 240       1 245       1 246       1 247       2 248       2 249       1 255 

Per-node process memory usage (in MBs) for PID 184964 (p10-avx-n384-pi)
                           Node 0          Node 1           Total
                  --------------- --------------- ---------------
Huge                         0.00            0.00            0.00
Heap                         1.44            0.69            2.13
Stack                        0.02            0.05            0.07
Private                  66007.52        79158.96       145166.48
----------------  --------------- --------------- ---------------
Total                    66008.97        79159.70       145168.68
utc=2026-09-12T22:04:04Z VmHWM:=148652728kB VmRSS:=148652728kB VmSwap:=0kB Threads:=71 
MemAvailable_kib=95366936
      1   0       1   1       1   2       1   8       1   9       1  10       1  16       1  17       1  24       1  25       1  26       1  33       1  36       1  40       1  47       1  49       1  50       1  55       1  57       1  64       2  65       1  68       1  72       1  73       1  80       1  81       1  83       1  90       1  91       1 104       2 105       1 111       1 113       1 126       1 128       1 132       1 136       1 144       1 151       1 154       1 160       1 162       1 169       1 174       1 178       1 184       1 185       1 191       1 195       1 200       1 201       1 203       1 210       1 216       1 217       1 224       1 225       1 226       1 228       1 235       1 240       1 245       1 246       1 247       2 248       2 249       1 255 

Per-node process memory usage (in MBs) for PID 184964 (p10-avx-n384-pi)
                           Node 0          Node 1           Total
                  --------------- --------------- ---------------
Huge                         0.00            0.00            0.00
Heap                         1.44            0.69            2.13
Stack                        0.02            0.05            0.07
Private                  66007.52        79158.96       145166.48
----------------  --------------- --------------- ---------------
Total                    66008.97        79159.70       145168.68
utc=2026-09-12T22:04:35Z VmHWM:=148652728kB VmRSS:=148652728kB VmSwap:=0kB Threads:=71 
MemAvailable_kib=95374752
      1   1       1   2       2   8       1   9       1  10       1  16       1  17       2  24       1  25       1  26       1  32       1  33       1  36       1  40       1  47       1  49       1  50       1  55       1  57       1  64       1  65       1  68       1  73       1  80       1  81       1  83       1  90       1  91       1 104       2 105       1 111       1 113       1 126       1 128       1 130       1 132       1 136       1 144       1 151       1 154       1 160       1 162       1 169       1 174       1 178       1 184       1 185       1 191       1 195       1 200       1 201       1 203       1 210       1 216       1 217       1 224       1 225       1 226       1 228       1 235       1 240       1 245       1 246       1 247       1 248       2 249       1 255 

Per-node process memory usage (in MBs) for PID 184964 (p10-avx-n384-pi)
                           Node 0          Node 1           Total
                  --------------- --------------- ---------------
Huge                         0.00            0.00            0.00
Heap                         1.44            0.69            2.13
Stack                        0.02            0.05            0.07
Private                  66007.52        79158.96       145166.48
----------------  --------------- --------------- ---------------
Total                    66008.97        79159.70       145168.68
utc=2026-09-12T22:05:06Z VmHWM:=148652728kB VmRSS:=148652728kB VmSwap:=0kB Threads:=71 
MemAvailable_kib=95379884
      1   1       1   2       1   8       1   9       1  10       1  11       1  16       1  17       1  23       2  24       1  25       1  26       1  33       1  40       1  47       1  49       1  50       1  55       1  57       1  64       1  65       1  68       1  73       1  80       1  81       1  83       1  90       1  91       1 104       2 105       1 111       1 113       1 126       1 128       1 130       1 132       1 136       1 144       1 154       2 160       1 162       1 164       1 169       1 174       1 178       1 184       1 185       1 191       1 195       1 200       1 201       1 203       1 210       1 216       1 217       1 224       1 225       1 226       1 228       1 235       1 240       1 245       1 246       1 247       1 248       2 249       1 255 

Per-node process memory usage (in MBs) for PID 184964 (p10-avx-n384-pi)
                           Node 0          Node 1           Total
                  --------------- --------------- ---------------
Huge                         0.00            0.00            0.00
Heap                         1.44            0.69            2.13
Stack                        0.02            0.05            0.07
Private                  66007.52        79158.96       145166.48
----------------  --------------- --------------- ---------------
Total                    66008.97        79159.70       145168.68
utc=2026-09-12T22:05:37Z VmHWM:=148652728kB VmRSS:=148652728kB VmSwap:=0kB Threads:=71 
MemAvailable_kib=95337668
      1   1       1   2       1   8       1   9       1  10       1  16       1  17       2  24       1  25       1  26       1  33       1  34       1  40       1  47       1  49       1  50       1  55       2  57       1  64       1  65       1  68       1  73       1  80       1  81       1  83       1  90       1  91       2 105       1 111       1 113       1 118       1 126       1 128       1 130       1 132       1 136       1 139       1 144       1 151       1 154       2 160       1 164       1 169       1 174       1 178       1 184       1 191       1 195       1 200       1 201       1 203       1 210       1 216       1 217       1 224       1 225       1 226       1 228       1 232       1 235       1 240       1 245       1 247       1 248       2 249       1 255 

Per-node process memory usage (in MBs) for PID 184964 (p10-avx-n384-pi)
                           Node 0          Node 1           Total
                  --------------- --------------- ---------------
Huge                         0.00            0.00            0.00
Heap                         1.44            0.69            2.13
Stack                        0.02            0.05            0.07
Private                  66023.64        79142.84       145166.48
----------------  --------------- --------------- ---------------
Total                    66025.10        79143.58       145168.68
utc=2026-09-12T22:06:08Z VmHWM:=148652728kB VmRSS:=148652728kB VmSwap:=0kB Threads:=71 
MemAvailable_kib=95312264
      1   1       2   2       1   8       1   9       1  10       1  16       1  17       2  24       1  25       1  26       1  33       1  34       1  40       1  47       1  49       1  50       1  55       2  57       1  64       1  65       1  68       1  73       1  80       1  81       1  83       1  90       1  91       2 105       1 111       1 113       1 118       1 126       1 128       1 132       1 136       1 139       1 144       1 151       1 154       2 160       1 164       1 169       1 174       1 178       1 184       1 191       1 195       1 200       1 201       1 203       1 210       1 216       1 217       1 224       1 225       1 226       1 228       1 232       1 235       1 240       1 245       1 247       1 248       2 249       1 255 

Per-node process memory usage (in MBs) for PID 184964 (p10-avx-n384-pi)
                           Node 0          Node 1           Total
                  --------------- --------------- ---------------
Huge                         0.00            0.00            0.00
Heap                         1.44            0.69            2.13
Stack                        0.03            0.04            0.07
Private                  66229.65        78936.83       145166.48
----------------  --------------- --------------- ---------------
Total                    66231.11        78937.56       145168.68
utc=2026-09-12T22:06:39Z VmHWM:=148652728kB VmRSS:=148652728kB VmSwap:=0kB Threads:=71 
MemAvailable_kib=95292800
      1   1       1   2       1   8       1   9       1  10       1  16       1  17       2  24       1  25       1  26       1  33       1  34       1  40       1  47       1  49       1  50       1  55       2  57       1  64       1  65       1  68       1  73       1  80       1  81       1  83       1  90       1  91       2 105       1 111       1 113       1 118       1 126       1 128       1 130       1 132       1 136       1 139       1 144       1 151       1 154       2 160       1 164       1 169       1 174       1 178       1 184       1 191       1 195       1 200       1 201       1 203       1 210       1 216       1 217       1 224       1 225       1 226       1 228       1 232       1 235       1 240       1 245       1 247       1 248       2 249       1 255 

Per-node process memory usage (in MBs) for PID 184964 (p10-avx-n384-pi)
                           Node 0          Node 1           Total
                  --------------- --------------- ---------------
Huge                         0.00            0.00            0.00
Heap                         1.44            0.69            2.13
Stack                        0.03            0.04            0.07
Private                  66232.46        78934.01       145166.48
----------------  --------------- --------------- ---------------
Total                    66233.93        78934.74       145168.68
utc=2026-09-12T22:07:10Z VmHWM:=148652728kB VmRSS:=148652728kB VmSwap:=0kB Threads:=71 
MemAvailable_kib=95300060
      1   1       1   2       1   8       1   9       1  10       1  12       1  16       1  17       2  24       1  25       1  26       1  33       1  40       1  47       1  49       1  50       1  55       1  57       1  64       1  65       1  68       1  73       1  80       1  81       1  83       1  90       1  91       2 105       1 111       1 113       1 118       1 120       1 126       1 128       1 130       1 132       1 136       1 144       1 151       1 154       2 160       1 162       1 164       1 169       1 174       1 178       1 184       1 185       1 191       1 195       1 200       1 201       1 203       1 210       1 216       1 217       1 224       1 225       1 226       1 228       1 232       1 235       1 240       1 245       1 247       2 249       1 255 

Per-node process memory usage (in MBs) for PID 184964 (p10-avx-n384-pi)
                           Node 0          Node 1           Total
                  --------------- --------------- ---------------
Huge                         0.00            0.00            0.00
Heap                         1.44            0.69            2.13
Stack                        0.03            0.04            0.07
Private                  66230.62        78935.85       145166.48
----------------  --------------- --------------- ---------------
Total                    66232.09        78936.58       145168.68
utc=2026-09-12T22:07:41Z VmHWM:=148652728kB VmRSS:=148652728kB VmSwap:=0kB Threads:=71 
MemAvailable_kib=95303112
      1   1       1   2       1   8       1   9       1  10       1  12       1  16       1  17       2  24       1  25       1  26       1  33       1  40       1  47       1  49       1  50       1  55       1  57       1  64       1  65       1  68       1  73       1  80       1  81       1  83       1  90       1  91       2 105       1 111       1 113       1 118       1 120       1 126       1 128       1 130       1 132       1 136       1 144       1 151       1 154       2 160       1 162       1 164       1 169       1 174       1 178       1 184       1 185       1 191       1 195       1 200       1 201       1 203       1 210       1 216       1 217       1 224       1 225       1 226       1 228       1 232       1 235       1 240       1 245       1 247       2 249       1 255 

Per-node process memory usage (in MBs) for PID 184964 (p10-avx-n384-pi)
                           Node 0          Node 1           Total
                  --------------- --------------- ---------------
Huge                         0.00            0.00            0.00
Heap                         1.44            0.69            2.13
Stack                        0.03            0.04            0.07
Private                  66230.62        78935.85       145166.48
----------------  --------------- --------------- ---------------
Total                    66232.09        78936.58       145168.68
utc=2026-09-12T22:08:12Z VmHWM:=148652728kB VmRSS:=148652728kB VmSwap:=0kB Threads:=71 
MemAvailable_kib=95316876
      1   1       1   2       1   8       1   9       1  10       1  16       1  17       2  24       1  25       1  26       1  33       1  40       1  47       1  49       1  50       1  55       1  57       1  64       1  65       1  68       1  73       1  80       1  81       1  83       1  90       1  91       2 105       1 111       1 113       1 118       1 120       1 126       1 128       1 130       1 132       1 136       1 143       1 144       1 151       1 154       2 160       1 162       1 164       1 169       1 174       1 178       1 184       1 185       1 191       1 195       1 200       1 201       1 203       1 210       1 216       1 217       1 224       1 225       1 226       1 228       1 232       1 235       1 240       1 245       1 247       2 249       1 255 

Per-node process memory usage (in MBs) for PID 184964 (p10-avx-n384-pi)
                           Node 0          Node 1           Total
                  --------------- --------------- ---------------
Huge                         0.00            0.00            0.00
Heap                         1.44            0.69            2.13
Stack                        0.03            0.04            0.07
Private                  66230.62        78935.85       145166.48
----------------  --------------- --------------- ---------------
Total                    66232.09        78936.58       145168.68
utc=2026-09-12T22:08:43Z VmHWM:=148652728kB VmRSS:=148652728kB VmSwap:=0kB Threads:=71 
MemAvailable_kib=95303508
      1   1       1   2       1   8       1   9       1  10       1  16       1  17       1  23       2  24       1  25       1  26       1  33       1  40       1  47       1  49       1  50       2  57       2  64       1  65       1  68       1  73       1  80       1  81       1  83       1  90       1  91       2 105       1 111       1 113       1 118       1 120       1 126       1 128       1 130       1 132       1 136       1 143       1 144       1 154       1 160       1 162       1 164       1 169       1 174       1 178       1 183       1 184       1 191       1 195       1 200       1 201       1 203       1 210       1 216       1 217       1 224       1 225       1 226       1 228       1 232       1 235       1 240       1 245       1 247       2 249       1 255 

Per-node process memory usage (in MBs) for PID 184964 (p10-avx-n384-pi)
                           Node 0          Node 1           Total
                  --------------- --------------- ---------------
Huge                         0.00            0.00            0.00
Heap                         1.44            0.69            2.13
Stack                        0.03            0.04            0.07
Private                  66413.10        78753.38       145166.48
----------------  --------------- --------------- ---------------
Total                    66414.57        78754.11       145168.68
utc=2026-09-12T22:09:14Z VmHWM:=148652728kB VmRSS:=148652728kB VmSwap:=0kB Threads:=71 
MemAvailable_kib=95291072
      1   1       1   2       1   8       1   9       1  10       1  16       1  17       2  24       1  25       1  26       1  33       1  40       1  47       1  49       1  50       1  55       1  57       1  64       1  65       1  68       1  73       1  80       1  81       1  83       1  90       1  91       2 105       1 111       1 112       1 113       1 117       1 118       1 120       1 126       1 128       1 130       1 132       1 136       1 143       1 144       1 151       1 154       1 160       1 162       1 164       1 169       1 174       1 178       1 184       1 185       1 191       1 192       1 195       1 200       1 201       1 203       1 210       1 216       1 217       1 224       1 225       1 226       1 228       1 232       1 235       1 247       2 249       1 255 

Per-node process memory usage (in MBs) for PID 184964 (p10-avx-n384-pi)
                           Node 0          Node 1           Total
                  --------------- --------------- ---------------
Huge                         0.00            0.00            0.00
Heap                         1.44            0.69            2.13
Stack                        0.03            0.04            0.07
Private                  66405.22        78761.25       145166.48
----------------  --------------- --------------- ---------------
Total                    66406.69        78761.98       145168.68
utc=2026-09-12T22:09:45Z VmHWM:=148652728kB VmRSS:=148652728kB VmSwap:=0kB Threads:=71 
MemAvailable_kib=95307912
      1   1       2   2       1   8       1   9       1  10       1  16       1  17       1  24       1  25       1  26       1  33       1  40       1  47       1  49       1  50       1  55       1  57       1  64       1  65       1  68       1  73       1  80       1  81       1  83       1  90       1  91       2 105       1 111       1 112       1 113       1 117       1 118       1 120       1 126       1 128       1 132       1 136       1 143       1 144       1 151       1 152       1 154       1 160       1 162       1 164       1 169       1 174       1 178       1 184       1 185       1 191       1 192       1 195       1 200       1 201       1 203       1 210       1 216       1 217       1 224       1 225       1 226       1 228       1 232       1 235       1 247       2 249       1 255 

Per-node process memory usage (in MBs) for PID 184964 (p10-avx-n384-pi)
                           Node 0          Node 1           Total
                  --------------- --------------- ---------------
Huge                         0.00            0.00            0.00
Heap                         1.44            0.69            2.13
Stack                        0.03            0.04            0.07
Private                  66429.41        78737.07       145166.48
----------------  --------------- --------------- ---------------
Total                    66430.88        78737.80       145168.68
utc=2026-09-12T22:10:16Z VmHWM:=148652728kB VmRSS:=148652728kB VmSwap:=0kB Threads:=71 
MemAvailable_kib=95312292
      1   1       2   2       1   8       1   9       1  10       1  15       1  16       1  17       1  24       1  25       1  26       1  33       1  40       1  47       1  49       1  50       1  55       1  57       2  64       1  65       1  68       1  73       1  80       1  81       1  83       1  90       1  91       2 105       1 111       1 112       1 113       1 117       1 118       1 120       1 126       1 128       1 132       1 136       1 144       1 151       1 152       1 154       1 160       1 162       1 164       1 169       1 174       1 178       1 184       1 185       1 191       1 195       1 200       1 201       1 203       1 210       1 216       1 217       1 224       1 225       1 226       1 228       1 232       1 235       1 247       2 249       1 255 

Per-node process memory usage (in MBs) for PID 184964 (p10-avx-n384-pi)
                           Node 0          Node 1           Total
                  --------------- --------------- ---------------
Huge                         0.00            0.00            0.00
Heap                         1.44            0.69            2.13
Stack                        0.03            0.04            0.07
Private                  66429.95        78736.53       145166.48
----------------  --------------- --------------- ---------------
Total                    66431.42        78737.26       145168.68
utc=2026-09-12T22:10:47Z VmHWM:=148652728kB VmRSS:=148652728kB VmSwap:=0kB Threads:=71 
MemAvailable_kib=95322800
      1   1       1   2       1   8       1   9       1  10       1  15       1  16       1  17       1  24       1  25       1  26       1  33       1  40       1  47       1  48       1  49       1  50       1  55       1  57       1  64       1  65       1  68       1  73       1  80       1  81       1  83       1  90       1  91       2 105       1 111       1 112       1 113       1 118       1 120       1 126       1 128       1 132       1 136       1 144       1 151       1 152       1 154       1 160       1 162       1 164       1 169       1 174       1 178       1 184       1 185       1 191       1 192       1 195       1 200       1 201       1 203       1 210       1 216       1 217       1 224       1 225       1 226       1 228       1 232       1 235       1 245       1 247       2 249       1 255 

Per-node process memory usage (in MBs) for PID 184964 (p10-avx-n384-pi)
                           Node 0          Node 1           Total
                  --------------- --------------- ---------------
Huge                         0.00            0.00            0.00
Heap                         1.44            0.69            2.13
Stack                        0.03            0.04            0.07
Private                  66454.75        78711.73       145166.48
----------------  --------------- --------------- ---------------
Total                    66456.21        78712.46       145168.68
utc=2026-09-12T22:11:18Z VmHWM:=148652728kB VmRSS:=148652728kB VmSwap:=0kB Threads:=71 
MemAvailable_kib=95335848
      1   1       1   2       1   8       1   9       1  10       1  15       1  16       1  17       1  24       1  25       1  26       1  33       1  40       1  47       1  48       1  49       1  50       1  55       1  57       1  64       1  65       1  68       1  73       1  80       1  81       1  83       1  90       1  91       2 105       1 111       1 112       1 113       1 118       1 120       1 126       1 128       1 132       1 136       1 144       1 151       1 152       1 154       1 160       1 162       1 164       1 169       1 174       1 178       1 184       1 185       1 191       1 192       1 195       1 200       1 201       1 203       1 210       1 216       1 217       1 224       1 225       1 226       1 228       1 232       1 235       1 245       1 247       2 249       1 255 

Per-node process memory usage (in MBs) for PID 184964 (p10-avx-n384-pi)
                           Node 0          Node 1           Total
                  --------------- --------------- ---------------
Huge                         0.00            0.00            0.00
Heap                         1.44            0.69            2.13
Stack                        0.03            0.04            0.07
Private                  66454.75        78711.73       145166.48
----------------  --------------- --------------- ---------------
Total                    66456.21        78712.46       145168.68
utc=2026-09-12T22:11:49Z VmHWM:=148652728kB VmRSS:=148652728kB VmSwap:=0kB Threads:=71 
MemAvailable_kib=95291808
      1   0       1   1       1   2       1   8       1   9       1  10       1  15       2  17       1  24       1  25       1  26       1  33       1  40       1  47       1  48       1  49       1  50       1  55       1  57       1  64       1  65       1  73       1  80       1  81       1  83       1  89       1  90       1  91       1 104       2 105       1 107       1 111       1 112       1 113       1 118       2 120       1 126       1 132       1 136       1 144       1 151       1 152       1 154       1 160       1 162       1 164       1 169       1 174       1 178       1 184       1 185       1 191       1 195       1 196       1 200       1 201       1 203       1 210       1 216       1 224       1 225       1 226       1 228       1 245       1 247       2 249       1 255 

Per-node process memory usage (in MBs) for PID 184964 (p10-avx-n384-pi)
                           Node 0          Node 1           Total
                  --------------- --------------- ---------------
Huge                         0.00            0.00            0.00
Heap                         1.44            0.69            2.13
Stack                        0.03            0.04            0.07
Private                  66410.75        78755.73       145166.48
----------------  --------------- --------------- ---------------
Total                    66412.21        78756.46       145168.68
utc=2026-09-12T22:12:20Z VmHWM:=148652728kB VmRSS:=148652728kB VmSwap:=0kB Threads:=71 
MemAvailable_kib=95297052
      1   0       1   1       1   2       1   8       1   9       1  10       2  17       1  24       1  25       1  26       1  33       1  40       1  47       1  48       1  49       1  50       1  55       1  56       1  57       1  64       1  65       1  73       1  80       1  81       1  83       1  89       1  90       1  91       1 104       2 105       1 107       1 111       1 112       1 113       1 118       2 120       1 126       1 132       1 136       1 144       1 151       1 152       1 154       1 160       1 162       1 164       1 169       1 174       1 178       1 184       1 185       1 191       1 195       1 196       1 200       1 201       1 203       1 210       1 216       1 224       1 225       1 226       1 228       1 245       1 247       2 249       1 255 

Per-node process memory usage (in MBs) for PID 184964 (p10-avx-n384-pi)
                           Node 0          Node 1           Total
                  --------------- --------------- ---------------
Huge                         0.00            0.00            0.00
Heap                         1.44            0.69            2.13
Stack                        0.03            0.04            0.07
Private                  66537.47        78629.01       145166.48
----------------  --------------- --------------- ---------------
Total                    66538.94        78629.74       145168.68
utc=2026-09-12T22:12:51Z VmHWM:=148652728kB VmRSS:=148652728kB VmSwap:=0kB Threads:=71 
MemAvailable_kib=95419232
      1   0       1   1       1   2       1   8       1   9       1  10       2  17       1  24       1  25       1  26       1  33       1  40       1  47       1  49       1  50       1  55       1  56       1  57       1  64       1  65       1  73       1  80       1  81       1  83       1  89       1  90       1  91       1 104       2 105       1 107       1 111       1 112       1 113       1 118       2 120       1 126       1 132       1 136       1 144       1 151       1 152       1 154       1 160       1 162       1 164       1 169       1 174       1 176       1 178       1 184       1 185       1 191       1 195       1 196       1 200       1 201       1 203       1 210       1 216       1 224       1 225       1 226       1 228       1 245       1 247       2 249       1 255 

Per-node process memory usage (in MBs) for PID 184964 (p10-avx-n384-pi)
                           Node 0          Node 1           Total
                  --------------- --------------- ---------------
Huge                         0.00            0.00            0.00
Heap                         1.44            0.69            2.13
Stack                        0.03            0.04            0.07
Private                  66537.47        78629.01       145166.48
----------------  --------------- --------------- ---------------
Total                    66538.94        78629.74       145168.68
utc=2026-09-12T22:13:22Z VmHWM:=148652728kB VmRSS:=148652728kB VmSwap:=0kB Threads:=71 
MemAvailable_kib=95415968
      1   0       1   1       1   2       1   8       1   9       1  10       2  17       1  24       1  25       1  26       1  33       1  40       1  47       1  48       1  49       1  50       1  55       1  56       2  57       1  64       1  65       1  73       1  81       1  83       1  90       1  91       1  98       1 104       2 105       1 107       1 111       1 112       1 113       1 118       1 120       1 126       1 132       1 136       1 144       1 151       1 152       1 154       1 160       1 162       1 164       1 169       1 174       1 178       1 184       1 191       1 195       1 196       1 200       1 201       1 203       1 208       1 210       1 216       1 217       1 224       1 225       1 228       1 245       1 247       1 248       2 249       1 255 

Per-node process memory usage (in MBs) for PID 184964 (p10-avx-n384-pi)
                           Node 0          Node 1           Total
                  --------------- --------------- ---------------
Huge                         0.00            0.00            0.00
Heap                         1.44            0.69            2.13
Stack                        0.03            0.04            0.07
Private                  66446.37        78720.11       145166.48
----------------  --------------- --------------- ---------------
Total                    66447.84        78720.84       145168.68
utc=2026-09-12T22:13:53Z VmHWM:=148652728kB VmRSS:=148652728kB VmSwap:=0kB Threads:=71 
MemAvailable_kib=95365052
      1   0       1   1       1   2       1   8       1   9       1  10       2  17       1  23       1  24       1  25       1  26       1  33       1  34       1  40       1  47       1  49       1  50       1  55       1  56       2  57       1  64       1  73       1  81       1  83       1  90       1  91       1  98       1 104       2 105       1 107       1 111       1 112       1 113       1 118       1 120       1 126       1 132       1 136       1 144       1 152       1 154       1 160       1 164       1 169       1 174       1 176       1 178       1 184       1 191       1 193       1 195       1 196       1 200       1 201       1 203       1 208       1 210       1 216       1 217       1 224       1 225       1 228       1 245       1 247       1 248       2 249       1 255 

Per-node process memory usage (in MBs) for PID 184964 (p10-avx-n384-pi)
                           Node 0          Node 1           Total
                  --------------- --------------- ---------------
Huge                         0.00            0.00            0.00
Heap                         1.44            0.69            2.13
Stack                        0.03            0.04            0.07
Private                  66446.70        78719.78       145166.48
----------------  --------------- --------------- ---------------
Total                    66448.17        78720.51       145168.68
utc=2026-09-12T22:14:24Z VmHWM:=148652728kB VmRSS:=148652728kB VmSwap:=0kB Threads:=71 
MemAvailable_kib=95385880
      1   0       1   1       1   2       1   8       1   9       1  10       2  17       1  23       1  24       1  25       1  26       1  33       1  34       1  40       1  47       1  49       1  50       1  56       2  57       1  64       1  68       1  73       1  81       1  83       1  88       1  90       1  91       1  98       1 104       2 105       1 107       1 111       1 112       1 113       1 117       1 118       1 120       1 126       1 132       1 136       1 144       1 152       1 154       1 160       1 164       1 169       1 174       1 176       1 178       1 183       1 184       1 191       1 193       1 195       1 200       1 201       1 203       1 208       1 210       1 217       1 224       1 225       1 228       1 247       1 248       2 249       1 255 

Per-node process memory usage (in MBs) for PID 184964 (p10-avx-n384-pi)
                           Node 0          Node 1           Total
                  --------------- --------------- ---------------
Huge                         0.00            0.00            0.00
Heap                         1.44            0.69            2.13
Stack                        0.03            0.04            0.07
Private                  66427.86        78738.62       145166.48
----------------  --------------- --------------- ---------------
Total                    66429.32        78739.35       145168.68
utc=2026-09-12T22:14:55Z VmHWM:=148652728kB VmRSS:=148652728kB VmSwap:=0kB Threads:=71 
MemAvailable_kib=95386488
      1   0       1   1       1   2       1   8       1   9       1  10       2  17       1  23       1  24       1  25       1  26       1  33       1  34       1  40       1  47       1  49       1  50       1  56       2  57       1  64       1  68       1  73       1  81       1  83       1  88       1  90       1  91       1  98       1 104       2 105       1 107       1 111       1 112       1 113       1 117       1 118       1 120       1 126       1 132       1 136       1 144       1 152       1 154       1 160       1 164       1 169       1 174       1 176       1 178       1 183       1 184       1 191       1 193       1 195       1 200       1 201       1 203       1 208       1 210       1 217       1 224       1 225       1 228       1 247       1 248       2 249       1 255 

Per-node process memory usage (in MBs) for PID 184964 (p10-avx-n384-pi)
                           Node 0          Node 1           Total
                  --------------- --------------- ---------------
Huge                         0.00            0.00            0.00
Heap                         1.44            0.69            2.13
Stack                        0.03            0.04            0.07
Private                  66538.11        78628.37       145166.48
----------------  --------------- --------------- ---------------
Total                    66539.57        78629.10       145168.68
utc=2026-09-12T22:15:26Z VmHWM:=148652728kB VmRSS:=148652728kB VmSwap:=0kB Threads:=71 
MemAvailable_kib=95296528
      1   1       1   2       1   8       1   9       1  10       2  17       1  23       1  24       1  25       1  26       1  33       1  34       1  40       1  47       1  49       1  50       1  55       1  56       2  57       1  64       1  68       1  73       1  81       1  83       1  88       1  90       1  91       1  98       1 104       2 105       1 107       1 111       1 112       1 113       1 117       1 118       1 120       1 126       1 128       1 132       1 136       1 144       1 152       1 154       1 160       1 164       1 169       1 174       1 176       1 178       1 184       1 191       1 193       1 195       1 200       1 201       1 203       1 208       1 210       1 217       1 224       1 225       1 228       1 247       1 248       2 249       1 255 

Per-node process memory usage (in MBs) for PID 184964 (p10-avx-n384-pi)
                           Node 0          Node 1           Total
                  --------------- --------------- ---------------
Huge                         0.00            0.00            0.00
Heap                         1.44            0.69            2.13
Stack                        0.03            0.04            0.07
Private                  66458.07        78708.41       145166.48
----------------  --------------- --------------- ---------------
Total                    66459.54        78709.14       145168.68
utc=2026-09-12T22:15:57Z VmHWM:=148652728kB VmRSS:=148652728kB VmSwap:=0kB Threads:=71 
MemAvailable_kib=95363228
      1   1       1   2       1   8       1   9       1  10       2  17       1  23       1  24       1  25       1  26       1  32       1  33       1  34       1  40       1  47       1  49       1  50       1  55       2  57       1  64       1  68       1  73       1  81       1  83       1  88       1  90       1  91       1  98       1 104       2 105       1 107       1 111       1 112       1 113       1 117       1 118       1 126       1 128       1 132       2 136       1 144       1 154       1 160       1 164       1 169       1 174       1 176       1 178       1 184       1 191       1 193       1 195       1 200       1 201       1 203       1 208       1 210       1 217       1 224       1 225       1 228       1 247       2 248       2 249       1 255 

Per-node process memory usage (in MBs) for PID 184964 (p10-avx-n384-pi)
                           Node 0          Node 1           Total
                  --------------- --------------- ---------------
Huge                         0.00            0.00            0.00
Heap                         1.44            0.69            2.13
Stack                        0.03            0.04            0.07
Private                  66458.07        78708.41       145166.48
----------------  --------------- --------------- ---------------
Total                    66459.54        78709.14       145168.68
utc=2026-09-12T22:16:28Z VmHWM:=148652728kB VmRSS:=148652728kB VmSwap:=0kB Threads:=71 
MemAvailable_kib=95345592
      1   1       1   2       1   8       1   9       1  10       1  11       2  17       1  23       1  24       1  25       1  26       1  32       1  33       1  34       1  40       1  47       1  49       1  50       1  55       1  57       1  64       1  68       1  73       1  81       1  83       1  88       1  90       1  91       1  98       1 104       2 105       1 107       1 111       1 112       1 113       1 117       1 118       1 121       1 126       1 128       1 132       1 136       1 144       1 154       1 160       1 164       1 169       1 174       1 176       1 178       1 184       1 185       1 191       1 193       1 195       1 200       1 201       1 203       1 208       1 210       1 217       1 224       1 225       1 228       1 247       2 248       1 249       1 255 

Per-node process memory usage (in MBs) for PID 184964 (p10-avx-n384-pi)
                           Node 0          Node 1           Total
                  --------------- --------------- ---------------
Huge                         0.00            0.00            0.00
Heap                         1.44            0.69            2.13
Stack                        0.03            0.04            0.07
Private                  66482.66        78683.82       145166.48
----------------  --------------- --------------- ---------------
Total                    66484.13        78684.55       145168.68
utc=2026-09-12T22:16:59Z VmHWM:=148652728kB VmRSS:=148652728kB VmSwap:=0kB Threads:=71 
MemAvailable_kib=95359100
      1   1       1   2       1   8       1   9       1  10       1  11       2  17       1  23       1  24       1  25       1  26       1  32       1  33       1  34       1  40       1  47       1  49       1  50       1  55       1  57       1  64       1  68       1  73       1  81       1  83       1  88       1  90       1  91       1  98       1 104       2 105       1 107       1 111       1 112       1 113       1 117       1 118       1 121       1 126       1 128       1 132       1 136       1 144       1 154       1 160       1 164       1 169       1 174       1 176       1 178       1 184       1 185       1 191       1 193       1 195       1 200       1 201       1 203       1 208       1 210       1 217       1 224       1 225       1 228       1 247       2 248       1 249       1 255 

Per-node process memory usage (in MBs) for PID 184964 (p10-avx-n384-pi)
                           Node 0          Node 1           Total
                  --------------- --------------- ---------------
Huge                         0.00            0.00            0.00
Heap                         1.44            0.69            2.13
Stack                        0.03            0.04            0.07
Private                  66480.38        78686.10       145166.48
----------------  --------------- --------------- ---------------
Total                    66481.85        78686.83       145168.68
utc=2026-09-12T22:17:30Z VmHWM:=148652728kB VmRSS:=148652728kB VmSwap:=0kB Threads:=71 
MemAvailable_kib=95354932
      1   1       1   2       2   8       1   9       1  10       1  11       2  17       1  23       1  24       1  25       1  26       2  33       1  34       1  40       1  47       1  49       1  50       1  55       1  57       1  64       1  68       1  73       1  81       1  83       1  88       1  90       1  91       1  98       1 104       2 105       1 107       1 111       1 112       1 113       1 117       1 118       1 121       1 126       1 128       1 132       1 144       1 154       1 160       1 164       1 169       1 174       1 176       1 178       1 184       1 185       1 191       1 193       1 195       1 200       1 201       1 203       1 208       1 210       1 217       1 224       1 225       1 228       1 247       2 248       1 249       1 255 

Per-node process memory usage (in MBs) for PID 184964 (p10-avx-n384-pi)
                           Node 0          Node 1           Total
                  --------------- --------------- ---------------
Huge                         0.00            0.00            0.00
Heap                         1.44            0.69            2.13
Stack                        0.03            0.04            0.07
Private                  66517.32        78649.16       145166.48
----------------  --------------- --------------- ---------------
Total                    66518.79        78649.89       145168.68
utc=2026-09-12T22:18:01Z VmHWM:=148652728kB VmRSS:=148652728kB VmSwap:=0kB Threads:=71 
MemAvailable_kib=95362424
      1   1       1   2       2   8       1   9       1  10       2  17       1  23       1  24       1  25       1  26       2  33       1  34       1  40       1  47       1  49       1  50       1  55       1  57       1  64       1  66       1  73       1  81       1  83       1  90       1  91       1  97       1 104       2 105       1 107       1 111       1 112       1 113       1 117       1 118       1 121       1 126       1 128       1 132       1 139       1 144       1 154       1 160       1 164       1 169       1 174       1 176       1 178       1 184       1 185       1 191       1 193       1 195       1 200       1 201       1 203       1 208       1 210       1 216       1 217       1 224       1 225       1 228       1 247       2 248       1 249       1 255 

Per-node process memory usage (in MBs) for PID 184964 (p10-avx-n384-pi)
                           Node 0          Node 1           Total
                  --------------- --------------- ---------------
Huge                         0.00            0.00            0.00
Heap                         1.45            0.68            2.13
Stack                        0.03            0.04            0.07
Private                  66517.32        78649.15       145166.48
----------------  --------------- --------------- ---------------
Total                    66518.80        78649.88       145168.68
utc=2026-09-12T22:18:32Z VmHWM:=148652728kB VmRSS:=148652728kB VmSwap:=0kB Threads:=71 
MemAvailable_kib=95355356
      1   1       1   2       2   8       1   9       1  10       2  17       1  23       1  24       1  25       1  26       2  33       1  34       1  40       1  47       1  49       1  50       1  55       2  57       1  64       1  65       1  66       1  73       1  81       1  83       1  90       1  91       1  97       1 104       2 105       1 107       1 111       1 113       1 117       1 118       2 120       2 121       1 126       1 128       1 132       1 139       1 144       1 154       1 160       1 164       1 169       1 174       1 176       1 178       1 184       1 191       1 195       1 200       1 201       1 203       1 208       1 210       1 216       1 217       1 224       1 225       1 228       1 240       1 247       1 255 

Per-node process memory usage (in MBs) for PID 184964 (p10-avx-n384-pi)
                           Node 0          Node 1           Total
                  --------------- --------------- ---------------
Huge                         0.00            0.00            0.00
Heap                         1.45            0.68            2.13
Stack                        0.03            0.04            0.07
Private                  66572.14        78594.34       145166.48
----------------  --------------- --------------- ---------------
Total                    66573.62        78595.06       145168.68
utc=2026-09-12T22:19:03Z VmHWM:=148652728kB VmRSS:=148652728kB VmSwap:=0kB Threads:=71 
MemAvailable_kib=95347256
      1   1       1   2       3   8       1   9       2  17       1  23       2  25       1  26       2  33       1  34       1  40       1  47       1  49       1  50       1  55       2  57       1  64       1  65       1  73       1  81       1  83       1  89       1  90       1  91       1  97       1 104       2 105       1 107       1 111       1 113       1 117       1 118       2 120       2 121       1 126       1 128       1 132       1 139       1 144       1 154       1 160       1 164       1 169       1 174       1 176       1 178       1 184       1 191       1 194       1 195       1 200       1 201       1 203       1 208       1 210       1 216       1 224       1 225       1 228       1 240       1 247       1 255 

Per-node process memory usage (in MBs) for PID 184964 (p10-avx-n384-pi)
                           Node 0          Node 1           Total
                  --------------- --------------- ---------------
Huge                         0.00            0.00            0.00
Heap                         1.45            0.68            2.13
Stack                        0.03            0.04            0.07
Private                  66553.98        78612.49       145166.48
----------------  --------------- --------------- ---------------
Total                    66555.46        78613.21       145168.68
utc=2026-09-12T22:19:34Z VmHWM:=148652728kB VmRSS:=148652728kB VmSwap:=0kB Threads:=71 
MemAvailable_kib=95362508
      1   1       1   2       3   8       1   9       2  17       1  23       2  25       1  26       1  33       1  34       1  40       1  47       1  49       1  50       1  55       2  57       1  64       1  65       1  73       1  81       1  83       1  89       1  90       1  91       1  97       1 104       2 105       1 107       1 111       1 113       1 117       1 118       2 120       2 121       1 126       1 128       1 132       1 139       1 144       1 154       1 160       1 161       1 164       1 169       1 174       1 176       1 178       1 184       1 191       1 194       1 195       1 200       1 201       1 203       1 208       1 210       1 216       1 224       1 225       1 228       1 240       1 247       1 255 

Per-node process memory usage (in MBs) for PID 184964 (p10-avx-n384-pi)
                           Node 0          Node 1           Total
                  --------------- --------------- ---------------
Huge                         0.00            0.00            0.00
Heap                         1.41            0.71            2.13
Stack                        0.03            0.04            0.07
Private                  66553.98        78612.49       145166.48
----------------  --------------- --------------- ---------------
Total                    66555.43        78613.25       145168.68
utc=2026-09-12T22:20:05Z VmHWM:=148652728kB VmRSS:=148652728kB VmSwap:=0kB Threads:=71 
MemAvailable_kib=95364144
      1   1       1   2       2   8       2   9       2  17       1  23       2  25       1  26       1  33       1  40       1  47       1  49       1  50       1  55       2  57       1  64       1  65       1  66       1  73       1  81       1  83       1  89       1  90       1  91       1  97       1 104       2 105       1 107       1 111       1 113       1 118       1 120       2 121       1 126       1 128       1 132       1 139       1 144       1 154       1 160       1 161       1 162       1 164       1 169       1 174       1 176       1 178       1 184       1 191       1 195       1 200       1 201       1 203       1 208       1 210       1 216       1 224       1 225       1 228       1 240       1 245       1 247       1 248       1 255 

Per-node process memory usage (in MBs) for PID 184964 (p10-avx-n384-pi)
                           Node 0          Node 1           Total
                  --------------- --------------- ---------------
Huge                         0.00            0.00            0.00
Heap                         1.41            0.72            2.13
Stack                        0.03            0.04            0.07
Private                  66558.45        78608.02       145166.48
----------------  --------------- --------------- ---------------
Total                    66559.89        78608.79       145168.68
utc=2026-09-12T22:20:36Z VmHWM:=148652728kB VmRSS:=148652728kB VmSwap:=0kB Threads:=71 
MemAvailable_kib=95373544
      1   0       1   1       1   2       2   8       2   9       2  17       1  23       2  25       1  26       2  33       1  40       1  47       1  49       1  50       1  55       2  57       1  64       1  65       1  66       1  73       1  81       1  83       1  89       1  90       1  91       1  97       1 104       2 105       1 107       1 111       1 113       1 118       1 120       2 121       1 126       1 128       1 132       1 139       1 144       1 154       1 160       1 162       1 164       1 169       1 174       1 176       1 178       1 184       1 191       1 195       1 200       1 201       1 203       1 208       1 210       1 216       1 224       1 225       1 228       1 240       1 245       1 247       1 255 

Per-node process memory usage (in MBs) for PID 184964 (p10-avx-n384-pi)
                           Node 0          Node 1           Total
                  --------------- --------------- ---------------
Huge                         0.00            0.00            0.00
Heap                         1.41            0.72            2.13
Stack                        0.03            0.04            0.07
Private                  66559.19        78607.29       145166.48
----------------  --------------- --------------- ---------------
Total                    66560.62        78608.05       145168.68
utc=2026-09-12T22:21:07Z VmHWM:=148652728kB VmRSS:=148652728kB VmSwap:=0kB Threads:=71 
MemAvailable_kib=95349544
      1   0       1   1       1   2       2   8       2   9       2  17       1  23       2  25       1  26       2  33       1  40       1  47       1  49       1  50       1  55       2  57       1  64       1  65       1  66       1  73       1  80       1  81       1  83       1  89       1  90       1  91       1  97       1 104       2 105       1 107       1 111       1 113       1 118       1 120       2 121       1 126       1 128       1 132       1 139       1 144       1 154       1 160       1 162       1 164       1 169       1 174       1 176       1 178       1 184       1 191       1 195       1 200       1 201       1 203       1 210       1 216       1 224       1 225       1 228       1 240       1 245       1 247       1 255 

Per-node process memory usage (in MBs) for PID 184964 (p10-avx-n384-pi)
                           Node 0          Node 1           Total
                  --------------- --------------- ---------------
Huge                         0.00            0.00            0.00
Heap                         1.41            0.72            2.13
Stack                        0.03            0.04            0.07
Private                  66558.42        78608.05       145166.48
----------------  --------------- --------------- ---------------
Total                    66559.86        78608.82       145168.68
utc=2026-09-12T22:21:38Z VmHWM:=148652728kB VmRSS:=148652728kB VmSwap:=0kB Threads:=71 
MemAvailable_kib=95364548
      1   1       1   2       2   8       2   9       2  17       1  23       2  25       1  26       1  33       1  40       1  47       1  49       1  50       1  55       2  57       1  64       1  65       1  66       1  73       1  80       1  81       1  83       1  89       1  90       1  91       1  97       1 104       2 105       1 107       1 111       1 113       1 118       1 120       2 121       1 126       2 128       1 132       1 139       1 144       1 154       1 160       1 161       1 162       1 164       1 169       1 174       1 176       1 178       1 184       1 191       1 195       1 200       1 201       1 203       1 210       1 216       1 224       1 225       1 228       1 240       1 245       1 247       1 255 

Per-node process memory usage (in MBs) for PID 184964 (p10-avx-n384-pi)
                           Node 0          Node 1           Total
                  --------------- --------------- ---------------
Huge                         0.00            0.00            0.00
Heap                         1.41            0.72            2.13
Stack                        0.03            0.04            0.07
Private                  66568.59        78597.89       145166.48
----------------  --------------- --------------- ---------------
Total                    66570.02        78598.65       145168.68
utc=2026-09-12T22:22:09Z VmHWM:=148652728kB VmRSS:=148652728kB VmSwap:=0kB Threads:=71 
MemAvailable_kib=95364236
      1   1       1   2       2   8       2   9       2  17       1  23       2  25       1  26       1  33       1  40       1  47       1  49       1  50       1  55       2  57       1  64       1  65       1  66       1  73       1  80       1  81       1  83       1  89       1  90       1  91       1  97       1 104       2 105       1 107       1 111       1 113       1 118       1 120       2 121       1 126       2 128       1 132       1 139       1 144       1 154       1 160       1 161       1 162       1 164       1 169       1 174       1 176       1 178       1 184       1 191       1 195       1 200       1 201       1 203       1 210       1 216       1 224       1 225       1 228       1 240       1 245       1 247       1 255 

Per-node process memory usage (in MBs) for PID 184964 (p10-avx-n384-pi)
                           Node 0          Node 1           Total
                  --------------- --------------- ---------------
Huge                         0.00            0.00            0.00
Heap                         1.41            0.72            2.13
Stack                        0.03            0.04            0.07
Private                  66569.68        78596.80       145166.48
----------------  --------------- --------------- ---------------
Total                    66571.11        78597.56       145168.68
utc=2026-09-12T22:22:40Z VmHWM:=148652728kB VmRSS:=148652728kB VmSwap:=0kB Threads:=71 
MemAvailable_kib=95359408
      2   0       1   1       1   2       2   8       2   9       2  17       1  23       2  25       1  26       1  33       1  34       1  40       1  47       1  49       1  50       1  55       1  57       1  64       1  65       1  66       1  73       1  80       1  83       1  89       1  90       1  91       1  97       1 104       2 105       1 107       1 111       1 113       1 118       1 120       2 121       1 126       1 132       1 139       1 144       1 154       1 160       1 161       1 164       1 169       1 174       1 176       1 178       1 184       1 185       1 191       1 195       1 200       1 201       1 203       1 209       1 210       1 216       1 224       1 225       1 228       1 240       1 245       1 247       1 255 

Per-node process memory usage (in MBs) for PID 184964 (p10-avx-n384-pi)
                           Node 0          Node 1           Total
                  --------------- --------------- ---------------
Huge                         0.00            0.00            0.00
Heap                         1.41            0.72            2.13
Stack                        0.03            0.04            0.07
Private                  66601.38        78565.09       145166.48
----------------  --------------- --------------- ---------------
Total                    66602.82        78565.85       145168.68
utc=2026-09-12T22:23:11Z VmHWM:=148652728kB VmRSS:=148652728kB VmSwap:=0kB Threads:=71 
MemAvailable_kib=95382560
      1   1       1   2       2   8       2   9       1  11       2  17       1  23       2  25       1  26       1  33       1  34       1  40       1  47       1  49       1  50       1  55       1  57       1  64       1  65       1  66       1  73       1  80       1  83       1  89       1  90       1  91       1  97       2 105       1 107       1 111       1 113       1 118       1 120       2 121       1 126       2 128       1 132       1 144       1 154       1 160       1 161       1 164       1 169       1 174       1 176       1 178       1 184       1 185       1 191       1 195       1 200       1 201       1 203       1 209       1 210       1 216       1 224       1 225       1 228       1 232       1 240       1 245       1 247       1 255 

Per-node process memory usage (in MBs) for PID 184964 (p10-avx-n384-pi)
                           Node 0          Node 1           Total
                  --------------- --------------- ---------------
Huge                         0.00            0.00            0.00
Heap                         1.41            0.72            2.13
Stack                        0.03            0.04            0.07
Private                  66609.48        78557.00       145166.48
----------------  --------------- --------------- ---------------
Total                    66610.92        78557.76       145168.68
utc=2026-09-12T22:23:42Z VmHWM:=148652728kB VmRSS:=148652728kB VmSwap:=0kB Threads:=71 
MemAvailable_kib=95385560
      1   0       1   1       1   2       2   8       1   9       1  11       2  17       2  25       1  26       1  33       1  34       1  40       1  47       1  49       1  50       1  55       2  57       1  64       1  65       1  66       1  73       1  80       1  83       1  89       1  90       1  91       1  97       2 105       1 107       1 111       1 112       1 113       1 118       1 120       2 121       1 126       1 128       1 132       1 137       1 144       1 151       1 154       1 160       1 161       1 164       1 169       1 174       1 176       1 178       1 184       1 191       1 195       1 200       1 201       1 203       1 209       1 210       1 216       1 224       1 225       1 228       1 232       1 245       1 247       1 255 

Per-node process memory usage (in MBs) for PID 184964 (p10-avx-n384-pi)
                           Node 0          Node 1           Total
                  --------------- --------------- ---------------
Huge                         0.00            0.00            0.00
Heap                         1.41            0.72            2.13
Stack                        0.03            0.04            0.07
Private                  66610.59        78555.89       145166.48
----------------  --------------- --------------- ---------------
Total                    66612.03        78556.65       145168.68
utc=2026-09-12T22:24:13Z VmHWM:=148652728kB VmRSS:=148652728kB VmSwap:=0kB Threads:=71 
MemAvailable_kib=95384560
      1   0       1   1       1   2       2   8       1   9       1  11       2  17       2  25       1  26       1  33       1  34       1  40       1  47       1  49       1  50       1  55       2  57       1  64       1  65       1  66       1  73       1  80       1  83       1  89       1  90       1  91       1  97       2 105       1 107       1 111       1 112       1 113       1 118       1 120       2 121       1 126       1 128       1 132       1 137       1 144       1 151       1 154       1 160       1 161       1 164       1 169       1 174       1 176       1 178       1 184       1 191       1 195       1 200       1 201       1 203       1 209       1 210       1 216       1 224       1 225       1 228       1 232       1 245       1 247       1 255 

Per-node process memory usage (in MBs) for PID 184964 (p10-avx-n384-pi)
                           Node 0          Node 1           Total
                  --------------- --------------- ---------------
Huge                         0.00            0.00            0.00
Heap                         1.41            0.72            2.13
Stack                        0.03            0.04            0.07
Private                  66610.59        78555.89       145166.48
----------------  --------------- --------------- ---------------
Total                    66612.03        78556.65       145168.68
utc=2026-09-12T22:24:44Z VmHWM:=148652728kB VmRSS:=148652728kB VmSwap:=0kB Threads:=71 
MemAvailable_kib=95383928
      1   0       1   1       1   2       2   8       2   9       1  11       2  17       1  23       2  25       1  26       1  33       1  34       1  40       1  47       1  49       1  50       1  55       2  57       1  64       1  65       1  66       1  73       1  80       1  83       1  89       1  90       1  91       1  97       2 105       1 107       1 111       1 112       1 113       1 118       1 120       2 121       1 126       1 128       1 132       1 144       1 154       1 160       1 161       1 164       1 169       1 174       1 176       1 178       1 184       1 191       1 195       1 200       1 201       1 203       1 209       1 210       1 216       1 224       1 225       1 228       1 232       1 245       1 247       1 255 

Per-node process memory usage (in MBs) for PID 184964 (p10-avx-n384-pi)
                           Node 0          Node 1           Total
                  --------------- --------------- ---------------
Huge                         0.00            0.00            0.00
Heap                         1.41            0.72            2.13
Stack                        0.03            0.04            0.07
Private                  66610.59        78555.89       145166.48
----------------  --------------- --------------- ---------------
Total                    66612.03        78556.65       145168.68
utc=2026-09-12T22:25:15Z VmHWM:=148652728kB VmRSS:=148652728kB VmSwap:=0kB Threads:=71 
MemAvailable_kib=95383240
      1   1       1   2       2   8       1   9       1  11       2  17       1  23       2  25       1  26       2  33       1  34       1  40       1  47       1  49       1  50       1  55       2  57       1  64       1  65       1  66       1  73       1  80       1  83       1  89       1  90       1  91       1  97       2 105       1 107       1 111       1 112       1 113       1 118       1 120       2 121       1 126       2 128       1 132       1 137       1 144       1 154       1 160       1 164       1 169       1 174       1 176       1 178       1 184       1 191       1 195       1 200       1 201       1 203       1 209       1 210       1 216       1 224       1 225       1 228       1 232       1 245       1 247       1 255 

Per-node process memory usage (in MBs) for PID 184964 (p10-avx-n384-pi)
                           Node 0          Node 1           Total
                  --------------- --------------- ---------------
Huge                         0.00            0.00            0.00
Heap                         1.41            0.72            2.13
Stack                        0.03            0.04            0.07
Private                  66610.59        78555.89       145166.48
----------------  --------------- --------------- ---------------
Total                    66612.03        78556.65       145168.68
utc=2026-09-12T22:25:46Z VmHWM:=148652728kB VmRSS:=148652728kB VmSwap:=0kB Threads:=71 
MemAvailable_kib=95392624
      1   1       1   2       2   8       2   9       1  11       2  17       1  23       2  25       1  26       1  33       1  34       1  40       1  47       1  49       1  50       1  55       2  57       1  64       1  65       1  66       1  73       1  80       1  83       1  89       1  90       1  91       1  97       2 105       1 107       1 111       1 112       1 113       1 118       1 120       2 121       1 126       2 128       1 132       1 144       1 154       1 160       1 161       1 164       1 169       1 174       1 176       1 178       1 184       1 191       1 195       1 200       1 201       1 203       1 209       1 210       1 216       1 224       1 225       1 228       1 232       1 245       1 247       1 255 

Per-node process memory usage (in MBs) for PID 184964 (p10-avx-n384-pi)
                           Node 0          Node 1           Total
                  --------------- --------------- ---------------
Huge                         0.00            0.00            0.00
Heap                         1.41            0.72            2.13
Stack                        0.03            0.04            0.07
Private                  66610.59        78555.89       145166.48
----------------  --------------- --------------- ---------------
Total                    66612.03        78556.65       145168.68
utc=2026-09-12T22:26:17Z VmHWM:=148652728kB VmRSS:=148652728kB VmSwap:=0kB Threads:=71 
MemAvailable_kib=95395520
      1   1       1   2       2   8       1   9       1  11       2  17       1  23       2  25       1  26       1  33       1  34       1  40       1  47       1  49       1  50       1  55       2  57       1  64       1  65       1  66       1  73       1  80       1  83       1  89       1  90       1  91       1  97       2 105       1 107       1 111       1 112       1 113       1 118       1 120       2 121       1 126       2 128       1 132       1 137       1 144       1 154       1 160       1 161       1 164       1 169       1 174       1 176       1 178       1 184       1 191       1 195       1 200       1 201       1 203       1 209       1 210       1 216       1 224       1 225       1 228       1 232       1 245       1 247       1 255 

Per-node process memory usage (in MBs) for PID 184964 (p10-avx-n384-pi)
                           Node 0          Node 1           Total
                  --------------- --------------- ---------------
Huge                         0.00            0.00            0.00
Heap                         1.41            0.72            2.13
Stack                        0.03            0.04            0.07
Private                  66610.59        78555.89       145166.48
----------------  --------------- --------------- ---------------
Total                    66612.03        78556.65       145168.68
utc=2026-09-12T22:26:48Z VmHWM:=148652728kB VmRSS:=148652728kB VmSwap:=0kB Threads:=71 
MemAvailable_kib=95392716
      1   1       1   2       2   8       1   9       1  11       2  17       1  23       2  25       1  26       1  33       1  34       1  40       1  47       1  49       1  50       1  55       2  57       1  64       1  65       1  66       1  73       1  80       1  83       1  89       1  90       1  91       1  97       2 105       1 107       1 111       1 112       1 113       1 118       1 120       2 121       1 126       2 128       1 132       1 137       1 144       1 154       1 160       1 161       1 164       1 169       1 174       1 176       1 178       1 184       1 191       1 195       1 200       1 201       1 203       1 209       1 210       1 216       1 224       1 225       1 228       1 232       1 245       1 247       1 255 

Per-node process memory usage (in MBs) for PID 184964 (p10-avx-n384-pi)
                           Node 0          Node 1           Total
                  --------------- --------------- ---------------
Huge                         0.00            0.00            0.00
Heap                         1.41            0.72            2.13
Stack                        0.03            0.04            0.07
Private                  66610.59        78555.89       145166.48
----------------  --------------- --------------- ---------------
Total                    66612.03        78556.65       145168.68
utc=2026-09-12T22:27:19Z VmHWM:=148652728kB VmRSS:=148652728kB VmSwap:=0kB Threads:=71 
MemAvailable_kib=95376104
      1   1       1   2       2   8       1   9       2  17       1  23       1  25       1  26       1  33       1  34       1  40       1  47       1  49       1  50       1  55       2  57       1  64       1  65       1  66       1  73       1  80       1  83       1  89       1  90       1  91       1  97       2 105       1 107       1 111       1 112       1 113       1 118       1 120       2 121       1 126       2 128       1 132       1 137       1 139       1 144       1 153       1 154       1 160       1 161       1 164       1 169       1 174       1 176       1 178       1 184       1 191       1 195       1 200       1 201       1 203       1 209       1 210       1 216       1 224       1 225       1 228       1 232       1 245       1 247       1 255 

Per-node process memory usage (in MBs) for PID 184964 (p10-avx-n384-pi)
                           Node 0          Node 1           Total
                  --------------- --------------- ---------------
Huge                         0.00            0.00            0.00
Heap                         1.41            0.72            2.13
Stack                        0.03            0.04            0.07
Private                  66610.59        78555.89       145166.48
----------------  --------------- --------------- ---------------
Total                    66612.03        78556.65       145168.68
utc=2026-09-12T22:27:50Z VmHWM:=148652728kB VmRSS:=148652728kB VmSwap:=0kB Threads:=71 
MemAvailable_kib=95372892
      1   1       1   2       2   8       2   9       2  17       1  25       1  26       2  33       1  34       1  40       1  47       1  49       1  50       1  55       2  57       1  64       1  65       1  66       1  73       1  80       1  83       1  89       1  90       1  91       1  97       2 105       1 107       1 111       1 112       1 113       1 118       1 120       2 121       1 126       2 128       1 132       1 139       1 144       1 151       1 153       1 154       1 160       1 164       1 169       1 174       1 176       1 178       1 184       1 191       1 195       1 200       1 201       1 203       1 209       1 210       1 216       1 224       1 225       1 228       1 232       1 245       1 247       1 255 

Per-node process memory usage (in MBs) for PID 184964 (p10-avx-n384-pi)
                           Node 0          Node 1           Total
                  --------------- --------------- ---------------
Huge                         0.00            0.00            0.00
Heap                         1.41            0.72            2.13
Stack                        0.03            0.04            0.07
Private                  66610.59        78555.89       145166.48
----------------  --------------- --------------- ---------------
Total                    66612.03        78556.65       145168.68
utc=2026-09-12T22:28:21Z VmHWM:=148652728kB VmRSS:=148652728kB VmSwap:=0kB Threads:=71 
MemAvailable_kib=95363808
      1   1       1   2       2   8       1   9       2  17       1  25       1  26       1  33       1  34       1  40       1  47       1  49       1  50       1  55       2  57       1  64       1  65       1  66       1  73       1  80       1  83       1  89       1  90       1  91       1  97       2 105       1 107       1 111       1 112       1 113       1 118       1 120       2 121       1 126       2 128       1 132       1 137       1 139       1 144       1 151       1 153       1 154       1 160       1 161       1 164       1 169       1 174       1 176       1 178       1 184       1 191       1 195       1 200       1 201       1 203       1 209       1 210       1 216       1 224       1 225       1 228       1 232       1 245       1 247       1 255 

Per-node process memory usage (in MBs) for PID 184964 (p10-avx-n384-pi)
                           Node 0          Node 1           Total
                  --------------- --------------- ---------------
Huge                         0.00            0.00            0.00
Heap                         1.41            0.72            2.13
Stack                        0.03            0.04            0.07
Private                  66610.59        78555.89       145166.48
----------------  --------------- --------------- ---------------
Total                    66612.03        78556.65       145168.68
utc=2026-09-12T22:28:52Z VmHWM:=148652728kB VmRSS:=148652728kB VmSwap:=0kB Threads:=71 
MemAvailable_kib=95342200
      1   1       1   2       2   8       1   9       2  17       1  25       1  26       2  33       1  40       1  47       1  49       1  50       1  55       2  57       1  64       1  65       1  66       1  73       1  80       1  83       1  89       1  90       1  91       1  97       2 105       1 107       1 111       1 112       1 113       1 118       1 121       1 126       2 128       1 132       1 137       1 139       1 144       1 151       1 153       1 154       1 160       1 162       1 164       1 169       1 174       1 176       1 178       1 184       1 191       1 195       1 200       1 201       1 203       1 209       1 210       1 216       1 224       1 225       1 228       1 232       1 245       1 247       1 248       1 249       1 255 

Per-node process memory usage (in MBs) for PID 184964 (p10-avx-n384-pi)
                           Node 0          Node 1           Total
                  --------------- --------------- ---------------
Huge                         0.00            0.00            0.00
Heap                         1.41            0.72            2.13
Stack                        0.03            0.04            0.07
Private                  66610.59        78555.89       145166.48
----------------  --------------- --------------- ---------------
Total                    66612.03        78556.65       145168.68
utc=2026-09-12T22:29:23Z VmHWM:=148652728kB VmRSS:=148652728kB VmSwap:=0kB Threads:=71 
MemAvailable_kib=95339708
      1   1       1   2       2   8       1   9       2  17       1  25       1  26       1  33       1  34       1  40       1  47       1  49       1  50       1  55       1  57       1  64       1  65       1  66       1  73       1  80       1  83       1  89       1  90       1  91       1  97       2 105       1 107       1 111       1 112       1 113       1 118       1 121       1 126       2 128       1 132       1 137       1 139       1 144       1 151       1 153       1 154       1 160       1 161       1 164       1 169       1 174       1 176       1 178       1 184       1 185       1 191       1 195       1 200       1 201       1 203       1 209       1 210       1 216       1 224       1 225       1 228       1 232       1 245       1 247       1 248       1 249       1 255 

Per-node process memory usage (in MBs) for PID 184964 (p10-avx-n384-pi)
                           Node 0          Node 1           Total
                  --------------- --------------- ---------------
Huge                         0.00            0.00            0.00
Heap                         1.41            0.72            2.13
Stack                        0.03            0.04            0.07
Private                  66610.59        78555.89       145166.48
----------------  --------------- --------------- ---------------
Total                    66612.03        78556.65       145168.68
utc=2026-09-12T22:29:54Z VmHWM:=148652728kB VmRSS:=148652728kB VmSwap:=0kB Threads:=71 
MemAvailable_kib=95333760
      1   1       1   2       2   8       2   9       2  17       1  25       1  26       1  33       1  34       1  40       1  47       1  49       1  50       1  55       1  57       1  64       1  65       1  66       1  73       1  80       1  83       1  89       1  90       1  91       1  97       2 105       1 107       1 111       1 112       1 113       1 118       1 121       1 126       2 128       1 132       1 139       1 144       1 151       1 153       1 154       1 160       1 161       1 164       1 169       1 174       1 176       1 178       1 184       1 185       1 191       1 195       1 200       1 201       1 203       1 209       1 210       1 216       1 224       1 225       1 228       1 232       1 245       1 247       1 248       1 249       1 255 

Per-node process memory usage (in MBs) for PID 184964 (p10-avx-n384-pi)
                           Node 0          Node 1           Total
                  --------------- --------------- ---------------
Huge                         0.00            0.00            0.00
Heap                         1.41            0.72            2.13
Stack                        0.03            0.04            0.07
Private                  66610.59        78555.89       145166.48
----------------  --------------- --------------- ---------------
Total                    66612.03        78556.65       145168.68
utc=2026-09-12T22:30:25Z VmHWM:=148652728kB VmRSS:=148652728kB VmSwap:=0kB Threads:=71 
MemAvailable_kib=95299688
      1   1       1   2       2   8       2   9       2  17       1  25       1  26       1  33       1  34       1  40       1  47       1  49       1  50       1  55       1  57       1  61       1  64       1  65       1  66       1  73       1  80       1  83       1  89       1  90       1  91       1  97       1 104       2 105       1 107       1 111       1 112       1 113       1 118       1 121       1 126       2 128       1 132       1 139       1 144       1 151       1 153       1 154       1 160       1 161       1 164       1 169       1 174       1 176       1 178       1 184       1 191       1 195       1 200       1 201       1 203       1 209       1 210       1 216       1 224       1 225       1 228       1 245       1 247       1 248       1 249       1 255 

Per-node process memory usage (in MBs) for PID 184964 (p10-avx-n384-pi)
                           Node 0          Node 1           Total
                  --------------- --------------- ---------------
Huge                         0.00            0.00            0.00
Heap                         1.41            0.72            2.13
Stack                        0.03            0.04            0.07
Private                  66613.14        78553.34       145166.48
----------------  --------------- --------------- ---------------
Total                    66614.58        78554.10       145168.68
utc=2026-09-12T22:30:56Z VmHWM:=148652728kB VmRSS:=148652728kB VmSwap:=0kB Threads:=71 
MemAvailable_kib=95299256
      1   0       1   1       1   2       1   8       2   9       2  17       1  23       1  25       1  26       1  33       1  34       1  40       1  47       1  49       1  50       1  55       1  57       1  61       1  64       1  65       1  66       1  72       1  73       1  80       1  81       1  83       1  89       1  90       1  91       1  97       1 104       2 105       1 107       1 111       1 112       1 113       1 118       1 121       1 126       1 128       1 132       1 136       1 139       1 144       1 153       1 154       1 160       1 161       1 164       1 169       1 174       1 176       1 178       1 184       1 191       1 195       1 201       1 203       1 210       1 216       1 224       1 225       1 228       1 245       1 247       1 248       1 249       1 255 

Per-node process memory usage (in MBs) for PID 184964 (p10-avx-n384-pi)
                           Node 0          Node 1           Total
                  --------------- --------------- ---------------
Huge                         0.00            0.00            0.00
Heap                         1.41            0.72            2.13
Stack                        0.03            0.04            0.07
Private                  66639.90        78526.57       145166.48
----------------  --------------- --------------- ---------------
Total                    66641.34        78527.33       145168.68
utc=2026-09-12T22:31:27Z VmHWM:=148652728kB VmRSS:=148652728kB VmSwap:=0kB Threads:=71 
MemAvailable_kib=95325120
      1   0       1   1       1   2       1   8       2   9       2  17       1  23       1  25       1  26       1  33       1  34       1  40       1  47       1  49       1  50       1  55       1  57       1  61       1  64       1  65       1  66       1  72       1  73       1  80       1  81       1  83       1  89       1  90       1  91       1  97       1 104       2 105       1 107       1 111       1 112       1 113       1 118       1 121       1 126       1 128       1 132       1 136       1 139       1 144       1 153       1 154       1 160       1 161       1 164       1 169       1 174       1 176       1 178       1 184       1 191       1 195       1 201       1 203       1 210       1 216       1 224       1 225       1 228       1 245       1 247       1 248       1 249       1 255 

Per-node process memory usage (in MBs) for PID 184964 (p10-avx-n384-pi)
                           Node 0          Node 1           Total
                  --------------- --------------- ---------------
Huge                         0.00            0.00            0.00
Heap                         1.44            0.69            2.13
Stack                        0.03            0.04            0.07
Private                  66639.90        78526.57       145166.48
----------------  --------------- --------------- ---------------
Total                    66641.38        78527.30       145168.68
utc=2026-09-12T22:31:58Z VmHWM:=148652728kB VmRSS:=148652728kB VmSwap:=0kB Threads:=71 
MemAvailable_kib=95322656
      2   1       1   2       1   8       2   9       2  17       1  25       1  26       1  33       1  34       1  40       1  47       1  49       1  50       1  57       1  61       1  64       1  65       1  66       1  72       1  73       1  80       1  81       1  83       1  89       1  90       1  91       1  96       1 104       2 105       1 107       1 111       1 112       1 113       1 118       1 121       1 126       1 128       1 132       1 136       1 139       1 144       1 151       1 153       1 154       1 160       1 161       1 164       1 169       1 174       1 176       1 178       1 183       1 184       1 191       1 195       1 201       1 203       1 210       1 216       2 225       1 228       1 245       1 247       1 248       1 249       1 255 

Per-node process memory usage (in MBs) for PID 184964 (p10-avx-n384-pi)
                           Node 0          Node 1           Total
                  --------------- --------------- ---------------
Huge                         0.00            0.00            0.00
Heap                         1.45            0.68            2.13
Stack                        0.03            0.04            0.07
Private                  66654.86        78511.62       145166.48
----------------  --------------- --------------- ---------------
Total                    66656.34        78512.33       145168.68
utc=2026-09-12T22:32:29Z VmHWM:=148652728kB VmRSS:=148652728kB VmSwap:=0kB Threads:=71 
MemAvailable_kib=95329544
      1   1       1   2       1   8       2   9       2  17       1  25       1  26       1  33       1  34       1  40       1  47       1  49       1  50       1  57       1  61       1  64       1  65       1  66       1  72       1  73       1  80       1  81       1  83       1  89       1  90       1  91       1  96       1 104       2 105       1 107       1 111       1 112       1 113       1 118       1 121       1 126       1 128       1 129       1 132       1 136       1 139       1 144       1 151       1 153       1 154       1 160       1 161       1 164       1 169       1 174       1 176       1 178       1 183       1 184       1 191       1 195       1 201       1 203       1 210       1 216       2 225       1 228       1 245       1 247       1 248       1 249       1 255 

Per-node process memory usage (in MBs) for PID 184964 (p10-avx-n384-pi)
                           Node 0          Node 1           Total
                  --------------- --------------- ---------------
Huge                         0.00            0.00            0.00
Heap                         1.45            0.68            2.13
Stack                        0.03            0.04            0.07
Private                  66720.68        78445.79       145166.48
----------------  --------------- --------------- ---------------
Total                    66722.17        78446.51       145168.68
utc=2026-09-12T22:33:00Z VmHWM:=148652728kB VmRSS:=148652728kB VmSwap:=0kB Threads:=71 
MemAvailable_kib=95334184
      1   1       1   2       1   8       2   9       2  17       1  25       1  26       1  33       1  34       1  40       1  47       1  49       1  50       1  57       1  61       1  64       1  65       1  66       1  72       1  73       1  80       1  81       1  83       1  89       1  90       1  91       1  96       1 104       2 105       1 107       1 111       1 112       1 113       1 118       1 121       1 126       1 128       1 129       1 132       1 136       1 139       1 144       1 151       1 153       1 154       1 160       1 161       1 164       1 169       1 174       1 176       1 178       1 183       1 184       1 191       1 195       1 201       1 203       1 210       1 216       2 225       1 228       1 245       1 247       1 248       1 249       1 255 

Per-node process memory usage (in MBs) for PID 184964 (p10-avx-n384-pi)
                           Node 0          Node 1           Total
                  --------------- --------------- ---------------
Huge                         0.00            0.00            0.00
Heap                         1.45            0.68            2.13
Stack                        0.03            0.04            0.07
Private                  66720.68        78445.79       145166.48
----------------  --------------- --------------- ---------------
Total                    66722.17        78446.51       145168.68
utc=2026-09-12T22:33:31Z VmHWM:=148652728kB VmRSS:=148652728kB VmSwap:=0kB Threads:=71 
MemAvailable_kib=95327936
      1   1       1   2       1   8       1   9       2  17       1  24       1  25       1  26       1  33       1  34       1  40       1  47       1  49       1  50       1  57       1  61       1  64       1  65       1  66       1  72       1  73       1  80       1  81       1  83       1  89       1  90       1  91       1  96       1 104       2 105       1 107       1 111       1 112       1 113       1 118       1 121       1 126       1 128       1 129       1 132       1 136       1 139       1 144       1 151       1 153       1 154       1 160       1 161       1 164       1 169       1 174       1 176       1 178       1 183       1 184       1 191       1 195       1 201       1 203       1 210       1 216       2 225       1 228       1 245       1 247       1 248       1 249       1 255 

Per-node process memory usage (in MBs) for PID 184964 (p10-avx-n384-pi)
                           Node 0          Node 1           Total
                  --------------- --------------- ---------------
Huge                         0.00            0.00            0.00
Heap                         1.45            0.68            2.13
Stack                        0.03            0.04            0.07
Private                  66720.68        78445.79       145166.48
----------------  --------------- --------------- ---------------
Total                    66722.17        78446.51       145168.68
utc=2026-09-12T22:34:02Z VmHWM:=148652728kB VmRSS:=148652728kB VmSwap:=0kB Threads:=71 
MemAvailable_kib=95324756
      1   1       1   2       1   8       1   9       2  17       2  25       1  26       1  33       1  34       1  40       1  47       1  49       1  50       1  57       1  61       1  64       1  65       1  66       1  72       1  73       1  80       1  81       1  83       1  89       1  90       1  91       1  96       1 104       2 105       1 107       1 111       1 112       1 113       1 118       1 121       1 126       1 128       1 129       1 132       1 136       1 139       1 144       1 151       1 153       1 154       1 160       1 161       1 164       1 169       1 174       1 176       1 178       1 183       1 184       1 191       1 195       1 201       1 203       1 210       1 216       2 225       1 228       1 245       1 247       1 248       1 249       1 255 

Per-node process memory usage (in MBs) for PID 184964 (p10-avx-n384-pi)
                           Node 0          Node 1           Total
                  --------------- --------------- ---------------
Huge                         0.00            0.00            0.00
Heap                         1.45            0.68            2.13
Stack                        0.03            0.04            0.07
Private                  66744.02        78422.45       145166.48
----------------  --------------- --------------- ---------------
Total                    66745.51        78423.17       145168.68
utc=2026-09-12T22:34:33Z VmHWM:=148652728kB VmRSS:=148652728kB VmSwap:=0kB Threads:=71 
MemAvailable_kib=95334744
      1   1       1   2       1   8       1   9       2  17       2  25       1  26       1  33       1  34       1  40       1  47       1  49       1  50       1  57       1  61       1  64       1  65       1  66       1  72       1  73       1  80       1  81       1  83       1  89       1  90       1  91       1  96       1 104       2 105       1 107       1 111       1 112       1 113       1 118       1 121       1 126       1 128       1 129       1 132       1 136       1 139       1 144       1 151       1 153       1 154       1 160       1 161       1 164       1 169       1 174       1 176       1 178       1 183       1 184       1 191       1 195       1 201       1 203       1 210       1 216       2 225       1 228       1 245       1 247       1 248       1 249       1 255 

Per-node process memory usage (in MBs) for PID 184964 (p10-avx-n384-pi)
                           Node 0          Node 1           Total
                  --------------- --------------- ---------------
Huge                         0.00            0.00            0.00
Heap                         1.45            0.68            2.13
Stack                        0.03            0.04            0.07
Private                  66744.02        78422.45       145166.48
----------------  --------------- --------------- ---------------
Total                    66745.51        78423.17       145168.68
utc=2026-09-12T22:35:04Z VmHWM:=148652728kB VmRSS:=148652728kB VmSwap:=0kB Threads:=71 
MemAvailable_kib=95336904
      1   1       1   2       2   8       1   9       2  17       1  23       1  25       1  26       1  28       1  33       1  34       1  40       1  47       1  49       1  50       1  57       1  61       1  64       1  66       1  72       1  73       1  80       1  81       1  83       1  89       1  90       1  91       1  96       1 104       2 105       1 107       1 111       1 112       1 113       1 118       1 121       1 126       1 129       1 132       1 136       1 139       1 144       1 153       1 154       1 160       1 161       1 164       1 169       1 174       1 176       1 178       1 183       1 184       1 191       1 193       1 195       1 201       1 203       1 210       1 216       2 225       1 228       1 245       1 247       1 248       1 249       1 255 

Per-node process memory usage (in MBs) for PID 184964 (p10-avx-n384-pi)
                           Node 0          Node 1           Total
                  --------------- --------------- ---------------
Huge                         0.00            0.00            0.00
Heap                         1.45            0.68            2.13
Stack                        0.03            0.04            0.07
Private                  66744.02        78422.45       145166.48
----------------  --------------- --------------- ---------------
Total                    66745.51        78423.17       145168.68
utc=2026-09-12T22:35:35Z VmHWM:=148652728kB VmRSS:=148652728kB VmSwap:=0kB Threads:=71 
MemAvailable_kib=95337720
      1   1       1   2       1   8       1   9       2  17       1  23       1  25       1  26       1  29       1  33       1  34       1  40       1  47       1  49       1  50       1  57       1  61       2  64       1  66       1  72       1  73       1  80       1  81       1  83       1  89       1  90       1  91       1  96       1 104       2 105       1 107       1 111       1 112       1 113       1 118       1 121       1 126       1 129       1 132       1 136       1 139       1 144       1 153       1 154       1 160       1 161       1 164       1 169       1 174       1 176       1 178       1 183       1 184       1 191       1 193       1 195       1 201       1 203       1 210       1 216       2 225       1 228       1 245       1 247       1 248       1 249       1 255 

Per-node process memory usage (in MBs) for PID 184964 (p10-avx-n384-pi)
                           Node 0          Node 1           Total
                  --------------- --------------- ---------------
Huge                         0.00            0.00            0.00
Heap                         1.45            0.68            2.13
Stack                        0.03            0.04            0.07
Private                  66744.02        78422.45       145166.48
----------------  --------------- --------------- ---------------
Total                    66745.51        78423.17       145168.68
utc=2026-09-12T22:36:06Z VmHWM:=148652728kB VmRSS:=148652728kB VmSwap:=0kB Threads:=71 
MemAvailable_kib=95334040
      1   1       1   2       2   8       1   9       2  17       1  23       1  25       1  26       1  33       1  34       1  40       1  47       1  49       1  50       1  57       1  61       1  64       1  66       1  72       1  73       1  80       1  81       1  83       1  89       1  90       1  91       1  96       1 104       2 105       1 107       1 111       1 112       1 113       1 118       1 121       1 126       1 129       1 132       1 136       1 139       1 144       1 153       1 154       1 160       1 161       1 164       1 169       1 174       1 176       1 178       1 183       1 184       1 191       1 192       1 193       1 195       1 201       1 203       1 210       1 216       2 225       1 228       1 245       1 247       1 248       1 249       1 255 

Per-node process memory usage (in MBs) for PID 184964 (p10-avx-n384-pi)
                           Node 0          Node 1           Total
                  --------------- --------------- ---------------
Huge                         0.00            0.00            0.00
Heap                         1.45            0.68            2.13
Stack                        0.03            0.04            0.07
Private                  66744.02        78422.45       145166.48
----------------  --------------- --------------- ---------------
Total                    66745.51        78423.17       145168.68
utc=2026-09-12T22:36:37Z VmHWM:=148652728kB VmRSS:=148652728kB VmSwap:=0kB Threads:=71 
MemAvailable_kib=95328616
      1   1       1   2       2   8       1   9       2  17       1  23       1  25       1  26       1  33       1  34       1  40       1  47       1  49       1  50       1  57       1  61       1  64       1  66       1  72       1  73       1  80       1  81       1  83       1  89       1  90       1  91       1  96       1 104       2 105       1 107       1 111       1 112       1 113       1 118       1 121       1 126       1 129       1 132       1 136       1 139       1 144       1 153       1 154       1 160       1 161       1 164       1 169       1 174       1 176       1 178       1 183       1 184       1 191       1 192       1 193       1 195       1 201       1 203       1 210       1 216       2 225       1 228       1 245       1 247       1 248       1 249       1 255 

Per-node process memory usage (in MBs) for PID 184964 (p10-avx-n384-pi)
                           Node 0          Node 1           Total
                  --------------- --------------- ---------------
Huge                         0.00            0.00            0.00
Heap                         1.45            0.68            2.13
Stack                        0.03            0.04            0.07
Private                  66746.38        78420.09       145166.48
----------------  --------------- --------------- ---------------
Total                    66747.87        78420.81       145168.68
utc=2026-09-12T22:37:08Z VmHWM:=148652728kB VmRSS:=148652728kB VmSwap:=0kB Threads:=71 
MemAvailable_kib=95344124
      1   1       1   2       2   8       1   9       2  17       1  23       1  25       1  26       1  33       1  34       1  40       1  47       1  49       1  50       1  57       1  61       1  64       1  66       1  72       1  73       1  81       1  83       1  89       1  90       1  91       1  96       1 104       2 105       1 107       1 111       1 113       1 118       1 121       1 126       1 129       1 132       1 136       1 139       1 144       1 153       1 154       1 160       1 161       1 164       1 169       1 174       1 176       1 178       1 183       1 184       1 191       1 192       1 193       1 195       1 201       1 203       1 208       1 210       1 216       2 225       1 228       1 240       1 245       1 247       1 248       1 249       1 255 

Per-node process memory usage (in MBs) for PID 184964 (p10-avx-n384-pi)
                           Node 0          Node 1           Total
                  --------------- --------------- ---------------
Huge                         0.00            0.00            0.00
Heap                         1.45            0.68            2.13
Stack                        0.03            0.04            0.07
Private                  66746.39        78420.09       145166.48
----------------  --------------- --------------- ---------------
Total                    66747.87        78420.80       145168.68
utc=2026-09-12T22:37:39Z VmHWM:=148652728kB VmRSS:=148652728kB VmSwap:=0kB Threads:=71 
MemAvailable_kib=95340116
      1   1       1   2       2   8       1   9       2  17       1  23       1  25       1  26       1  33       1  34       1  40       1  47       1  49       1  50       1  57       1  61       1  64       1  66       1  72       1  73       1  81       1  83       1  89       1  90       1  91       1  96       1 104       2 105       1 107       1 111       1 113       1 118       1 121       1 126       1 129       1 132       1 136       1 139       1 144       1 153       1 154       1 160       1 161       1 164       1 169       1 174       1 176       1 178       1 183       1 184       1 191       1 192       1 193       1 195       1 201       1 203       1 208       1 210       1 216       2 225       1 228       1 240       1 245       1 247       1 248       1 249       1 255 

Per-node process memory usage (in MBs) for PID 184964 (p10-avx-n384-pi)
                           Node 0          Node 1           Total
                  --------------- --------------- ---------------
Huge                         0.00            0.00            0.00
Heap                         1.45            0.68            2.13
Stack                        0.03            0.04            0.07
Private                  66746.39        78420.09       145166.48
----------------  --------------- --------------- ---------------
Total                    66747.87        78420.80       145168.68
utc=2026-09-12T22:38:10Z VmHWM:=148652728kB VmRSS:=148652728kB VmSwap:=0kB Threads:=71 
MemAvailable_kib=95331916
      1   1       1   2       2   8       1   9       2  17       1  23       1  25       1  26       1  33       1  34       1  40       1  47       1  49       1  50       1  57       1  61       1  64       1  66       1  72       1  73       1  81       1  83       1  89       1  90       1  91       1  96       1 104       2 105       1 107       1 111       1 113       1 118       1 121       1 126       1 129       1 132       1 136       1 139       1 144       1 153       1 154       1 160       1 161       1 164       1 169       1 174       1 176       1 178       1 183       1 184       1 191       1 192       1 193       1 195       1 201       1 203       1 208       1 210       1 216       2 225       1 228       1 240       1 245       1 247       1 248       1 249       1 255 

Per-node process memory usage (in MBs) for PID 184964 (p10-avx-n384-pi)
                           Node 0          Node 1           Total
                  --------------- --------------- ---------------
Huge                         0.00            0.00            0.00
Heap                         1.45            0.68            2.13
Stack                        0.03            0.04            0.07
Private                  66747.86        78418.61       145166.48
----------------  --------------- --------------- ---------------
Total                    66749.35        78419.33       145168.68
utc=2026-09-12T22:38:41Z VmHWM:=148652728kB VmRSS:=148652728kB VmSwap:=0kB Threads:=71 
MemAvailable_kib=95331316
      1   1       1   2       1   8       1   9       2  17       1  25       1  26       1  33       1  40       1  47       1  49       1  50       1  57       1  64       1  72       1  73       1  83       1  89       1  90       1  91       1  96       1 104       2 105       1 107       1 111       1 113       1 118       1 121       1 126       1 129       1 132       2 136       1 139       1 144       1 151       1 153       1 154       1 160       1 161       1 162       1 164       1 169       1 174       1 176       1 178       1 183       1 184       1 189       1 191       1 192       1 193       1 194       1 195       1 201       1 203       1 208       1 209       1 210       1 216       2 225       1 228       1 240       1 245       1 247       1 248       1 249       1 255 

Per-node process memory usage (in MBs) for PID 184964 (p10-avx-n384-pi)
                           Node 0          Node 1           Total
                  --------------- --------------- ---------------
Huge                         0.00            0.00            0.00
Heap                         1.45            0.68            2.13
Stack                        0.03            0.04            0.07
Private                  66750.32        78416.16       145166.48
----------------  --------------- --------------- ---------------
Total                    66751.80        78416.88       145168.68
utc=2026-09-12T22:39:12Z VmHWM:=148652728kB VmRSS:=148652728kB VmSwap:=0kB Threads:=71 
MemAvailable_kib=95327964
      1   1       1   2       2   8       1   9       2  17       1  25       1  26       1  33       1  40       1  47       1  49       1  50       1  57       2  64       1  72       1  73       1  83       1  89       1  90       1  91       1  96       1 104       2 105       1 107       1 111       1 113       1 118       1 121       1 126       1 129       1 132       1 136       1 139       1 144       1 151       1 153       1 154       1 160       1 161       1 162       1 164       1 169       1 174       1 176       1 178       1 183       1 184       1 189       1 191       1 193       1 194       1 195       1 201       1 203       1 208       1 209       1 210       1 216       2 225       1 228       1 240       1 245       1 247       1 248       1 249       1 255 

Per-node process memory usage (in MBs) for PID 184964 (p10-avx-n384-pi)
                           Node 0          Node 1           Total
                  --------------- --------------- ---------------
Huge                         0.00            0.00            0.00
Heap                         1.45            0.68            2.13
Stack                        0.03            0.04            0.07
Private                  66750.32        78416.16       145166.48
----------------  --------------- --------------- ---------------
Total                    66751.80        78416.88       145168.68
utc=2026-09-12T22:39:43Z VmHWM:=148652728kB VmRSS:=148652728kB VmSwap:=0kB Threads:=71 
MemAvailable_kib=95332252
      1   1       1   2       2   8       1   9       2  17       1  25       1  26       2  33       1  40       1  47       1  49       1  50       1  57       2  64       1  72       1  73       1  83       1  89       1  90       1  91       1  96       1 104       2 105       1 107       1 111       1 113       1 118       1 121       1 126       1 129       1 132       1 136       1 139       1 144       1 151       1 153       1 154       1 160       1 162       1 164       1 169       1 174       1 176       1 178       1 183       1 184       1 189       1 191       1 193       1 194       1 195       1 201       1 203       1 208       1 209       1 210       1 216       2 225       1 228       1 240       1 245       1 247       1 248       1 249       1 255 

Per-node process memory usage (in MBs) for PID 184964 (p10-avx-n384-pi)
                           Node 0          Node 1           Total
                  --------------- --------------- ---------------
Huge                         0.00            0.00            0.00
Heap                         1.45            0.68            2.13
Stack                        0.03            0.04            0.07
Private                  66752.18        78414.30       145166.48
----------------  --------------- --------------- ---------------
Total                    66753.66        78415.02       145168.68
utc=2026-09-12T22:40:14Z VmHWM:=148652728kB VmRSS:=148652728kB VmSwap:=0kB Threads:=71 
MemAvailable_kib=95329292
      1   1       1   2       2   8       1   9       2  17       1  25       1  26       2  33       1  40       1  47       1  49       1  50       1  57       2  64       1  72       1  73       1  83       1  89       1  90       1  91       1  96       1 104       2 105       1 107       1 111       1 113       1 118       1 121       1 126       1 129       1 132       1 136       1 139       1 144       1 151       1 153       1 154       1 160       1 162       1 164       1 169       1 174       1 176       1 178       1 183       1 184       1 189       1 191       1 193       1 194       1 195       1 201       1 203       1 208       1 209       1 210       1 216       2 225       1 228       1 240       1 245       1 247       1 248       1 249       1 255 

Per-node process memory usage (in MBs) for PID 184964 (p10-avx-n384-pi)
                           Node 0          Node 1           Total
                  --------------- --------------- ---------------
Huge                         0.00            0.00            0.00
Heap                         1.45            0.68            2.13
Stack                        0.03            0.04            0.07
Private                  66752.18        78414.30       145166.48
----------------  --------------- --------------- ---------------
Total                    66753.66        78415.02       145168.68
utc=2026-09-12T22:40:45Z VmHWM:=148652728kB VmRSS:=148652728kB VmSwap:=0kB Threads:=71 
MemAvailable_kib=95321356
      1   1       1   2       1   8       1   9       1  16       2  17       1  25       1  26       2  33       1  40       1  47       1  49       1  50       1  57       2  64       1  72       1  73       1  83       1  89       1  90       1  91       1  96       1 104       2 105       1 107       1 111       1 113       1 118       1 121       1 126       1 129       1 132       1 136       1 139       1 144       1 151       1 153       1 154       1 160       1 162       1 164       1 169       1 174       1 176       1 178       1 183       1 184       1 189       1 191       1 193       1 194       1 195       1 201       1 203       1 208       1 209       1 210       1 216       2 225       1 228       1 240       1 245       1 247       1 248       1 249       1 255 

Per-node process memory usage (in MBs) for PID 184964 (p10-avx-n384-pi)
                           Node 0          Node 1           Total
                  --------------- --------------- ---------------
Huge                         0.00            0.00            0.00
Heap                         1.45            0.68            2.13
Stack                        0.03            0.04            0.07
Private                  66752.18        78414.30       145166.48
----------------  --------------- --------------- ---------------
Total                    66753.66        78415.02       145168.68
utc=2026-09-12T22:41:16Z VmHWM:=148652728kB VmRSS:=148652728kB VmSwap:=0kB Threads:=71 
MemAvailable_kib=95336024
      1   2       1   8       1   9       1  16       1  17       1  18       1  25       1  26       1  32       1  33       1  41       1  47       1  48       1  49       1  57       1  64       1  71       1  72       1  83       1  88       1  89       1  90       1  96       1 100       1 104       1 105       1 107       1 111       1 113       1 118       1 121       1 126       1 128       1 129       1 132       1 136       1 139       1 144       1 151       1 153       1 154       1 161       1 162       1 164       1 168       1 174       1 176       1 178       1 183       1 184       1 189       1 191       1 192       1 193       1 194       2 201       1 203       1 208       1 209       1 210       1 216       2 225       1 232       1 240       1 245       1 247       1 248       1 249       1 255 

Per-node process memory usage (in MBs) for PID 184964 (p10-avx-n384-pi)
                           Node 0          Node 1           Total
                  --------------- --------------- ---------------
Huge                         0.00            0.00            0.00
Heap                         1.45            0.68            2.13
Stack                        0.03            0.04            0.07
Private                  66753.46        78413.02       145166.48
----------------  --------------- --------------- ---------------
Total                    66754.95        78413.73       145168.68
utc=2026-09-12T22:41:47Z VmHWM:=148652728kB VmRSS:=148652728kB VmSwap:=0kB Threads:=71 
MemAvailable_kib=95332760
      1   2       1   8       1   9       1  17       1  18       1  23       1  25       1  26       1  32       1  33       1  41       1  47       1  48       1  49       1  57       2  64       1  71       1  72       1  83       1  88       1  89       1  90       1  96       1 100       1 104       1 105       1 107       1 111       1 113       1 118       1 121       1 126       1 128       1 129       1 132       1 136       1 139       1 151       1 153       1 154       1 161       1 162       1 164       1 168       1 174       1 176       1 178       1 183       1 184       1 189       1 191       1 192       1 193       1 194       2 201       1 203       1 208       1 209       1 210       1 216       2 225       1 232       1 240       1 245       1 247       1 248       1 249       1 255 

Per-node process memory usage (in MBs) for PID 184964 (p10-avx-n384-pi)
                           Node 0          Node 1           Total
                  --------------- --------------- ---------------
Huge                         0.00            0.00            0.00
Heap                         1.45            0.68            2.13
Stack                        0.03            0.04            0.07
Private                  66753.46        78413.02       145166.48
----------------  --------------- --------------- ---------------
Total                    66754.95        78413.73       145168.68
utc=2026-09-12T22:42:18Z VmHWM:=148652728kB VmRSS:=148652728kB VmSwap:=0kB Threads:=71 
MemAvailable_kib=95330888
      1   2       1   8       1   9       1  17       1  18       1  23       1  25       1  26       1  32       1  33       1  41       1  47       1  48       1  49       1  57       1  64       1  71       1  72       1  83       1  88       1  89       1  90       1  96       1 100       1 104       1 105       1 107       1 111       1 113       1 118       1 121       1 126       1 128       1 129       1 132       1 136       1 139       1 151       1 153       1 154       1 161       1 162       1 164       1 168       1 174       1 176       1 178       1 183       1 184       1 189       1 191       2 192       1 193       1 194       2 201       1 203       1 208       1 209       1 210       1 216       2 225       1 232       1 240       1 245       1 247       1 248       1 249       1 255 

Per-node process memory usage (in MBs) for PID 184964 (p10-avx-n384-pi)
                           Node 0          Node 1           Total
                  --------------- --------------- ---------------
Huge                         0.00            0.00            0.00
Heap                         1.45            0.68            2.13
Stack                        0.03            0.04            0.07
Private                  66753.46        78413.02       145166.48
----------------  --------------- --------------- ---------------
Total                    66754.95        78413.73       145168.68
utc=2026-09-12T22:42:50Z VmHWM:=148652728kB VmRSS:=148652728kB VmSwap:=0kB Threads:=71 
MemAvailable_kib=95338468
      1   2       1   8       1   9       1  17       1  18       1  23       1  25       1  26       1  32       1  33       1  41       1  47       1  48       1  49       1  57       1  64       1  71       1  72       1  83       1  88       1  89       1  90       2  96       1 100       1 104       1 105       1 107       1 111       1 113       1 118       1 121       1 126       1 128       1 129       1 132       1 136       1 139       1 151       1 153       1 154       1 161       1 162       1 164       1 168       1 174       1 176       1 178       1 183       1 184       1 189       1 191       1 192       1 193       1 194       2 201       1 203       1 208       1 209       1 210       1 216       2 225       1 232       1 240       1 245       1 247       1 248       1 249       1 255 

Per-node process memory usage (in MBs) for PID 184964 (p10-avx-n384-pi)
                           Node 0          Node 1           Total
                  --------------- --------------- ---------------
Huge                         0.00            0.00            0.00
Heap                         1.45            0.68            2.13
Stack                        0.03            0.04            0.07
Private                  66753.46        78413.02       145166.48
----------------  --------------- --------------- ---------------
Total                    66754.95        78413.73       145168.68
utc=2026-09-12T22:43:21Z VmHWM:=148652728kB VmRSS:=148652728kB VmSwap:=0kB Threads:=71 
MemAvailable_kib=95338296
      1   2       1   8       1   9       1  17       1  18       1  23       1  25       1  26       1  32       1  33       1  41       1  47       1  48       1  49       1  57       1  64       1  71       1  72       1  83       1  88       1  89       1  90       2  96       1 100       1 104       1 105       1 107       1 111       1 113       1 118       1 121       1 126       1 128       1 129       1 132       1 136       1 139       1 151       1 153       1 154       1 161       1 162       1 164       1 168       1 174       1 176       1 178       1 183       1 184       1 189       1 191       1 192       1 193       1 194       2 201       1 203       1 208       1 209       1 210       1 216       2 225       1 232       1 240       1 245       1 247       1 248       1 249       1 255 

Per-node process memory usage (in MBs) for PID 184964 (p10-avx-n384-pi)
                           Node 0          Node 1           Total
                  --------------- --------------- ---------------
Huge                         0.00            0.00            0.00
Heap                         1.45            0.68            2.13
Stack                        0.03            0.04            0.07
Private                  66753.46        78413.02       145166.48
----------------  --------------- --------------- ---------------
Total                    66754.95        78413.73       145168.68
utc=2026-09-12T22:43:52Z VmHWM:=148652728kB VmRSS:=148652728kB VmSwap:=0kB Threads:=71 
MemAvailable_kib=95330888
      1   2       1   8       1   9       1  17       1  18       1  23       1  25       1  26       1  32       1  33       1  41       1  47       1  48       1  49       1  57       1  64       1  71       1  72       1  83       1  88       1  89       1  90       1  96       1 100       1 104       1 105       1 107       1 111       1 113       1 118       1 121       1 126       1 128       1 129       1 132       1 136       1 139       1 151       1 153       1 154       1 161       1 162       1 164       1 168       1 174       1 176       1 178       1 183       1 184       1 189       1 191       1 192       1 193       1 194       2 201       1 203       1 208       1 209       1 210       1 216       1 224       2 225       1 232       1 240       1 245       1 247       1 248       1 249       1 255 

Per-node process memory usage (in MBs) for PID 184964 (p10-avx-n384-pi)
                           Node 0          Node 1           Total
                  --------------- --------------- ---------------
Huge                         0.00            0.00            0.00
Heap                         1.45            0.68            2.13
Stack                        0.03            0.04            0.07
Private                  66753.46        78413.02       145166.48
----------------  --------------- --------------- ---------------
Total                    66754.95        78413.73       145168.68
utc=2026-09-12T22:44:23Z VmHWM:=148652728kB VmRSS:=148652728kB VmSwap:=0kB Threads:=71 
MemAvailable_kib=95329912
      1   2       1   8       1   9       1  17       1  18       1  23       1  25       1  26       1  32       1  33       1  41       1  47       1  48       1  49       1  57       1  64       1  71       1  72       1  83       1  88       1  89       1  90       1  96       1 100       1 104       1 105       1 107       1 111       1 113       1 118       1 121       1 126       1 128       1 129       1 132       1 136       1 139       1 151       1 153       1 154       1 161       1 162       1 164       1 168       1 174       1 176       1 178       1 183       1 184       1 189       1 191       1 192       1 193       1 194       2 201       1 203       1 208       1 209       1 210       1 216       1 224       2 225       1 232       1 240       1 245       1 247       1 248       1 249       1 255 

Per-node process memory usage (in MBs) for PID 184964 (p10-avx-n384-pi)
                           Node 0          Node 1           Total
                  --------------- --------------- ---------------
Huge                         0.00            0.00            0.00
Heap                         1.45            0.68            2.13
Stack                        0.03            0.04            0.07
Private                  66753.46        78413.02       145166.48
----------------  --------------- --------------- ---------------
Total                    66754.95        78413.73       145168.68
utc=2026-09-12T22:44:54Z VmHWM:=148652728kB VmRSS:=148652728kB VmSwap:=0kB Threads:=71 
MemAvailable_kib=95331636
      1   2       1   8       1   9       1  17       1  18       1  23       1  25       1  26       1  32       1  33       1  41       1  47       1  48       1  49       1  57       1  64       1  71       1  72       1  83       1  88       1  89       1  90       1  96       1 100       1 104       1 105       1 107       1 111       1 113       1 118       1 121       1 126       1 128       1 129       1 132       1 136       1 139       1 151       1 153       1 154       1 161       1 162       1 164       1 168       1 174       1 176       1 178       1 183       1 184       1 189       1 191       1 192       1 193       1 194       2 201       1 203       1 208       1 209       1 210       1 216       1 224       2 225       1 232       1 240       1 245       1 247       1 248       1 249       1 255 

Per-node process memory usage (in MBs) for PID 184964 (p10-avx-n384-pi)
                           Node 0          Node 1           Total
                  --------------- --------------- ---------------
Huge                         0.00            0.00            0.00
Heap                         1.45            0.68            2.13
Stack                        0.03            0.04            0.07
Private                  66753.46        78413.02       145166.48
----------------  --------------- --------------- ---------------
Total                    66754.95        78413.73       145168.68
utc=2026-09-12T22:45:25Z VmHWM:=148652728kB VmRSS:=148652728kB VmSwap:=0kB Threads:=71 
MemAvailable_kib=95268360
      1   2       1   8       1   9       1  17       1  18       1  23       1  25       1  26       1  32       1  33       1  41       1  47       1  48       1  49       1  57       1  64       1  71       1  72       1  83       1  88       1  89       1  90       1  96       1 100       1 104       1 105       1 107       1 111       1 113       1 118       1 121       1 126       2 128       1 129       1 132       1 136       1 139       1 151       1 153       1 154       1 161       1 162       1 164       1 168       1 174       1 176       1 178       1 183       1 184       1 189       1 191       1 192       1 193       1 194       2 201       1 203       1 208       1 209       1 210       1 216       2 225       1 232       1 240       1 245       1 247       1 248       1 249       1 255 

Per-node process memory usage (in MBs) for PID 184964 (p10-avx-n384-pi)
                           Node 0          Node 1           Total
                  --------------- --------------- ---------------
Huge                         0.00            0.00            0.00
Heap                         1.45            0.68            2.13
Stack                        0.03            0.04            0.07
Private                  66753.46        78413.02       145166.48
----------------  --------------- --------------- ---------------
Total                    66754.95        78413.73       145168.68
utc=2026-09-12T22:45:56Z VmHWM:=148652728kB VmRSS:=148652728kB VmSwap:=0kB Threads:=71 
MemAvailable_kib=95257432
      1   2       2   8       1   9       1  17       1  18       1  23       1  25       1  26       1  32       1  33       1  34       1  41       1  47       1  48       1  49       1  57       1  64       1  71       1  72       1  83       1  88       1  89       1  90       1 100       1 104       1 105       1 107       1 111       1 113       1 117       1 118       1 121       1 126       2 128       1 129       1 132       1 139       1 151       1 153       1 154       1 161       1 164       1 168       1 174       1 176       1 178       1 183       1 184       1 189       1 191       1 192       1 193       1 194       2 201       1 203       1 208       1 209       1 210       1 216       1 224       2 225       1 232       1 240       1 247       1 248       1 249       1 255 

Per-node process memory usage (in MBs) for PID 184964 (p10-avx-n384-pi)
                           Node 0          Node 1           Total
                  --------------- --------------- ---------------
Huge                         0.00            0.00            0.00
Heap                         1.43            0.70            2.13
Stack                        0.03            0.04            0.07
Private                  66906.64        78259.83       145166.48
----------------  --------------- --------------- ---------------
Total                    66908.10        78260.57       145168.68
utc=2026-09-12T22:46:27Z VmHWM:=148652728kB VmRSS:=148652728kB VmSwap:=0kB Threads:=71 
MemAvailable_kib=95268632
      1   0       1   1       1   2       2   8       1   9       1  17       1  18       1  23       1  25       1  26       1  32       1  33       1  34       1  41       1  47       1  48       1  49       1  57       1  71       1  72       1  73       1  83       1  88       1  89       1  90       1 100       1 104       1 105       1 107       1 111       1 113       1 117       1 118       1 121       1 126       1 128       1 132       1 139       1 151       1 153       1 154       1 161       1 164       1 168       1 174       1 176       1 178       1 183       1 184       1 189       1 191       2 192       1 193       1 194       1 201       1 203       1 208       1 209       1 210       1 216       1 224       2 225       1 232       1 240       1 247       1 248       1 249       1 255 

Per-node process memory usage (in MBs) for PID 184964 (p10-avx-n384-pi)
                           Node 0          Node 1           Total
                  --------------- --------------- ---------------
Huge                         0.00            0.00            0.00
Heap                         1.41            0.72            2.13
Stack                        0.03            0.04            0.07
Private                  66905.83        78260.64       145166.48
----------------  --------------- --------------- ---------------
Total                    66907.27        78261.40       145168.68
utc=2026-09-12T22:46:58Z VmHWM:=148652728kB VmRSS:=148652728kB VmSwap:=0kB Threads:=71 
MemAvailable_kib=95264860
      1   1       1   2       2   8       1   9       1  17       1  18       1  23       1  25       1  26       1  32       1  33       1  34       1  41       1  47       1  48       1  49       1  57       1  65       1  71       1  72       1  73       1  83       1  88       1  89       1  90       1 100       1 104       1 105       1 107       1 111       1 113       1 117       1 118       1 121       1 126       2 128       1 132       1 139       1 151       1 153       1 154       1 161       1 164       1 168       1 174       1 176       1 178       1 183       1 184       1 189       1 191       2 192       1 194       1 201       1 203       1 208       1 209       1 210       1 216       1 224       2 225       1 232       1 240       1 247       1 248       1 249       1 255 

Per-node process memory usage (in MBs) for PID 184964 (p10-avx-n384-pi)
                           Node 0          Node 1           Total
                  --------------- --------------- ---------------
Huge                         0.00            0.00            0.00
Heap                         1.40            0.73            2.13
Stack                        0.03            0.04            0.07
Private                  66904.75        78261.72       145166.48
----------------  --------------- --------------- ---------------
Total                    66906.19        78262.49       145168.68
utc=2026-09-12T22:47:29Z VmHWM:=148652728kB VmRSS:=148652728kB VmSwap:=0kB Threads:=71 
MemAvailable_kib=95291644
      1   1       1   2       2   8       1   9       1  17       1  18       1  23       1  25       1  26       1  32       1  34       1  41       1  47       1  48       1  49       1  57       1  64       1  65       1  71       1  72       1  73       1  83       1  88       1  89       1  90       1 100       1 104       1 105       1 107       1 111       1 113       1 117       1 118       1 121       1 126       2 128       1 132       1 139       1 151       1 153       1 154       2 161       1 164       1 168       1 174       1 176       1 178       1 183       1 184       1 189       1 191       1 192       1 194       1 201       1 203       1 208       1 209       1 210       1 216       1 224       2 225       1 232       1 240       1 247       1 248       1 249       1 255 

Per-node process memory usage (in MBs) for PID 184964 (p10-avx-n384-pi)
                           Node 0          Node 1           Total
                  --------------- --------------- ---------------
Huge                         0.00            0.00            0.00
Heap                         1.41            0.72            2.13
Stack                        0.03            0.04            0.07
Private                  66899.75        78266.73       145166.48
----------------  --------------- --------------- ---------------
Total                    66901.19        78267.48       145168.68
utc=2026-09-12T22:48:00Z VmHWM:=148652728kB VmRSS:=148652728kB VmSwap:=0kB Threads:=71 
MemAvailable_kib=95302992
      1   1       1   2       3   8       1   9       1  17       1  18       1  23       1  25       1  26       1  32       1  34       1  41       1  47       1  48       1  49       1  57       1  65       1  71       1  72       1  73       1  83       1  88       1  89       1  90       1 100       1 104       1 105       1 107       1 111       1 113       1 117       1 118       1 121       1 126       1 128       1 132       1 139       1 151       1 153       1 154       2 161       1 164       1 168       1 174       1 176       1 178       1 183       1 184       1 189       1 191       2 192       1 194       1 201       1 203       1 208       1 209       1 210       1 216       1 224       2 225       1 232       1 240       1 247       1 248       1 249       1 255 

Per-node process memory usage (in MBs) for PID 184964 (p10-avx-n384-pi)
                           Node 0          Node 1           Total
                  --------------- --------------- ---------------
Huge                         0.00            0.00            0.00
Heap                         1.41            0.72            2.13
Stack                        0.03            0.04            0.07
Private                  66894.95        78271.53       145166.48
----------------  --------------- --------------- ---------------
Total                    66896.39        78272.29       145168.68
utc=2026-09-12T22:48:31Z VmHWM:=148652728kB VmRSS:=148652728kB VmSwap:=0kB Threads:=71 
MemAvailable_kib=95307240
      1   1       1   2       3   8       1   9       1  17       1  18       1  23       1  25       1  26       1  32       1  34       1  41       1  47       1  48       1  49       1  57       1  64       1  65       1  71       1  72       1  73       1  83       1  88       1  89       1  90       1 100       1 104       1 105       1 107       1 111       1 113       1 117       1 118       1 121       1 126       1 128       1 132       1 139       1 151       1 153       1 154       2 161       1 164       1 168       1 174       1 176       1 178       1 183       1 184       1 189       1 191       1 192       1 194       1 201       1 203       1 208       1 209       1 210       1 216       1 224       2 225       1 232       1 240       1 247       1 248       1 249       1 255 

Per-node process memory usage (in MBs) for PID 184964 (p10-avx-n384-pi)
                           Node 0          Node 1           Total
                  --------------- --------------- ---------------
Huge                         0.00            0.00            0.00
Heap                         1.41            0.72            2.13
Stack                        0.03            0.04            0.07
Private                  66894.95        78271.53       145166.48
----------------  --------------- --------------- ---------------
Total                    66896.39        78272.29       145168.68
utc=2026-09-12T22:49:02Z VmHWM:=148652728kB VmRSS:=148652728kB VmSwap:=0kB Threads:=71 
MemAvailable_kib=95309864
      1   1       1   2       1   8       2   9       1  17       1  18       2  23       1  25       1  26       1  32       1  34       1  41       1  47       1  48       1  49       1  57       1  64       1  65       1  71       1  72       1  73       1  83       1  88       1  89       1  90       1 100       1 104       1 105       1 107       1 111       1 113       1 117       1 118       1 121       1 126       1 128       1 132       1 136       1 139       1 153       1 154       2 161       1 164       1 168       1 174       1 176       1 178       1 183       1 184       1 189       1 191       1 192       1 194       1 201       1 203       1 208       1 209       1 210       1 216       1 224       2 225       1 232       1 240       1 247       1 248       1 249       1 255 

Per-node process memory usage (in MBs) for PID 184964 (p10-avx-n384-pi)
                           Node 0          Node 1           Total
                  --------------- --------------- ---------------
Huge                         0.00            0.00            0.00
Heap                         1.41            0.72            2.13
Stack                        0.03            0.04            0.07
Private                  66890.78        78275.70       145166.48
----------------  --------------- --------------- ---------------
Total                    66892.22        78276.45       145168.68
utc=2026-09-12T22:49:33Z VmHWM:=148652728kB VmRSS:=148652728kB VmSwap:=0kB Threads:=71 
MemAvailable_kib=95313924
      1   1       1   2       2   8       2   9       1  17       1  18       2  23       1  25       1  26       1  32       1  34       1  41       1  47       1  48       1  49       1  57       1  64       1  65       1  71       1  72       1  73       1  83       1  88       1  89       1  90       1 100       1 104       1 105       1 107       1 111       1 113       1 117       1 118       1 121       1 126       1 128       1 132       1 139       1 153       1 154       2 161       1 164       1 168       1 174       1 176       1 178       1 183       1 184       1 189       1 191       1 192       1 194       1 201       1 203       1 208       1 209       1 210       1 216       1 224       2 225       1 232       1 240       1 247       1 248       1 249       1 255 

Per-node process memory usage (in MBs) for PID 184964 (p10-avx-n384-pi)
                           Node 0          Node 1           Total
                  --------------- --------------- ---------------
Huge                         0.00            0.00            0.00
Heap                         1.41            0.72            2.13
Stack                        0.03            0.04            0.07
Private                  66890.78        78275.70       145166.48
----------------  --------------- --------------- ---------------
Total                    66892.22        78276.45       145168.68
utc=2026-09-12T22:50:04Z VmHWM:=148652728kB VmRSS:=148652728kB VmSwap:=0kB Threads:=71 
MemAvailable_kib=95298696
      1   1       1   2       1   8       2   9       1  17       1  18       2  23       1  25       1  26       2  32       1  34       1  41       1  47       1  48       1  49       1  57       1  65       1  71       1  72       1  73       1  83       1  88       1  89       1  90       1 100       1 104       1 105       1 107       1 111       1 113       1 117       1 118       1 121       1 126       1 128       1 132       1 139       1 153       1 154       2 161       1 164       1 168       1 174       1 176       1 178       1 183       1 184       1 189       1 191       2 192       1 194       1 201       1 203       1 208       1 209       1 210       1 216       1 224       2 225       1 232       1 240       1 247       1 248       1 249       1 255 

Per-node process memory usage (in MBs) for PID 184964 (p10-avx-n384-pi)
                           Node 0          Node 1           Total
                  --------------- --------------- ---------------
Huge                         0.00            0.00            0.00
Heap                         1.41            0.71            2.13
Stack                        0.03            0.04            0.07
Private                  66953.84        78212.64       145166.48
----------------  --------------- --------------- ---------------
Total                    66955.28        78213.39       145168.68
utc=2026-09-12T22:50:35Z VmHWM:=148652728kB VmRSS:=148652728kB VmSwap:=0kB Threads:=71 
MemAvailable_kib=95285648
      1   1       1   2       1   8       2   9       1  11       1  17       1  18       2  23       1  25       1  26       2  32       1  34       1  41       1  47       1  48       1  49       1  57       1  61       1  65       1  71       1  72       1  73       1  83       1  88       1  89       1  90       1 100       1 104       1 105       1 107       1 111       1 113       1 117       1 118       1 121       1 126       2 128       1 132       1 153       1 154       2 161       1 164       1 168       1 174       1 176       1 178       1 183       1 184       1 191       1 192       1 194       1 201       1 203       1 208       1 209       1 210       1 216       1 224       2 225       1 232       1 240       1 247       1 248       1 249       1 255 

Per-node process memory usage (in MBs) for PID 184964 (p10-avx-n384-pi)
                           Node 0          Node 1           Total
                  --------------- --------------- ---------------
Huge                         0.00            0.00            0.00
Heap                         1.41            0.71            2.13
Stack                        0.03            0.04            0.07
Private                  66953.84        78212.64       145166.48
----------------  --------------- --------------- ---------------
Total                    66955.28        78213.39       145168.68
utc=2026-09-12T22:51:06Z VmHWM:=148652728kB VmRSS:=148652728kB VmSwap:=0kB Threads:=71 
MemAvailable_kib=95292848
      1   1       1   2       1   8       2   9       1  11       1  17       1  18       2  23       1  25       1  26       1  32       1  34       1  41       1  47       1  48       1  49       1  57       1  61       1  65       1  71       1  72       1  73       1  83       1  88       1  89       1  90       1 100       1 104       1 105       1 107       1 111       1 113       1 117       1 118       1 121       1 126       2 128       1 132       1 153       1 154       1 160       2 161       1 164       1 168       1 174       1 176       1 178       1 183       1 184       1 191       1 192       1 194       1 201       1 203       1 208       1 209       1 210       1 216       1 224       2 225       1 232       1 240       1 247       1 248       1 249       1 255 

Per-node process memory usage (in MBs) for PID 184964 (p10-avx-n384-pi)
                           Node 0          Node 1           Total
                  --------------- --------------- ---------------
Huge                         0.00            0.00            0.00
Heap                         1.41            0.71            2.13
Stack                        0.03            0.04            0.07
Private                  67002.13        78164.35       145166.48
----------------  --------------- --------------- ---------------
Total                    67003.57        78165.10       145168.68
utc=2026-09-12T22:51:37Z VmHWM:=148652728kB VmRSS:=148652728kB VmSwap:=0kB Threads:=71 
MemAvailable_kib=95301720
      1   1       1   2       2   8       2   9       1  11       1  17       1  18       2  23       1  25       1  26       1  32       1  34       1  41       1  47       1  48       1  49       1  55       1  57       1  61       1  65       1  71       1  72       1  73       1  83       1  88       1  89       1  90       1 100       1 104       1 105       1 107       1 111       1 113       1 117       1 118       1 121       1 126       2 128       1 132       1 153       1 154       2 161       1 164       1 168       1 174       1 176       1 178       1 184       1 191       1 192       1 194       1 201       1 203       1 208       1 209       1 210       1 216       1 224       2 225       1 232       1 240       1 247       1 248       1 249       1 255 

Per-node process memory usage (in MBs) for PID 184964 (p10-avx-n384-pi)
                           Node 0          Node 1           Total
                  --------------- --------------- ---------------
Huge                         0.00            0.00            0.00
Heap                         1.41            0.71            2.13
Stack                        0.03            0.04            0.07
Private                  67010.04        78156.44       145166.48
----------------  --------------- --------------- ---------------
Total                    67011.48        78157.19       145168.68
utc=2026-09-12T22:52:08Z VmHWM:=148652728kB VmRSS:=148652728kB VmSwap:=0kB Threads:=71 
MemAvailable_kib=95306828
      1   1       1   2       2   8       2   9       1  17       1  18       2  23       1  25       1  26       1  32       1  34       1  41       1  47       1  48       1  49       1  55       1  57       1  61       1  65       1  71       1  72       1  73       1  83       1  88       1  89       1  90       1 100       1 104       1 105       1 107       1 111       1 113       1 117       1 118       1 121       1 126       2 128       1 132       1 139       1 153       1 154       2 161       1 164       1 168       1 174       1 176       1 178       1 184       1 191       1 192       1 194       1 201       1 203       1 208       1 209       1 210       1 216       1 224       2 225       1 232       1 240       1 247       1 248       1 249       1 255 

Per-node process memory usage (in MBs) for PID 184964 (p10-avx-n384-pi)
                           Node 0          Node 1           Total
                  --------------- --------------- ---------------
Huge                         0.00            0.00            0.00
Heap                         1.44            0.69            2.13
Stack                        0.03            0.04            0.07
Private                  67010.04        78156.43       145166.48
----------------  --------------- --------------- ---------------
Total                    67011.52        78157.16       145168.68
utc=2026-09-12T22:52:39Z VmHWM:=148652728kB VmRSS:=148652728kB VmSwap:=0kB Threads:=71 
MemAvailable_kib=95309716
      1   1       1   2       1   8       2   9       1  17       1  18       2  23       1  25       1  26       1  32       1  34       1  41       1  47       2  48       1  49       1  55       1  57       1  61       1  65       1  71       1  72       1  73       1  83       1  88       1  89       1  90       1 100       1 104       1 105       1 107       1 111       1 113       1 117       1 118       1 121       1 126       2 128       1 132       1 136       1 139       1 153       1 154       2 161       1 164       1 168       1 174       1 178       1 184       1 191       1 192       1 194       1 201       1 203       1 208       1 209       1 210       1 216       1 224       2 225       1 232       1 240       1 247       1 248       1 249       1 255 

Per-node process memory usage (in MBs) for PID 184964 (p10-avx-n384-pi)
                           Node 0          Node 1           Total
                  --------------- --------------- ---------------
Huge                         0.00            0.00            0.00
Heap                         1.45            0.68            2.13
Stack                        0.03            0.04            0.07
Private                  67010.04        78156.43       145166.48
----------------  --------------- --------------- ---------------
Total                    67011.52        78157.15       145168.68
utc=2026-09-12T22:53:10Z VmHWM:=148652728kB VmRSS:=148652728kB VmSwap:=0kB Threads:=71 
MemAvailable_kib=95313408
      1   1       1   2       1   8       2   9       1  17       1  18       2  23       1  25       1  26       1  32       1  33       1  34       1  41       1  47       1  48       1  49       1  55       1  57       1  61       1  65       1  71       1  72       1  73       1  83       1  88       1  89       1  90       1 100       1 104       1 105       1 107       1 111       1 113       1 117       1 118       1 121       1 126       2 128       1 132       1 136       1 139       1 153       1 154       1 161       1 164       1 168       1 174       1 176       1 178       1 184       1 191       1 192       1 194       1 201       1 203       1 208       1 209       1 210       1 216       1 224       2 225       1 232       1 240       1 247       1 248       1 249       1 255 

Per-node process memory usage (in MBs) for PID 184964 (p10-avx-n384-pi)
                           Node 0          Node 1           Total
                  --------------- --------------- ---------------
Huge                         0.00            0.00            0.00
Heap                         1.45            0.68            2.13
Stack                        0.03            0.04            0.07
Private                  67010.04        78156.43       145166.48
----------------  --------------- --------------- ---------------
Total                    67011.52        78157.15       145168.68
utc=2026-09-12T22:53:41Z VmHWM:=148652728kB VmRSS:=148652728kB VmSwap:=0kB Threads:=71 
MemAvailable_kib=95320284
      1   1       1   2       2   8       2   9       1  17       1  18       2  23       1  25       1  26       1  32       1  33       1  34       1  41       1  47       1  48       1  49       1  55       1  57       1  61       1  65       1  71       1  72       1  73       1  83       1  88       1  89       1  90       1 100       1 104       1 105       1 107       1 111       1 113       1 117       1 118       1 121       1 126       2 128       1 132       1 139       1 153       1 154       1 161       1 164       1 168       1 174       1 176       1 178       1 184       1 191       1 192       1 194       1 201       1 203       1 208       1 209       1 210       1 216       1 224       2 225       1 232       1 240       1 247       1 248       1 249       1 255 

Per-node process memory usage (in MBs) for PID 184964 (p10-avx-n384-pi)
                           Node 0          Node 1           Total
                  --------------- --------------- ---------------
Huge                         0.00            0.00            0.00
Heap                         1.45            0.68            2.13
Stack                        0.03            0.04            0.07
Private                  67027.11        78139.37       145166.48
----------------  --------------- --------------- ---------------
Total                    67028.59        78140.09       145168.68
utc=2026-09-12T22:54:12Z VmHWM:=148652728kB VmRSS:=148652728kB VmSwap:=0kB Threads:=71 
MemAvailable_kib=95321884
      1   1       1   2       2   8       2   9       1  17       1  18       2  23       1  25       1  26       1  32       1  34       1  41       1  47       1  48       1  49       1  55       1  57       1  61       1  65       1  71       1  72       1  73       1  83       1  88       1  89       1  90       1 100       1 104       1 105       1 107       1 111       1 113       1 117       1 118       1 121       1 126       2 128       1 132       1 139       1 153       1 154       2 161       1 164       1 168       1 174       1 176       1 178       1 184       1 191       1 192       1 194       1 201       1 203       1 208       1 209       1 210       1 216       1 224       2 225       1 232       1 240       1 247       1 248       1 249       1 255 

Per-node process memory usage (in MBs) for PID 184964 (p10-avx-n384-pi)
                           Node 0          Node 1           Total
                  --------------- --------------- ---------------
Huge                         0.00            0.00            0.00
Heap                         1.45            0.68            2.13
Stack                        0.03            0.04            0.07
Private                  67035.93        78130.54       145166.48
----------------  --------------- --------------- ---------------
Total                    67037.41        78131.26       145168.68
utc=2026-09-12T22:54:43Z VmHWM:=148652728kB VmRSS:=148652728kB VmSwap:=0kB Threads:=71 
MemAvailable_kib=95311068
      1   1       1   2       1   8       2   9       1  17       1  18       2  23       1  25       1  26       1  32       1  34       1  41       1  47       1  48       1  49       1  55       1  57       1  61       1  65       1  71       1  72       1  73       1  83       1  88       1  89       1  90       1 100       1 104       1 105       1 107       1 111       1 113       1 117       1 118       1 121       1 126       2 128       1 132       1 136       1 139       1 153       1 154       2 161       1 164       1 168       1 174       1 176       1 178       1 184       1 191       1 192       1 194       1 201       1 203       1 208       1 209       1 210       1 216       1 224       2 225       1 232       1 240       1 247       1 248       1 249       1 255 

Per-node process memory usage (in MBs) for PID 184964 (p10-avx-n384-pi)
                           Node 0          Node 1           Total
                  --------------- --------------- ---------------
Huge                         0.00            0.00            0.00
Heap                         1.46            0.67            2.13
Stack                        0.03            0.04            0.07
Private                  67035.93        78130.54       145166.48
----------------  --------------- --------------- ---------------
Total                    67037.43        78131.25       145168.68
utc=2026-09-12T22:55:14Z VmHWM:=148652728kB VmRSS:=148652728kB VmSwap:=0kB Threads:=71 
MemAvailable_kib=95290960
      1   1       1   2       1   8       2   9       1  17       1  18       2  23       1  25       1  26       1  32       1  34       1  41       1  47       1  48       1  49       1  55       1  57       1  61       1  65       1  71       1  72       1  73       1  83       1  88       1  89       1  90       1 100       1 104       1 105       1 107       1 111       1 113       1 117       1 118       1 121       1 126       2 128       1 132       1 136       1 139       1 153       1 154       2 161       1 164       1 168       1 174       1 176       1 178       1 184       1 191       1 192       1 194       1 201       1 203       1 208       1 209       1 210       1 216       1 224       2 225       1 232       1 240       1 247       1 248       1 249       1 255 

Per-node process memory usage (in MBs) for PID 184964 (p10-avx-n384-pi)
                           Node 0          Node 1           Total
                  --------------- --------------- ---------------
Huge                         0.00            0.00            0.00
Heap                         1.46            0.67            2.13
Stack                        0.03            0.04            0.07
Private                  67036.79        78129.69       145166.48
----------------  --------------- --------------- ---------------
Total                    67038.28        78130.40       145168.68
utc=2026-09-12T22:55:45Z VmHWM:=148652728kB VmRSS:=148652728kB VmSwap:=0kB Threads:=71 
MemAvailable_kib=95273844
      1   1       1   2       2   8       2   9       1  17       1  18       2  23       1  25       1  26       1  32       1  34       1  41       1  47       1  48       1  49       1  55       1  57       1  61       1  65       1  71       1  72       1  73       1  83       1  88       1  89       1  90       1 100       1 104       1 105       1 107       1 111       1 113       1 117       1 118       1 121       1 126       2 128       1 132       1 139       1 153       1 154       2 161       1 164       1 168       1 174       1 176       1 178       1 184       1 191       1 192       1 194       1 201       1 203       1 208       1 209       1 210       1 216       1 224       2 225       1 232       1 240       1 247       1 248       1 249       1 255 

Per-node process memory usage (in MBs) for PID 184964 (p10-avx-n384-pi)
                           Node 0          Node 1           Total
                  --------------- --------------- ---------------
Huge                         0.00            0.00            0.00
Heap                         1.46            0.67            2.13
Stack                        0.03            0.04            0.07
Private                  67304.53        77861.95       145166.48
----------------  --------------- --------------- ---------------
Total                    67306.02        77862.65       145168.68
utc=2026-09-12T22:56:16Z VmHWM:=148652728kB VmRSS:=148652728kB VmSwap:=0kB Threads:=71 
MemAvailable_kib=95249496
      1   1       1   2       2   8       2   9       1  17       1  18       2  23       1  25       1  26       1  32       1  34       1  41       1  47       1  48       1  49       1  55       1  57       1  61       1  65       1  71       1  72       1  73       1  83       1  88       1  89       1  90       1 100       1 104       1 105       1 107       1 111       1 113       1 117       1 118       1 121       1 126       2 128       1 132       1 139       1 153       1 154       2 161       1 164       1 168       1 174       1 176       1 178       1 184       1 191       1 192       1 194       1 201       1 203       1 208       1 209       1 210       1 216       1 224       2 225       1 232       1 240       1 247       1 248       1 249       1 255 

Per-node process memory usage (in MBs) for PID 184964 (p10-avx-n384-pi)
                           Node 0          Node 1           Total
                  --------------- --------------- ---------------
Huge                         0.00            0.00            0.00
Heap                         1.46            0.67            2.13
Stack                        0.03            0.04            0.07
Private                  67294.39        77872.09       145166.48
----------------  --------------- --------------- ---------------
Total                    67295.88        77872.80       145168.68
utc=2026-09-12T22:56:47Z VmHWM:=148652728kB VmRSS:=148652728kB VmSwap:=0kB Threads:=71 
MemAvailable_kib=95236056
      1   0       1   2       1   8       1   9       1  16       1  18       2  23       1  24       1  25       1  26       1  32       1  34       1  41       1  47       1  48       1  49       1  55       1  57       1  61       1  64       1  66       1  71       1  72       1  73       1  83       1  88       1  89       1  90       1  97       1 100       1 105       1 107       1 111       1 113       1 117       1 118       1 121       1 126       2 128       1 132       1 136       1 139       1 144       1 153       1 154       2 161       1 164       1 168       1 174       1 176       1 178       1 184       1 191       1 192       1 201       1 203       1 208       1 209       1 210       1 216       1 224       1 225       1 232       1 240       1 247       1 248       1 249       1 255 

Per-node process memory usage (in MBs) for PID 184964 (p10-avx-n384-pi)
                           Node 0          Node 1           Total
                  --------------- --------------- ---------------
Huge                         0.00            0.00            0.00
Heap                         1.45            0.68            2.13
Stack                        0.03            0.04            0.07
Private                  67284.62        77881.86       145166.48
----------------  --------------- --------------- ---------------
Total                    67286.09        77882.58       145168.68
utc=2026-09-12T22:57:18Z VmHWM:=148652728kB VmRSS:=148652728kB VmSwap:=0kB Threads:=71 
MemAvailable_kib=95251780
      1   2       1   8       1   9       1  18       2  23       1  24       1  25       1  26       1  32       1  34       1  41       1  47       1  48       1  49       1  55       1  57       1  61       1  64       1  66       1  71       1  72       1  73       1  83       1  88       1  89       1  90       1  97       1 100       1 105       1 107       1 111       1 113       1 117       1 118       1 121       1 126       2 128       1 132       1 136       1 139       2 144       1 153       1 154       2 161       1 164       1 168       1 174       1 176       1 178       1 184       1 191       2 192       1 201       1 203       1 208       1 209       1 210       1 216       1 224       1 225       1 232       1 240       1 247       1 248       1 249       1 255 

Per-node process memory usage (in MBs) for PID 184964 (p10-avx-n384-pi)
                           Node 0          Node 1           Total
                  --------------- --------------- ---------------
Huge                         0.00            0.00            0.00
Heap                         1.45            0.68            2.13
Stack                        0.03            0.04            0.07
Private                  67284.62        77881.86       145166.48
----------------  --------------- --------------- ---------------
Total                    67286.09        77882.58       145168.68
utc=2026-09-12T22:57:49Z VmHWM:=148652728kB VmRSS:=148652728kB VmSwap:=0kB Threads:=71 
MemAvailable_kib=95244344
      1   2       1   8       1   9       1  18       2  23       1  24       1  25       1  26       1  32       1  34       1  41       1  47       1  48       1  49       1  55       1  57       1  61       1  64       1  66       1  71       1  72       1  73       1  83       1  88       1  89       1  90       1  97       1 100       1 105       1 107       1 111       1 113       1 117       1 118       1 121       1 126       2 128       1 132       1 136       1 139       2 144       1 153       1 154       2 161       1 164       1 168       1 174       1 176       1 178       1 184       1 191       2 192       1 201       1 203       1 208       1 209       1 210       1 216       1 224       1 225       1 232       1 240       1 247       1 248       1 249       1 255 

Per-node process memory usage (in MBs) for PID 184964 (p10-avx-n384-pi)
                           Node 0          Node 1           Total
                  --------------- --------------- ---------------
Huge                         0.00            0.00            0.00
Heap                         1.45            0.68            2.13
Stack                        0.03            0.04            0.07
Private                  67299.59        77866.89       145166.48
----------------  --------------- --------------- ---------------
Total                    67301.07        77867.61       145168.68
utc=2026-09-12T22:58:20Z VmHWM:=148652728kB VmRSS:=148652728kB VmSwap:=0kB Threads:=71 
MemAvailable_kib=95245056
      1   2       1   8       1   9       1  18       1  23       1  24       1  25       1  26       1  32       1  33       1  34       1  41       1  47       1  48       1  49       1  55       1  56       1  57       1  61       1  64       1  65       1  71       1  72       1  73       1  80       1  83       2  88       1  89       1  90       1  97       1 100       1 105       1 107       1 111       1 113       1 117       1 118       1 121       1 126       2 128       1 132       1 136       1 139       1 144       1 145       1 153       1 154       1 161       1 164       1 168       1 174       1 176       1 178       1 184       1 191       2 192       1 194       1 201       1 203       1 209       1 210       1 224       1 225       1 232       1 240       1 247       1 248       1 255 

Per-node process memory usage (in MBs) for PID 184964 (p10-avx-n384-pi)
                           Node 0          Node 1           Total
                  --------------- --------------- ---------------
Huge                         0.00            0.00            0.00
Heap                         1.44            0.69            2.13
Stack                        0.03            0.04            0.07
Private                  67216.76        77949.71       145166.48
----------------  --------------- --------------- ---------------
Total                    67218.23        77950.44       145168.68
utc=2026-09-12T22:58:51Z VmHWM:=148652728kB VmRSS:=148652728kB VmSwap:=0kB Threads:=71 
MemAvailable_kib=95269532
      1   2       1   8       1   9       1  18       1  23       1  24       1  25       1  26       1  32       1  33       1  34       1  41       1  47       1  48       1  49       1  55       1  56       1  57       1  61       2  64       1  65       1  71       1  72       1  73       1  80       1  83       2  88       1  89       1  90       1  97       1 100       1 105       1 107       1 111       1 113       1 117       1 118       1 121       1 126       2 128       1 132       1 136       1 139       1 144       1 145       1 153       1 154       1 161       1 164       1 168       1 174       1 176       1 178       1 184       1 191       1 192       1 194       1 201       1 203       1 209       1 210       1 224       1 225       1 232       1 240       1 247       1 248       1 255 

Per-node process memory usage (in MBs) for PID 184964 (p10-avx-n384-pi)
                           Node 0          Node 1           Total
                  --------------- --------------- ---------------
Huge                         0.00            0.00            0.00
Heap                         1.44            0.69            2.13
Stack                        0.03            0.04            0.07
Private                  67298.62        77867.86       145166.48
----------------  --------------- --------------- ---------------
Total                    67300.09        77868.59       145168.68
utc=2026-09-12T22:59:22Z VmHWM:=148652728kB VmRSS:=148652728kB VmSwap:=0kB Threads:=71 
MemAvailable_kib=95264240
      1   0       1   2       3   8       1   9       1  16       1  18       1  23       1  25       1  26       1  32       1  33       1  34       1  41       1  47       1  48       1  49       1  55       1  56       1  57       1  61       1  64       1  65       1  71       1  72       1  73       1  80       1  83       2  88       1  89       1  90       1  97       1 100       1 105       1 107       1 111       1 113       1 117       1 118       2 121       1 126       1 128       1 132       1 139       1 145       1 153       1 154       1 161       1 164       1 168       1 174       1 176       1 178       1 184       1 191       1 192       1 194       1 201       1 203       1 209       1 210       1 224       1 225       1 232       1 240       1 247       1 248       1 255 

Per-node process memory usage (in MBs) for PID 184964 (p10-avx-n384-pi)
                           Node 0          Node 1           Total
                  --------------- --------------- ---------------
Huge                         0.00            0.00            0.00
Heap                         1.45            0.68            2.13
Stack                        0.03            0.04            0.07
Private                  67298.64        77867.84       145166.48
----------------  --------------- --------------- ---------------
Total                    67300.11        77868.56       145168.68
utc=2026-09-12T22:59:53Z VmHWM:=148652728kB VmRSS:=148652728kB VmSwap:=0kB Threads:=71 
MemAvailable_kib=95293032
      1   2       2   8       1   9       1  11       1  14       1  16       1  17       1  18       1  23       1  25       1  26       1  32       1  33       1  41       1  47       1  48       1  49       1  55       1  57       1  61       1  65       1  71       1  72       1  73       1  80       1  83       2  88       1  89       1  90       1 100       1 104       1 105       1 107       1 111       1 112       1 113       1 117       1 120       2 121       1 126       2 128       1 132       1 153       1 154       1 161       1 162       1 164       1 168       1 174       1 176       1 178       1 184       1 191       2 192       1 194       1 201       1 203       1 209       1 210       1 224       2 225       1 232       1 246       1 247       1 255 

Per-node process memory usage (in MBs) for PID 184964 (p10-avx-n384-pi)
                           Node 0          Node 1           Total
                  --------------- --------------- ---------------
Huge                         0.00            0.00            0.00
Heap                         1.45            0.68            2.13
Stack                        0.03            0.04            0.07
Private                  67298.64        77867.84       145166.48
----------------  --------------- --------------- ---------------
Total                    67300.11        77868.56       145168.68
utc=2026-09-12T23:00:24Z VmHWM:=148652728kB VmRSS:=148652728kB VmSwap:=0kB Threads:=71 
MemAvailable_kib=95282872
      1   2       1   8       1   9       1  11       1  14       1  16       1  17       1  18       1  23       1  25       1  26       1  32       1  33       1  41       1  47       1  48       1  49       1  55       1  56       1  57       1  61       1  65       1  71       1  72       1  73       1  80       1  83       2  88       1  89       1  90       1 100       1 104       1 105       1 107       1 111       1 112       1 113       1 117       1 120       2 121       1 126       2 128       1 132       1 153       1 154       1 161       1 162       1 164       1 168       1 174       1 176       1 178       1 184       1 191       2 192       1 194       1 201       1 203       1 209       1 210       1 224       2 225       1 232       1 246       1 247       1 255 

Per-node process memory usage (in MBs) for PID 184964 (p10-avx-n384-pi)
                           Node 0          Node 1           Total
                  --------------- --------------- ---------------
Huge                         0.00            0.00            0.00
Heap                         1.45            0.68            2.13
Stack                        0.03            0.04            0.07
Private                  67408.96        77757.52       145166.48
----------------  --------------- --------------- ---------------
Total                    67410.43        77758.24       145168.68
utc=2026-09-12T23:00:55Z VmHWM:=148652728kB VmRSS:=148652728kB VmSwap:=0kB Threads:=71 
MemAvailable_kib=95296936
      1   2       1   8       1   9       1  14       1  16       1  17       1  18       1  23       1  25       1  26       1  32       1  33       1  34       1  41       1  47       1  48       1  49       1  55       1  56       1  57       1  61       1  65       1  71       1  72       1  73       1  80       1  83       2  88       1  89       1  90       1  96       1 100       1 104       1 105       1 107       1 111       1 112       1 113       1 117       1 120       2 121       1 126       2 128       1 132       1 139       1 153       1 154       1 161       1 164       1 168       1 174       1 176       1 178       1 184       1 191       2 192       1 194       1 201       1 203       1 209       1 210       2 225       1 232       1 246       1 247       1 255 

Per-node process memory usage (in MBs) for PID 184964 (p10-avx-n384-pi)
                           Node 0          Node 1           Total
                  --------------- --------------- ---------------
Huge                         0.00            0.00            0.00
Heap                         1.41            0.72            2.13
Stack                        0.03            0.04            0.07
Private                  67407.34        77759.13       145166.48
----------------  --------------- --------------- ---------------
Total                    67408.78        77759.89       145168.68
utc=2026-09-12T23:01:26Z VmHWM:=148652728kB VmRSS:=148652728kB VmSwap:=0kB Threads:=71 
MemAvailable_kib=95295768
      1   2       1   8       1   9       1  14       1  17       1  18       1  23       1  25       1  26       1  32       1  34       1  41       1  47       1  48       1  49       1  55       1  56       1  57       1  61       1  65       1  71       1  72       1  80       1  83       2  88       1  89       1  90       1  96       1 100       1 104       1 105       1 107       1 111       1 112       1 113       1 117       1 120       2 121       1 126       2 128       1 132       1 139       1 144       1 153       1 154       2 161       1 164       1 168       1 174       1 176       1 178       1 184       1 191       2 192       1 194       2 201       1 203       1 209       1 210       2 225       1 232       1 246       1 247       1 255 

Per-node process memory usage (in MBs) for PID 184964 (p10-avx-n384-pi)
                           Node 0          Node 1           Total
                  --------------- --------------- ---------------
Huge                         0.00            0.00            0.00
Heap                         1.41            0.71            2.13
Stack                        0.03            0.04            0.07
Private                  67406.46        77760.01       145166.48
----------------  --------------- --------------- ---------------
Total                    67407.91        77760.77       145168.68
utc=2026-09-12T23:01:57Z VmHWM:=148652728kB VmRSS:=148652728kB VmSwap:=0kB Threads:=71 
MemAvailable_kib=95299636
      1   2       1   8       1   9       1  14       1  17       1  18       1  23       1  25       1  26       1  32       1  34       1  41       1  47       1  48       1  49       1  55       1  56       1  57       1  61       1  65       1  71       1  72       1  80       1  83       2  88       1  89       1  90       1  96       1 100       1 104       1 105       1 107       1 111       1 112       1 113       1 117       1 120       2 121       1 126       2 128       1 132       1 139       1 144       1 153       1 154       2 161       1 164       1 168       1 174       1 176       1 178       1 184       1 191       2 192       1 194       2 201       1 203       1 209       1 210       2 225       1 232       1 246       1 247       1 255 

Per-node process memory usage (in MBs) for PID 184964 (p10-avx-n384-pi)
                           Node 0          Node 1           Total
                  --------------- --------------- ---------------
Huge                         0.00            0.00            0.00
Heap                         1.41            0.71            2.13
Stack                        0.03            0.04            0.07
Private                  67426.09        77740.38       145166.48
----------------  --------------- --------------- ---------------
Total                    67427.54        77741.14       145168.68
utc=2026-09-12T23:02:28Z VmHWM:=148652728kB VmRSS:=148652728kB VmSwap:=0kB Threads:=71 
MemAvailable_kib=95300204
      1   2       1   8       1   9       1  14       1  17       1  18       1  23       1  25       1  26       1  32       1  34       1  41       1  47       1  48       1  49       1  55       1  57       1  61       1  65       1  71       1  72       1  80       1  83       2  88       1  89       1  90       1  96       1 100       1 104       1 105       1 107       1 111       1 112       1 113       1 117       1 120       2 121       1 126       2 128       1 132       1 139       1 144       1 153       1 154       2 161       1 164       1 168       1 174       1 176       1 178       2 184       1 191       2 192       1 194       2 201       1 203       1 209       1 210       2 225       1 232       1 246       1 247       1 255 

Per-node process memory usage (in MBs) for PID 184964 (p10-avx-n384-pi)
                           Node 0          Node 1           Total
                  --------------- --------------- ---------------
Huge                         0.00            0.00            0.00
Heap                         1.41            0.71            2.13
Stack                        0.03            0.04            0.07
Private                  67424.95        77741.53       145166.48
----------------  --------------- --------------- ---------------
Total                    67426.39        77742.29       145168.68
utc=2026-09-12T23:02:59Z VmHWM:=148652728kB VmRSS:=148652728kB VmSwap:=0kB Threads:=71 
MemAvailable_kib=95269244
      1   2       2   8       1   9       2  18       1  23       1  24       1  25       1  26       2  32       1  34       1  41       1  47       1  48       1  49       1  55       1  57       1  61       1  71       1  72       1  83       2  88       1  89       1  90       1  96       1 100       1 104       1 105       1 107       1 111       1 112       1 113       1 120       2 121       1 126       2 128       1 132       1 136       1 139       1 144       1 153       1 154       2 161       1 164       1 168       1 174       1 176       1 178       1 184       1 185       1 191       2 192       1 194       2 201       1 203       1 209       1 210       1 225       1 232       1 245       1 246       1 247       1 255 

Per-node process memory usage (in MBs) for PID 184964 (p10-avx-n384-pi)
                           Node 0          Node 1           Total
                  --------------- --------------- ---------------
Huge                         0.00            0.00            0.00
Heap                         1.41            0.71            2.13
Stack                        0.03            0.04            0.07
Private                  67418.91        77747.56       145166.48
----------------  --------------- --------------- ---------------
Total                    67420.36        77748.32       145168.68
utc=2026-09-12T23:03:30Z VmHWM:=148652728kB VmRSS:=148652728kB VmSwap:=0kB Threads:=71 
MemAvailable_kib=95266628
      1   2       1   8       1   9       2  18       1  23       1  24       1  25       1  26       2  32       1  34       1  41       1  47       1  48       1  49       1  55       1  57       1  61       1  71       1  72       1  83       2  88       1  89       1  90       1  96       1 100       1 104       1 105       1 107       1 111       1 112       1 113       1 120       2 121       1 126       2 128       1 132       2 136       1 139       1 144       1 153       1 154       2 161       1 164       1 168       1 174       1 176       1 178       1 184       1 185       1 191       2 192       1 194       2 201       1 203       1 209       1 210       1 225       1 232       1 245       1 246       1 247       1 255 

Per-node process memory usage (in MBs) for PID 184964 (p10-avx-n384-pi)
                           Node 0          Node 1           Total
                  --------------- --------------- ---------------
Huge                         0.00            0.00            0.00
Heap                         1.41            0.71            2.13
Stack                        0.03            0.04            0.07
Private                  67416.79        77749.68       145166.48
----------------  --------------- --------------- ---------------
Total                    67418.24        77750.44       145168.68
utc=2026-09-12T23:04:01Z VmHWM:=148652728kB VmRSS:=148652728kB VmSwap:=0kB Threads:=71 
MemAvailable_kib=95273816
      2   8       1   9       2  18       1  24       1  25       2  32       1  34       1  41       1  47       1  48       1  49       1  55       1  57       1  61       1  65       1  72       1  73       1  83       2  88       1  89       1  90       1  96       1 100       1 104       1 105       1 107       1 111       1 112       1 113       1 119       1 120       2 121       1 126       2 128       1 130       1 132       1 136       1 139       1 144       1 151       1 153       2 154       2 161       1 164       1 168       1 174       1 176       1 178       1 184       1 185       1 191       2 192       1 194       1 201       1 203       1 209       1 210       1 225       1 232       1 245       1 246       1 255 

Per-node process memory usage (in MBs) for PID 184964 (p10-avx-n384-pi)
                           Node 0          Node 1           Total
                  --------------- --------------- ---------------
Huge                         0.00            0.00            0.00
Heap                         1.49            0.64            2.13
Stack                        0.03            0.04            0.07
Private                  67434.01        77732.47       145166.48
----------------  --------------- --------------- ---------------
Total                    67435.53        77733.14       145168.68
utc=2026-09-12T23:04:32Z VmHWM:=148652728kB VmRSS:=148652728kB VmSwap:=0kB Threads:=71 
MemAvailable_kib=95281464
      1   2       1   9       1  10       1  14       2  18       1  24       1  25       2  32       1  34       1  41       1  47       1  48       1  49       1  55       1  57       1  61       1  72       1  73       1  83       2  88       1  89       1  90       1  96       1 100       2 104       1 105       1 107       1 111       1 112       1 113       1 119       1 120       2 121       1 126       2 128       1 132       1 136       1 139       1 144       1 151       1 153       2 154       2 161       1 164       1 168       1 174       1 176       1 178       1 184       1 185       1 191       2 192       1 193       1 194       1 201       1 203       1 209       1 210       1 225       1 245       1 246       1 255 

Per-node process memory usage (in MBs) for PID 184964 (p10-avx-n384-pi)
                           Node 0          Node 1           Total
                  --------------- --------------- ---------------
Huge                         0.00            0.00            0.00
Heap                         1.43            0.70            2.13
Stack                        0.03            0.04            0.07
Private                  67438.49        77727.98       145166.48
----------------  --------------- --------------- ---------------
Total                    67439.96        77728.72       145168.68
utc=2026-09-12T23:05:03Z VmHWM:=148652728kB VmRSS:=148652728kB VmSwap:=0kB Threads:=71 
MemAvailable_kib=95286936
      1   2       1   9       1  10       2  18       1  24       1  25       2  32       1  34       1  41       1  47       1  48       1  49       1  55       1  57       1  61       1  72       1  73       1  83       2  88       1  89       1  90       1  96       1 100       2 104       1 105       1 107       1 111       1 112       1 113       1 119       1 120       2 121       1 126       2 128       1 132       1 136       1 139       1 144       1 151       1 153       2 154       2 161       1 164       1 168       1 174       1 176       1 178       1 184       1 185       1 191       3 192       1 193       1 194       1 201       1 203       1 209       1 210       1 225       1 245       1 246       1 255 

Per-node process memory usage (in MBs) for PID 184964 (p10-avx-n384-pi)
                           Node 0          Node 1           Total
                  --------------- --------------- ---------------
Huge                         0.00            0.00            0.00
Heap                         1.43            0.70            2.13
Stack                        0.03            0.04            0.07
Private                  67433.16        77733.32       145166.48
----------------  --------------- --------------- ---------------
Total                    67434.62        77734.06       145168.68
utc=2026-09-12T23:05:34Z VmHWM:=148652728kB VmRSS:=148652728kB VmSwap:=0kB Threads:=71 
MemAvailable_kib=95286288
      1   2       1   9       1  10       2  18       1  24       1  25       2  32       1  34       1  41       1  47       1  48       1  49       1  55       1  57       1  61       1  64       1  72       1  73       1  83       2  88       1  89       1  90       1  96       1 100       2 104       1 105       1 107       1 111       1 112       1 113       1 119       1 120       2 121       1 126       2 128       1 132       1 136       1 139       1 144       1 151       1 153       2 154       2 161       1 164       1 168       1 174       1 176       1 178       1 184       1 185       1 191       2 192       1 193       1 194       1 201       1 203       1 209       1 210       1 225       1 245       1 246       1 255 

Per-node process memory usage (in MBs) for PID 184964 (p10-avx-n384-pi)
                           Node 0          Node 1           Total
                  --------------- --------------- ---------------
Huge                         0.00            0.00            0.00
Heap                         1.43            0.70            2.13
Stack                        0.02            0.05            0.07
Private                  67415.57        77750.90       145166.48
----------------  --------------- --------------- ---------------
Total                    67417.02        77751.65       145168.68
utc=2026-09-12T23:06:05Z VmHWM:=148652728kB VmRSS:=148652728kB VmSwap:=0kB Threads:=71 
MemAvailable_kib=95301796
      1   2       1   9       1  10       2  18       1  24       1  25       2  32       1  34       1  41       1  47       1  48       1  49       1  55       1  57       1  61       1  64       1  72       1  73       1  83       2  88       1  89       1  90       1  96       1 100       2 104       1 105       1 107       1 111       1 112       1 113       1 119       1 120       2 121       1 126       2 128       1 132       1 136       1 139       1 144       1 151       1 153       2 154       2 161       1 164       1 168       1 174       1 176       1 178       1 184       1 185       1 191       2 192       1 193       1 194       1 201       1 203       1 209       1 210       1 225       1 245       1 246       1 255 

Per-node process memory usage (in MBs) for PID 184964 (p10-avx-n384-pi)
                           Node 0          Node 1           Total
                  --------------- --------------- ---------------
Huge                         0.00            0.00            0.00
Heap                         1.43            0.70            2.13
Stack                        0.02            0.05            0.07
Private                  67415.57        77750.90       145166.48
----------------  --------------- --------------- ---------------
Total                    67417.02        77751.65       145168.68
utc=2026-09-12T23:06:36Z VmHWM:=148652728kB VmRSS:=148652728kB VmSwap:=0kB Threads:=71 
MemAvailable_kib=95308232
      1   2       1   9       1  10       2  18       1  24       1  25       2  32       1  34       1  41       1  47       1  48       1  49       1  55       1  57       1  61       1  64       1  72       1  73       1  83       2  88       1  89       1  90       1  96       1 100       2 104       1 105       1 107       1 111       1 112       1 113       1 119       1 120       2 121       1 126       2 128       1 132       1 136       1 139       1 144       1 151       1 153       2 154       2 161       1 164       1 168       1 174       1 176       1 178       1 184       1 185       1 191       2 192       1 193       1 194       1 201       1 203       1 209       1 210       1 225       1 245       1 246       1 255 

Per-node process memory usage (in MBs) for PID 184964 (p10-avx-n384-pi)
                           Node 0          Node 1           Total
                  --------------- --------------- ---------------
Huge                         0.00            0.00            0.00
Heap                         1.42            0.71            2.13
Stack                        0.02            0.05            0.07
Private                  67415.57        77750.91       145166.48
----------------  --------------- --------------- ---------------
Total                    67417.01        77751.67       145168.68
utc=2026-09-12T23:07:08Z VmHWM:=148652728kB VmRSS:=148652728kB VmSwap:=0kB Threads:=71 
MemAvailable_kib=95296856
      1   2       1   9       1  10       2  18       1  24       1  25       2  32       1  34       1  41       1  47       1  48       1  49       1  55       1  57       1  61       1  64       1  72       1  73       1  83       2  88       1  89       1  90       1  96       1 100       2 104       1 105       1 107       1 111       1 112       1 113       1 119       1 120       2 121       1 126       2 128       1 132       1 136       1 139       1 144       1 151       1 153       2 154       2 161       1 164       1 168       1 174       1 176       1 178       1 184       1 185       1 191       2 192       1 193       1 194       1 201       1 203       1 209       1 210       1 225       1 245       1 246       1 255 

Per-node process memory usage (in MBs) for PID 184964 (p10-avx-n384-pi)
                           Node 0          Node 1           Total
                  --------------- --------------- ---------------
Huge                         0.00            0.00            0.00
Heap                         1.42            0.71            2.13
Stack                        0.02            0.05            0.07
Private                  67406.75        77759.73       145166.48
----------------  --------------- --------------- ---------------
Total                    67408.18        77760.49       145168.68
utc=2026-09-12T23:07:39Z VmHWM:=148652728kB VmRSS:=148652728kB VmSwap:=0kB Threads:=71 
MemAvailable_kib=95309244
      1   2       1   9       1  10       2  18       1  24       1  25       2  32       1  34       1  41       1  47       1  48       1  49       1  55       1  57       1  61       1  64       1  72       1  73       1  83       2  88       1  89       1  90       1  96       1 100       2 104       1 105       1 107       1 111       1 112       1 113       1 119       1 120       2 121       1 126       2 128       1 132       1 136       1 139       1 144       1 151       1 153       2 154       2 161       1 164       1 168       1 174       1 176       1 178       1 184       1 185       1 191       2 192       1 193       1 194       1 201       1 203       1 209       1 210       1 225       1 245       1 246       1 255 

Per-node process memory usage (in MBs) for PID 184964 (p10-avx-n384-pi)
                           Node 0          Node 1           Total
                  --------------- --------------- ---------------
Huge                         0.00            0.00            0.00
Heap                         1.42            0.71            2.13
Stack                        0.02            0.05            0.07
Private                  67403.68        77762.80       145166.48
----------------  --------------- --------------- ---------------
Total                    67405.11        77763.56       145168.68
utc=2026-09-12T23:08:10Z VmHWM:=148652728kB VmRSS:=148652728kB VmSwap:=0kB Threads:=71 
MemAvailable_kib=95312184
      1   2       1   9       1  10       2  18       1  24       1  25       2  32       1  34       1  41       1  47       1  48       1  49       1  55       1  57       1  61       1  72       1  73       1  83       2  88       1  89       1  90       1  96       1 100       2 104       1 105       1 107       1 111       1 112       1 113       1 119       1 120       2 121       1 126       2 128       1 132       1 136       1 139       1 144       1 151       1 153       2 154       2 161       1 164       1 168       1 174       1 176       1 178       1 184       1 185       1 191       3 192       1 193       1 194       1 201       1 203       1 209       1 210       1 225       1 245       1 246       1 255 

Per-node process memory usage (in MBs) for PID 184964 (p10-avx-n384-pi)
                           Node 0          Node 1           Total
                  --------------- --------------- ---------------
Huge                         0.00            0.00            0.00
Heap                         1.42            0.71            2.13
Stack                        0.02            0.05            0.07
Private                  67395.73        77770.75       145166.48
----------------  --------------- --------------- ---------------
Total                    67397.16        77771.51       145168.68
utc=2026-09-12T23:08:41Z VmHWM:=148652728kB VmRSS:=148652728kB VmSwap:=0kB Threads:=71 
MemAvailable_kib=95309460
      1   0       1   1       1   2       1   8       1   9       1  10       2  18       1  25       1  32       1  34       1  41       1  47       1  48       1  49       1  55       1  57       1  61       1  72       1  73       1  80       1  83       2  88       1  89       1  90       1  97       1 100       2 104       1 105       1 107       1 111       1 112       1 113       1 119       1 120       2 121       1 126       1 128       1 132       1 139       1 144       1 151       1 153       2 154       2 161       1 164       1 168       1 174       1 176       1 178       1 184       1 185       1 191       2 192       1 193       1 194       1 201       1 203       1 209       1 210       1 224       1 225       1 245       1 246       1 255 

Per-node process memory usage (in MBs) for PID 184964 (p10-avx-n384-pi)
                           Node 0          Node 1           Total
                  --------------- --------------- ---------------
Huge                         0.00            0.00            0.00
Heap                         1.44            0.69            2.13
Stack                        0.02            0.05            0.07
Private                  67454.37        77712.11       145166.48
----------------  --------------- --------------- ---------------
Total                    67455.82        77712.85       145168.68
utc=2026-09-12T23:09:12Z VmHWM:=148652728kB VmRSS:=148652728kB VmSwap:=0kB Threads:=71 
MemAvailable_kib=95323308
      1   0       1   1       1   2       1   8       1   9       1  10       1  16       2  18       1  25       1  32       1  34       1  41       1  47       1  48       1  49       1  55       1  57       2  64       1  65       1  66       1  72       1  73       1  80       1  83       2  88       1  89       1  90       1  97       1 100       2 104       1 105       1 107       1 111       1 112       1 113       1 119       1 120       1 121       1 126       1 128       1 132       1 139       1 151       1 153       2 154       2 161       1 164       1 168       1 174       1 176       1 178       1 184       1 185       1 191       1 192       1 193       1 201       1 203       1 209       1 210       1 224       1 225       1 245       1 246       1 255 

Per-node process memory usage (in MBs) for PID 184964 (p10-avx-n384-pi)
                           Node 0          Node 1           Total
                  --------------- --------------- ---------------
Huge                         0.00            0.00            0.00
Heap                         1.44            0.69            2.13
Stack                        0.03            0.04            0.07
Private                  67462.05        77704.42       145166.48
----------------  --------------- --------------- ---------------
Total                    67463.52        77705.16       145168.68
utc=2026-09-12T23:09:43Z VmHWM:=148652728kB VmRSS:=148652728kB VmSwap:=0kB Threads:=71 
MemAvailable_kib=95330288
      1   0       1   2       1   8       1   9       1  10       1  16       2  18       1  25       1  32       1  34       1  41       1  47       1  48       1  49       1  55       1  56       1  57       2  64       1  65       1  66       1  72       1  73       1  80       1  83       2  88       1  89       1  90       1  97       1 100       2 104       1 105       1 107       1 111       1 112       1 113       1 119       1 120       1 121       1 126       1 128       1 132       1 139       1 151       1 153       2 154       2 161       1 164       1 168       1 174       1 176       1 178       1 184       1 185       1 191       1 192       1 193       1 201       1 203       1 209       1 210       1 224       1 225       1 245       1 246       1 255 

Per-node process memory usage (in MBs) for PID 184964 (p10-avx-n384-pi)
                           Node 0          Node 1           Total
                  --------------- --------------- ---------------
Huge                         0.00            0.00            0.00
Heap                         1.44            0.69            2.13
Stack                        0.03            0.04            0.07
Private                  67467.07        77699.41       145166.48
----------------  --------------- --------------- ---------------
Total                    67468.54        77700.14       145168.68
utc=2026-09-12T23:10:14Z VmHWM:=148652728kB VmRSS:=148652728kB VmSwap:=0kB Threads:=71 
MemAvailable_kib=95329612
      1   2       2   9       1  10       1  16       2  18       1  25       1  32       1  34       1  41       1  47       1  48       1  49       1  55       1  57       1  64       1  65       1  66       1  72       1  73       1  80       1  83       2  88       1  89       1  90       1 100       2 104       1 105       1 107       1 111       1 112       1 113       1 119       1 120       2 121       1 126       2 128       1 132       1 139       1 151       1 153       2 154       2 161       1 164       1 168       1 174       1 176       1 178       2 184       1 185       1 191       1 192       1 193       1 201       1 203       1 209       1 210       1 224       2 225       1 245       1 246       1 255 

Per-node process memory usage (in MBs) for PID 184964 (p10-avx-n384-pi)
                           Node 0          Node 1           Total
                  --------------- --------------- ---------------
Huge                         0.00            0.00            0.00
Heap                         1.44            0.69            2.13
Stack                        0.03            0.04            0.07
Private                  67471.52        77694.96       145166.48
----------------  --------------- --------------- ---------------
Total                    67472.98        77695.70       145168.68
utc=2026-09-12T23:10:45Z VmHWM:=148652728kB VmRSS:=148652728kB VmSwap:=0kB Threads:=71 
MemAvailable_kib=95332540
      1   0       1   2       2   9       1  10       1  16       2  18       1  25       1  32       1  34       1  41       1  47       1  48       1  49       1  55       1  56       2  57       1  64       1  65       1  66       1  72       1  73       1  80       1  83       2  88       1  89       1  90       1 100       1 104       1 105       1 107       1 111       1 112       1 113       1 119       1 120       2 121       1 126       2 128       1 132       1 139       1 151       1 153       2 154       2 161       1 164       1 168       1 174       1 176       1 178       1 184       1 191       1 192       1 193       1 201       1 203       1 209       1 210       1 224       2 225       1 245       1 246       1 255 

Per-node process memory usage (in MBs) for PID 184964 (p10-avx-n384-pi)
                           Node 0          Node 1           Total
                  --------------- --------------- ---------------
Huge                         0.00            0.00            0.00
Heap                         1.44            0.69            2.13
Stack                        0.03            0.04            0.07
Private                  67471.52        77694.96       145166.48
----------------  --------------- --------------- ---------------
Total                    67472.99        77695.69       145168.68
utc=2026-09-12T23:11:16Z VmHWM:=148652728kB VmRSS:=148652728kB VmSwap:=0kB Threads:=71 
MemAvailable_kib=95331584
      1   0       1   2       2   9       1  10       1  16       2  18       1  25       1  32       1  34       1  41       1  47       1  48       1  49       1  55       2  57       1  65       1  66       1  72       1  73       1  80       1  83       2  88       1  89       1  90       1 100       1 104       1 105       1 107       1 111       1 112       1 113       1 119       1 120       2 121       1 126       2 128       1 132       1 139       1 151       1 153       2 154       2 161       1 164       1 168       1 174       1 176       1 178       2 184       1 191       2 192       1 193       1 201       1 203       1 209       1 210       1 224       2 225       1 245       1 246       1 255 

Per-node process memory usage (in MBs) for PID 184964 (p10-avx-n384-pi)
                           Node 0          Node 1           Total
                  --------------- --------------- ---------------
Huge                         0.00            0.00            0.00
Heap                         1.44            0.69            2.13
Stack                        0.03            0.04            0.07
Private                  67474.32        77692.15       145166.48
----------------  --------------- --------------- ---------------
Total                    67475.79        77692.88       145168.68
utc=2026-09-12T23:11:46Z VmHWM:=148652728kB VmRSS:=148652728kB VmSwap:=0kB Threads:=71 
MemAvailable_kib=95331624
      1   0       1   2       2   9       1  10       1  16       2  18       1  25       1  32       1  33       1  34       1  41       1  47       1  48       1  49       1  55       3  57       1  65       1  66       1  72       1  73       1  80       1  83       2  88       1  89       1  90       1 100       1 104       1 105       1 107       1 111       1 112       1 113       1 119       1 120       2 121       1 126       2 128       1 132       1 139       1 151       1 153       2 154       1 161       1 164       1 168       1 174       1 176       1 178       1 184       1 191       2 192       1 193       1 201       1 203       1 209       1 210       1 224       2 225       1 245       1 246       1 255 

Per-node process memory usage (in MBs) for PID 184964 (p10-avx-n384-pi)
                           Node 0          Node 1           Total
                  --------------- --------------- ---------------
Huge                         0.00            0.00            0.00
Heap                         1.44            0.69            2.13
Stack                        0.03            0.04            0.07
Private                  67476.20        77690.28       145166.48
----------------  --------------- --------------- ---------------
Total                    67477.67        77691.01       145168.68
utc=2026-09-12T23:12:17Z VmHWM:=148652728kB VmRSS:=148652728kB VmSwap:=0kB Threads:=71 
MemAvailable_kib=95333400
      1   2       2   9       1  10       1  16       2  18       1  25       1  32       1  34       1  41       1  47       1  48       1  49       1  55       2  57       1  58       1  65       1  66       1  72       1  73       1  80       1  83       2  88       1  89       1  90       1 100       2 104       1 105       1 107       1 111       1 112       1 113       1 119       1 120       2 121       1 126       2 128       1 132       1 139       1 151       1 153       2 154       2 161       1 164       1 168       1 174       1 176       1 178       1 184       1 191       2 192       1 193       1 201       1 203       1 209       1 210       1 224       2 225       1 245       1 246       1 255 

Per-node process memory usage (in MBs) for PID 184964 (p10-avx-n384-pi)
                           Node 0          Node 1           Total
                  --------------- --------------- ---------------
Huge                         0.00            0.00            0.00
Heap                         1.44            0.69            2.13
Stack                        0.03            0.04            0.07
Private                  67476.20        77690.28       145166.48
----------------  --------------- --------------- ---------------
Total                    67477.67        77691.01       145168.68
utc=2026-09-12T23:12:48Z VmHWM:=148652728kB VmRSS:=148652728kB VmSwap:=0kB Threads:=71 
MemAvailable_kib=95336712
      1   2       2   9       1  10       1  16       2  18       1  25       1  32       1  34       1  41       1  47       1  48       1  49       1  55       2  57       1  58       1  65       1  66       1  72       1  73       1  80       1  83       2  88       1  89       1  90       1 100       2 104       1 105       1 107       1 111       1 112       1 113       1 119       1 120       2 121       1 126       2 128       1 132       1 139       1 151       1 153       2 154       2 161       1 164       1 168       1 174       1 176       1 178       1 184       1 191       2 192       1 193       1 201       1 203       1 209       1 210       1 224       2 225       1 245       1 246       1 255 

Per-node process memory usage (in MBs) for PID 184964 (p10-avx-n384-pi)
                           Node 0          Node 1           Total
                  --------------- --------------- ---------------
Huge                         0.00            0.00            0.00
Heap                         1.44            0.69            2.13
Stack                        0.03            0.04            0.07
Private                  67476.20        77690.28       145166.48
----------------  --------------- --------------- ---------------
Total                    67477.67        77691.01       145168.68
utc=2026-09-12T23:13:19Z VmHWM:=148652728kB VmRSS:=148652728kB VmSwap:=0kB Threads:=71 
MemAvailable_kib=95315388
      1   2       1   8       2   9       1  10       2  18       1  25       1  32       1  34       1  41       1  47       1  48       1  49       1  55       1  57       1  58       1  65       1  66       1  72       1  73       1  80       1  81       1  83       2  88       1  89       1  90       1 100       2 104       1 105       1 107       1 111       1 112       1 113       1 119       1 120       2 121       1 126       3 128       1 132       1 139       1 144       1 151       1 153       2 154       2 161       1 164       1 168       1 174       1 176       1 178       1 184       1 191       1 192       1 193       1 201       1 203       1 210       1 224       2 225       1 245       1 246       1 255 

Per-node process memory usage (in MBs) for PID 184964 (p10-avx-n384-pi)
                           Node 0          Node 1           Total
                  --------------- --------------- ---------------
Huge                         0.00            0.00            0.00
Heap                         1.44            0.69            2.13
Stack                        0.03            0.04            0.07
Private                  67476.20        77690.28       145166.48
----------------  --------------- --------------- ---------------
Total                    67477.67        77691.00       145168.68
utc=2026-09-12T23:13:50Z VmHWM:=148652728kB VmRSS:=148652728kB VmSwap:=0kB Threads:=71 
MemAvailable_kib=95297120
      1   2       1   8       2   9       1  10       2  18       1  25       1  32       1  34       1  41       1  47       1  48       1  49       1  55       1  57       1  58       1  65       1  66       1  72       1  73       1  80       1  81       1  83       2  88       1  89       1  90       1  96       1  97       1 100       2 104       1 105       1 107       1 111       1 112       1 113       1 119       1 120       2 121       1 126       3 128       1 132       1 139       1 144       1 151       1 153       2 154       2 161       1 164       1 168       1 174       1 176       1 178       1 184       1 191       1 192       1 193       1 201       1 203       1 210       1 225       1 245       1 246       1 255 

Per-node process memory usage (in MBs) for PID 184964 (p10-avx-n384-pi)
                           Node 0          Node 1           Total
                  --------------- --------------- ---------------
Huge                         0.00            0.00            0.00
Heap                         1.44            0.69            2.13
Stack                        0.03            0.04            0.07
Private                  67476.20        77690.28       145166.48
----------------  --------------- --------------- ---------------
Total                    67477.67        77691.00       145168.68
utc=2026-09-12T23:14:21Z VmHWM:=148652728kB VmRSS:=148652728kB VmSwap:=0kB Threads:=71 
MemAvailable_kib=95300868
      1   2       1   8       2   9       1  10       2  18       1  25       1  32       1  34       1  41       1  47       1  48       1  49       1  55       1  57       1  58       1  65       1  66       1  72       1  73       1  80       1  81       1  83       2  88       1  89       1  90       1  96       1  97       1 100       2 104       1 105       1 107       1 111       1 112       1 113       1 119       1 120       2 121       1 126       3 128       1 132       1 139       1 144       1 151       1 153       2 154       2 161       1 164       1 168       1 174       1 176       1 178       1 184       1 191       1 192       1 193       1 201       1 203       1 210       1 225       1 245       1 246       1 255 

Per-node process memory usage (in MBs) for PID 184964 (p10-avx-n384-pi)
                           Node 0          Node 1           Total
                  --------------- --------------- ---------------
Huge                         0.00            0.00            0.00
Heap                         1.44            0.69            2.13
Stack                        0.03            0.04            0.07
Private                  67476.20        77690.28       145166.48
----------------  --------------- --------------- ---------------
Total                    67477.67        77691.00       145168.68
utc=2026-09-12T23:14:53Z VmHWM:=148652728kB VmRSS:=148652728kB VmSwap:=0kB Threads:=71 
MemAvailable_kib=95299144
      1   2       1   8       2   9       1  10       2  18       1  25       1  32       1  34       1  41       1  47       1  48       1  49       1  55       1  57       1  58       1  65       1  66       1  72       1  73       1  80       1  81       1  83       2  88       1  89       1  90       1  96       1  97       1 100       2 104       1 105       1 107       1 111       1 112       1 113       1 119       1 120       2 121       1 126       3 128       1 132       1 139       1 144       1 151       1 153       2 154       2 161       1 164       1 168       1 174       1 176       1 178       1 184       1 191       1 192       1 193       1 201       1 203       1 210       1 225       1 245       1 246       1 255 

Per-node process memory usage (in MBs) for PID 184964 (p10-avx-n384-pi)
                           Node 0          Node 1           Total
                  --------------- --------------- ---------------
Huge                         0.00            0.00            0.00
Heap                         1.44            0.69            2.13
Stack                        0.03            0.04            0.07
Private                  67476.20        77690.28       145166.48
----------------  --------------- --------------- ---------------
Total                    67477.67        77691.00       145168.68
utc=2026-09-12T23:15:24Z VmHWM:=148652728kB VmRSS:=148652728kB VmSwap:=0kB Threads:=71 
MemAvailable_kib=95302728
      1   0       1   2       1   8       2   9       1  10       2  18       1  25       1  32       1  34       1  41       1  47       1  48       1  49       1  55       1  57       1  58       1  65       1  66       1  72       1  73       1  80       1  81       1  83       2  88       1  89       1  90       1  96       1  97       1 100       1 104       1 105       1 107       1 111       1 112       1 113       1 119       1 120       2 121       1 126       2 128       1 132       1 139       1 144       1 151       1 153       2 154       2 161       1 164       1 168       1 174       1 176       1 178       1 184       1 191       1 192       1 193       1 201       1 203       1 210       1 225       1 232       1 245       1 246       1 255 

Per-node process memory usage (in MBs) for PID 184964 (p10-avx-n384-pi)
                           Node 0          Node 1           Total
                  --------------- --------------- ---------------
Huge                         0.00            0.00            0.00
Heap                         1.44            0.69            2.13
Stack                        0.03            0.04            0.07
Private                  67476.20        77690.28       145166.48
----------------  --------------- --------------- ---------------
Total                    67477.67        77691.00       145168.68
utc=2026-09-12T23:15:55Z VmHWM:=148652728kB VmRSS:=148652728kB VmSwap:=0kB Threads:=71 
MemAvailable_kib=95292328
      1   2       1   8       3   9       1  10       2  18       1  25       1  32       1  34       1  41       1  47       1  48       1  49       1  55       1  57       1  58       1  65       1  66       1  72       1  73       1  80       1  81       1  83       2  88       1  89       1  90       1  96       1  97       1 100       1 104       1 105       1 107       1 111       1 112       1 113       1 119       1 120       2 121       1 126       2 128       1 132       1 139       1 144       1 151       1 153       2 154       2 161       1 164       1 168       1 174       1 176       1 178       1 184       1 191       1 192       1 193       1 201       1 203       1 210       1 225       1 232       1 245       1 246       1 255 

Per-node process memory usage (in MBs) for PID 184964 (p10-avx-n384-pi)
                           Node 0          Node 1           Total
                  --------------- --------------- ---------------
Huge                         0.00            0.00            0.00
Heap                         1.44            0.69            2.13
Stack                        0.03            0.04            0.07
Private                  67476.20        77690.28       145166.48
----------------  --------------- --------------- ---------------
Total                    67477.67        77691.00       145168.68
utc=2026-09-12T23:16:26Z VmHWM:=148652728kB VmRSS:=148652728kB VmSwap:=0kB Threads:=71 
MemAvailable_kib=95289740
      1   2       1   8       2   9       2  10       2  18       1  25       1  32       1  33       1  34       1  41       1  47       1  48       1  49       1  55       1  57       1  58       1  65       1  66       1  72       1  73       1  80       1  81       1  83       2  88       1  89       1  90       1  96       1 100       1 104       1 105       1 107       1 111       1 112       1 113       1 119       2 121       1 126       2 128       1 132       1 139       1 144       1 151       1 153       2 154       1 161       1 164       1 168       1 174       1 176       1 178       1 184       1 191       1 192       1 193       1 201       1 203       1 210       2 225       1 232       1 245       1 246       1 248       1 255 

Per-node process memory usage (in MBs) for PID 184964 (p10-avx-n384-pi)
                           Node 0          Node 1           Total
                  --------------- --------------- ---------------
Huge                         0.00            0.00            0.00
Heap                         1.44            0.69            2.13
Stack                        0.03            0.04            0.07
Private                  67476.20        77690.28       145166.48
----------------  --------------- --------------- ---------------
Total                    67477.67        77691.00       145168.68
utc=2026-09-12T23:16:57Z VmHWM:=148652728kB VmRSS:=148652728kB VmSwap:=0kB Threads:=71 
MemAvailable_kib=95296460
      1   2       1   8       2   9       2  10       2  18       1  25       1  32       1  33       1  34       1  41       1  47       1  48       1  49       1  55       1  57       1  58       1  65       1  66       1  72       1  73       1  80       1  81       1  83       2  88       1  89       1  90       1  96       1 100       1 104       1 105       1 107       1 111       1 112       1 113       1 119       2 121       1 126       2 128       1 132       1 139       1 144       1 151       1 153       2 154       1 161       1 164       1 168       1 174       1 176       1 178       1 184       1 191       1 192       1 193       1 201       1 203       1 210       2 225       1 232       1 245       1 246       1 248       1 255 

Per-node process memory usage (in MBs) for PID 184964 (p10-avx-n384-pi)
                           Node 0          Node 1           Total
                  --------------- --------------- ---------------
Huge                         0.00            0.00            0.00
Heap                         1.44            0.69            2.13
Stack                        0.03            0.04            0.07
Private                  67476.20        77690.28       145166.48
----------------  --------------- --------------- ---------------
Total                    67477.67        77691.00       145168.68
utc=2026-09-12T23:17:28Z VmHWM:=148652728kB VmRSS:=148652728kB VmSwap:=0kB Threads:=71 
MemAvailable_kib=95294532
      1   2       1   8       2   9       2  10       2  18       1  25       1  32       1  33       1  34       1  41       1  47       1  48       1  49       1  55       1  57       1  58       1  65       1  66       1  72       1  73       1  80       1  81       1  83       2  88       1  89       1  90       1  96       1 100       1 104       1 105       1 107       1 111       1 112       1 113       1 119       2 121       1 126       2 128       1 132       1 139       1 144       1 151       1 153       2 154       1 161       1 164       1 168       1 174       1 176       1 178       1 184       1 191       1 192       1 193       1 201       1 203       1 210       2 225       1 232       1 245       1 246       1 248       1 255 

Per-node process memory usage (in MBs) for PID 184964 (p10-avx-n384-pi)
                           Node 0          Node 1           Total
                  --------------- --------------- ---------------
Huge                         0.00            0.00            0.00
Heap                         1.44            0.69            2.13
Stack                        0.03            0.04            0.07
Private                  67476.20        77690.28       145166.48
----------------  --------------- --------------- ---------------
Total                    67477.67        77691.00       145168.68
utc=2026-09-12T23:17:59Z VmHWM:=148652728kB VmRSS:=148652728kB VmSwap:=0kB Threads:=71 
MemAvailable_kib=95334772
      1   2       1   8       2   9       2  10       2  18       1  25       1  32       1  34       1  41       1  47       1  48       1  49       1  55       1  57       1  58       1  65       1  66       1  72       1  73       1  81       1  83       2  88       1  89       1  90       1  96       1 100       1 104       1 105       1 107       1 111       1 112       1 113       1 119       2 121       1 126       2 128       1 132       1 139       1 144       1 151       1 153       2 154       2 161       1 164       1 168       1 174       1 176       1 178       1 184       1 191       1 192       1 193       1 201       1 203       1 208       1 210       2 225       1 232       1 245       1 246       1 248       1 255 

Per-node process memory usage (in MBs) for PID 184964 (p10-avx-n384-pi)
                           Node 0          Node 1           Total
                  --------------- --------------- ---------------
Huge                         0.00            0.00            0.00
Heap                         1.44            0.69            2.13
Stack                        0.03            0.04            0.07
Private                  67476.20        77690.28       145166.48
----------------  --------------- --------------- ---------------
Total                    67477.67        77691.00       145168.68
utc=2026-09-12T23:18:30Z VmHWM:=148652728kB VmRSS:=148652728kB VmSwap:=0kB Threads:=71 
MemAvailable_kib=95326516
      1   2       1   8       2   9       2  10       2  18       1  25       1  32       1  34       1  41       1  47       1  48       1  49       1  55       1  57       1  58       1  65       1  66       1  72       1  73       1  80       1  81       1  83       2  88       1  89       1  90       1  96       1 100       1 104       1 105       1 107       1 111       1 112       1 113       1 119       1 121       1 126       2 128       1 132       1 139       1 144       1 151       1 153       2 154       2 161       1 164       1 168       1 174       1 176       1 178       1 184       1 191       1 192       1 193       1 201       1 203       1 210       2 225       1 232       1 245       1 246       1 248       1 249       1 255 

Per-node process memory usage (in MBs) for PID 184964 (p10-avx-n384-pi)
                           Node 0          Node 1           Total
                  --------------- --------------- ---------------
Huge                         0.00            0.00            0.00
Heap                         1.44            0.69            2.13
Stack                        0.03            0.04            0.07
Private                  67476.20        77690.28       145166.48
----------------  --------------- --------------- ---------------
Total                    67477.67        77691.00       145168.68
utc=2026-09-12T23:19:00Z VmHWM:=148652728kB VmRSS:=148652728kB VmSwap:=0kB Threads:=71 
MemAvailable_kib=95316020
      1   2       1   8       2   9       2  10       2  18       1  25       1  32       1  41       1  47       1  48       1  49       1  55       1  57       1  58       1  65       1  66       1  72       1  73       1  80       1  81       1  83       2  88       1  89       1  90       1  96       1 100       2 104       1 105       1 107       1 111       1 112       1 113       1 119       1 121       1 126       2 128       1 132       1 139       1 144       1 151       1 153       2 154       2 161       1 162       1 164       1 168       1 174       1 176       1 178       1 184       1 191       1 192       1 193       1 201       1 203       1 210       2 225       1 245       1 246       1 248       1 249       1 255 

Per-node process memory usage (in MBs) for PID 184964 (p10-avx-n384-pi)
                           Node 0          Node 1           Total
                  --------------- --------------- ---------------
Huge                         0.00            0.00            0.00
Heap                         1.44            0.69            2.13
Stack                        0.03            0.04            0.07
Private                  67476.20        77690.28       145166.48
----------------  --------------- --------------- ---------------
Total                    67477.67        77691.00       145168.68
utc=2026-09-12T23:19:31Z VmHWM:=148652728kB VmRSS:=148652728kB VmSwap:=0kB Threads:=71 
MemAvailable_kib=95321208
      1   2       1   8       1   9       2  10       2  18       1  25       1  32       1  41       1  47       1  48       1  49       1  55       1  57       1  58       1  65       1  66       1  72       1  73       1  80       1  81       1  83       2  88       1  89       1  90       1  96       1 100       1 104       1 105       1 107       1 111       1 112       1 113       1 119       1 120       1 121       1 126       2 128       1 132       1 137       1 139       1 144       1 151       1 153       2 154       2 161       1 162       1 164       1 168       1 174       1 176       1 178       1 184       1 191       1 192       1 193       1 201       1 203       1 210       2 225       1 232       1 245       1 246       1 249       1 255 

Per-node process memory usage (in MBs) for PID 184964 (p10-avx-n384-pi)
                           Node 0          Node 1           Total
                  --------------- --------------- ---------------
Huge                         0.00            0.00            0.00
Heap                         1.44            0.69            2.13
Stack                        0.03            0.04            0.07
Private                  67476.20        77690.28       145166.48
----------------  --------------- --------------- ---------------
Total                    67477.67        77691.00       145168.68
utc=2026-09-12T23:20:02Z VmHWM:=148652728kB VmRSS:=148652728kB VmSwap:=0kB Threads:=71 
MemAvailable_kib=95323868
      1   2       1   8       2   9       2  10       2  18       1  25       1  32       1  41       1  47       1  48       1  49       1  55       1  57       1  58       1  65       1  66       2  72       1  73       1  80       1  81       1  83       2  88       1  89       1  90       1  96       1 100       1 104       1 105       1 107       1 111       1 112       1 113       1 119       1 120       1 121       1 126       2 128       1 132       1 139       1 144       1 151       1 153       2 154       2 161       1 162       1 164       1 168       1 174       1 176       1 178       1 184       1 191       1 192       1 193       1 201       1 203       1 210       2 225       1 232       1 246       1 249       1 255 

Per-node process memory usage (in MBs) for PID 184964 (p10-avx-n384-pi)
                           Node 0          Node 1           Total
                  --------------- --------------- ---------------
Huge                         0.00            0.00            0.00
Heap                         1.44            0.69            2.13
Stack                        0.03            0.04            0.07
Private                  67476.20        77690.28       145166.48
----------------  --------------- --------------- ---------------
Total                    67477.67        77691.00       145168.68
utc=2026-09-12T23:20:33Z VmHWM:=148652728kB VmRSS:=148652728kB VmSwap:=0kB Threads:=71 
MemAvailable_kib=95297972
      1   2       2   9       2  10       2  18       1  25       1  32       1  41       1  47       1  48       1  49       1  55       1  57       1  58       1  65       1  66       2  72       1  73       1  80       1  81       1  83       2  88       1  89       1  90       1  96       1 100       1 104       1 105       1 107       1 111       1 112       1 113       1 119       1 120       1 121       1 126       2 128       1 132       1 136       1 139       1 144       1 151       1 153       2 154       2 161       1 162       1 164       1 168       1 174       1 176       1 178       1 184       1 191       1 192       1 193       1 201       1 203       1 210       2 225       1 232       1 246       1 249       1 255 

Per-node process memory usage (in MBs) for PID 184964 (p10-avx-n384-pi)
                           Node 0          Node 1           Total
                  --------------- --------------- ---------------
Huge                         0.00            0.00            0.00
Heap                         1.47            0.66            2.13
Stack                        0.03            0.04            0.07
Private                  67476.20        77690.28       145166.48
----------------  --------------- --------------- ---------------
Total                    67477.70        77690.97       145168.68
utc=2026-09-12T23:21:04Z VmHWM:=148652728kB VmRSS:=148652728kB VmSwap:=0kB Threads:=71 
MemAvailable_kib=95266040
      1   2       1   8       2   9       1  10       2  18       1  25       1  32       1  34       1  41       1  47       1  48       1  49       1  55       1  57       1  58       1  65       1  66       2  72       1  73       1  81       1  83       2  88       1  89       1  90       1  96       1 100       1 104       1 105       1 111       1 112       1 113       1 119       1 120       1 121       1 126       2 128       1 132       1 136       1 139       1 144       1 151       1 153       2 154       2 161       1 164       1 168       1 174       1 176       1 178       1 184       1 191       1 192       1 193       1 201       1 203       1 208       1 210       2 225       1 232       1 235       1 246       1 249       1 255 

Per-node process memory usage (in MBs) for PID 184964 (p10-avx-n384-pi)
                           Node 0          Node 1           Total
                  --------------- --------------- ---------------
Huge                         0.00            0.00            0.00
Heap                         1.48            0.65            2.13
Stack                        0.03            0.04            0.07
Private                  67476.20        77690.28       145166.48
----------------  --------------- --------------- ---------------
Total                    67477.71        77690.96       145168.68
utc=2026-09-12T23:21:35Z VmHWM:=148652728kB VmRSS:=148652728kB VmSwap:=0kB Threads:=71 
MemAvailable_kib=95291228
      1   2       1   8       2   9       1  10       2  18       1  25       1  32       1  34       1  41       1  47       1  48       1  49       1  55       1  57       1  58       1  65       1  66       2  72       1  73       1  81       1  83       2  88       1  89       1  90       1  96       1 100       1 104       1 105       1 111       1 112       1 113       1 119       1 120       1 121       1 126       2 128       1 132       1 139       1 144       1 151       1 153       2 154       2 161       1 164       1 168       1 174       1 176       1 178       1 184       1 191       1 192       1 193       1 201       1 203       1 205       1 208       1 210       2 225       1 232       1 235       1 246       1 249       1 255 

Per-node process memory usage (in MBs) for PID 184964 (p10-avx-n384-pi)
                           Node 0          Node 1           Total
                  --------------- --------------- ---------------
Huge                         0.00            0.00            0.00
Heap                         1.48            0.65            2.13
Stack                        0.03            0.04            0.07
Private                  67619.28        77547.20       145166.48
----------------  --------------- --------------- ---------------
Total                    67620.79        77547.89       145168.68
utc=2026-09-12T23:22:06Z VmHWM:=148652728kB VmRSS:=148652728kB VmSwap:=0kB Threads:=71 
MemAvailable_kib=95336348
      1   2       2   8       2   9       1  10       2  18       1  25       1  32       1  34       1  41       1  47       1  48       1  49       1  55       1  57       1  58       1  65       1  66       2  72       1  73       1  81       1  83       2  88       1  89       1  90       1  96       1 100       1 104       1 105       1 111       1 112       1 113       1 119       1 120       1 121       1 126       2 128       1 132       1 139       1 144       1 151       1 153       2 154       2 161       1 164       1 168       1 174       1 176       1 178       1 184       1 191       1 192       1 193       1 201       1 203       1 208       1 210       2 225       1 232       1 235       1 246       1 249       1 255 

Per-node process memory usage (in MBs) for PID 184964 (p10-avx-n384-pi)
                           Node 0          Node 1           Total
                  --------------- --------------- ---------------
Huge                         0.00            0.00            0.00
Heap                         1.48            0.65            2.13
Stack                        0.03            0.04            0.07
Private                  67628.19        77538.29       145166.48
----------------  --------------- --------------- ---------------
Total                    67629.70        77538.97       145168.68
utc=2026-09-12T23:22:37Z VmHWM:=148652728kB VmRSS:=148652728kB VmSwap:=0kB Threads:=71 
MemAvailable_kib=95354888
      1   0       1   2       1   8       2   9       1  10       1  16       2  18       1  25       1  32       1  34       1  41       1  47       2  48       1  49       1  55       1  57       1  58       1  65       1  66       2  72       1  73       1  81       1  83       2  88       1  89       1  90       1  96       1 100       1 104       1 105       1 111       1 112       1 113       1 119       1 120       1 121       1 126       1 128       1 132       1 136       1 139       1 151       1 153       2 154       2 161       1 164       1 168       1 174       1 178       1 184       1 191       1 192       1 193       1 201       1 203       1 208       1 210       2 225       1 232       1 235       1 246       1 249       1 255 

Per-node process memory usage (in MBs) for PID 184964 (p10-avx-n384-pi)
                           Node 0          Node 1           Total
                  --------------- --------------- ---------------
Huge                         0.00            0.00            0.00
Heap                         1.48            0.64            2.13
Stack                        0.03            0.04            0.07
Private                  67737.94        77428.54       145166.48
----------------  --------------- --------------- ---------------
Total                    67739.46        77429.22       145168.68
utc=2026-09-12T23:23:08Z VmHWM:=148652728kB VmRSS:=148652728kB VmSwap:=0kB Threads:=71 
MemAvailable_kib=95366728
      1   0       1   2       1   8       2   9       1  10       1  16       2  18       1  25       1  32       1  34       1  41       1  47       2  48       1  49       1  55       1  57       1  58       1  66       2  72       1  73       1  81       1  83       2  88       1  89       1  90       1  96       1 100       1 104       1 111       1 112       1 113       1 119       1 121       1 126       1 128       1 132       1 136       1 139       1 151       1 153       2 154       2 161       1 164       1 168       1 174       1 178       1 184       1 191       1 192       2 193       1 201       1 203       1 208       1 210       2 225       1 232       1 233       1 235       1 246       1 248       1 249       1 255 

Per-node process memory usage (in MBs) for PID 184964 (p10-avx-n384-pi)
                           Node 0          Node 1           Total
                  --------------- --------------- ---------------
Huge                         0.00            0.00            0.00
Heap                         1.48            0.64            2.13
Stack                        0.03            0.04            0.07
Private                  67746.98        77419.49       145166.48
----------------  --------------- --------------- ---------------
Total                    67748.50        77420.18       145168.68
utc=2026-09-12T23:23:39Z VmHWM:=148652728kB VmRSS:=148652728kB VmSwap:=0kB Threads:=71 
MemAvailable_kib=95380836
      1   0       1   2       2   9       1  10       1  17       2  18       1  25       1  32       1  34       1  41       1  47       2  48       1  49       1  55       1  57       1  58       1  66       2  72       1  73       1  81       1  83       2  88       1  89       1  90       1  96       1 100       1 104       1 111       1 112       1 113       1 119       1 120       1 121       1 126       1 128       1 132       1 136       1 137       1 139       1 151       1 153       2 154       2 161       1 164       1 168       1 174       1 178       1 184       1 191       1 192       2 193       1 201       1 203       1 208       1 210       2 225       1 232       1 233       1 235       1 246       1 249       1 255 

Per-node process memory usage (in MBs) for PID 184964 (p10-avx-n384-pi)
                           Node 0          Node 1           Total
                  --------------- --------------- ---------------
Huge                         0.00            0.00            0.00
Heap                         1.46            0.67            2.13
Stack                        0.03            0.04            0.07
Private                  67754.50        77411.98       145166.48
----------------  --------------- --------------- ---------------
Total                    67755.99        77412.69       145168.68
utc=2026-09-12T23:24:10Z VmHWM:=148652728kB VmRSS:=148652728kB VmSwap:=0kB Threads:=71 
MemAvailable_kib=95378544
      1   0       1   2       1   8       3   9       1  10       1  17       2  18       1  25       1  32       1  34       1  41       1  47       1  48       1  49       1  55       1  57       1  58       1  64       1  66       2  72       1  73       1  81       1  83       2  88       1  89       1  90       1  96       1 100       1 104       1 111       1 112       1 113       1 119       1 120       1 121       1 126       1 128       1 132       1 139       1 151       1 153       2 154       2 161       1 164       1 168       1 174       1 178       1 184       1 191       1 192       2 193       1 201       1 203       1 208       1 210       2 225       1 232       1 233       1 235       1 246       1 249       1 255 

Per-node process memory usage (in MBs) for PID 184964 (p10-avx-n384-pi)
                           Node 0          Node 1           Total
                  --------------- --------------- ---------------
Huge                         0.00            0.00            0.00
Heap                         1.46            0.67            2.13
Stack                        0.03            0.04            0.07
Private                  67762.59        77403.88       145166.48
----------------  --------------- --------------- ---------------
Total                    67764.09        77404.59       145168.68
utc=2026-09-12T23:24:41Z VmHWM:=148652728kB VmRSS:=148652728kB VmSwap:=0kB Threads:=71 
MemAvailable_kib=95377176
      1   0       1   2       1   8       3   9       1  10       1  17       2  18       1  25       1  32       1  34       1  41       1  47       1  48       1  49       1  55       1  57       1  58       1  64       1  66       2  72       1  73       1  81       1  83       2  88       1  89       1  90       1  96       1 100       1 104       1 107       1 111       1 112       1 113       1 119       1 120       1 121       1 126       1 128       1 132       1 139       1 151       1 153       2 154       2 161       1 164       1 168       1 174       1 178       1 184       1 191       1 192       2 193       1 201       1 203       1 208       1 210       2 225       1 232       1 233       1 246       1 249       1 255 

Per-node process memory usage (in MBs) for PID 184964 (p10-avx-n384-pi)
                           Node 0          Node 1           Total
                  --------------- --------------- ---------------
Huge                         0.00            0.00            0.00
Heap                         1.46            0.67            2.13
Stack                        0.03            0.04            0.07
Private                  67756.58        77409.90       145166.48
----------------  --------------- --------------- ---------------
Total                    67758.07        77410.61       145168.68
utc=2026-09-12T23:25:12Z VmHWM:=148652728kB VmRSS:=148652728kB VmSwap:=0kB Threads:=71 
MemAvailable_kib=95382672
      1   0       1   2       2   9       1  10       1  17       2  18       1  25       1  32       1  34       1  41       1  47       1  48       1  49       1  55       1  57       1  58       1  64       1  66       2  72       1  73       1  81       1  83       2  88       1  89       1  90       1  96       1 100       1 104       1 107       1 111       1 112       1 113       1 119       1 120       1 121       1 126       1 128       1 132       1 136       1 137       1 139       1 151       1 153       2 154       2 161       1 164       1 168       1 174       1 178       1 184       1 191       1 192       2 193       1 201       1 203       1 208       1 210       2 225       1 232       1 233       1 246       1 249       1 255 

Per-node process memory usage (in MBs) for PID 184964 (p10-avx-n384-pi)
                           Node 0          Node 1           Total
                  --------------- --------------- ---------------
Huge                         0.00            0.00            0.00
Heap                         1.46            0.67            2.13
Stack                        0.03            0.04            0.07
Private                  67756.58        77409.90       145166.48
----------------  --------------- --------------- ---------------
Total                    67758.07        77410.61       145168.68
utc=2026-09-12T23:25:43Z VmHWM:=148652728kB VmRSS:=148652728kB VmSwap:=0kB Threads:=71 
MemAvailable_kib=95385400
      1   0       1   2       1   8       2   9       1  10       1  17       2  18       1  25       1  32       1  33       1  34       1  41       1  47       1  48       1  49       1  55       1  57       1  58       1  64       1  66       2  72       1  73       1  81       1  83       2  88       1  89       1  90       1  96       1 100       1 104       1 107       1 111       1 112       1 113       1 119       1 120       2 121       1 126       1 128       1 132       1 137       1 139       1 151       1 153       2 154       1 161       1 164       1 168       1 174       1 178       1 184       1 191       1 192       2 193       1 201       1 203       1 208       1 210       2 225       1 232       1 233       1 246       1 255 

Per-node process memory usage (in MBs) for PID 184964 (p10-avx-n384-pi)
                           Node 0          Node 1           Total
                  --------------- --------------- ---------------
Huge                         0.00            0.00            0.00
Heap                         1.46            0.66            2.13
Stack                        0.03            0.04            0.07
Private                  67756.85        77409.62       145166.48
----------------  --------------- --------------- ---------------
Total                    67758.35        77410.33       145168.68
utc=2026-09-12T23:26:14Z VmHWM:=148652728kB VmRSS:=148652728kB VmSwap:=0kB Threads:=71 
MemAvailable_kib=95385656
      1   0       1   2       2   9       1  10       1  17       2  18       1  25       1  32       1  34       1  41       1  47       1  48       1  49       1  55       1  57       1  58       1  64       1  66       2  72       1  73       1  81       1  83       2  88       1  89       1  90       1  96       1 100       1 104       1 107       1 111       1 112       1 113       1 119       1 120       2 121       1 126       1 128       1 132       1 136       1 137       1 139       1 151       1 153       2 154       2 161       1 164       1 168       1 174       1 178       1 184       1 191       1 192       2 193       1 201       1 203       1 208       1 210       2 225       1 232       1 233       1 246       1 255 

Per-node process memory usage (in MBs) for PID 184964 (p10-avx-n384-pi)
                           Node 0          Node 1           Total
                  --------------- --------------- ---------------
Huge                         0.00            0.00            0.00
Heap                         1.43            0.70            2.13
Stack                        0.03            0.04            0.07
Private                  67773.47        77393.00       145166.48
----------------  --------------- --------------- ---------------
Total                    67774.93        77393.74       145168.68
utc=2026-09-12T23:26:45Z VmHWM:=148652728kB VmRSS:=148652728kB VmSwap:=0kB Threads:=71 
MemAvailable_kib=95370144
      1   0       1   1       1   2       1   8       2   9       1  16       1  17       1  18       1  25       1  32       1  34       1  41       1  47       1  48       1  49       1  55       1  58       1  64       1  65       1  66       2  72       1  73       1  81       1  83       1  88       2  89       1  90       1  96       1 100       1 104       1 107       1 111       1 112       1 113       1 119       1 120       2 121       1 126       1 128       1 132       1 136       1 137       1 139       1 151       1 153       2 154       2 161       1 164       1 168       1 174       1 178       1 185       1 191       1 192       1 193       1 201       1 203       1 208       1 210       2 225       1 232       1 233       1 246       1 255 

Per-node process memory usage (in MBs) for PID 184964 (p10-avx-n384-pi)
                           Node 0          Node 1           Total
                  --------------- --------------- ---------------
Huge                         0.00            0.00            0.00
Heap                         1.49            0.64            2.13
Stack                        0.03            0.04            0.07
Private                  67769.38        77397.10       145166.48
----------------  --------------- --------------- ---------------
Total                    67770.89        77397.78       145168.68
utc=2026-09-12T23:27:16Z VmHWM:=148652728kB VmRSS:=148652728kB VmSwap:=0kB Threads:=71 
MemAvailable_kib=95390460
      2   0       1   2       2   9       1  12       1  16       1  17       1  18       1  32       1  34       1  41       1  47       1  48       1  49       1  55       1  56       1  57       1  58       1  64       1  65       1  66       2  72       1  73       1  81       1  83       1  88       2  89       1  90       1  96       1 100       1 104       1 107       1 111       1 112       1 113       1 119       1 120       2 121       1 126       1 132       1 136       1 137       1 139       1 151       2 153       2 154       2 161       1 164       1 168       1 174       1 178       1 191       1 192       1 193       1 201       1 203       1 208       1 210       2 225       1 232       1 233       1 246       1 255 

Per-node process memory usage (in MBs) for PID 184964 (p10-avx-n384-pi)
                           Node 0          Node 1           Total
                  --------------- --------------- ---------------
Huge                         0.00            0.00            0.00
Heap                         1.43            0.70            2.13
Stack                        0.03            0.04            0.07
Private                  67776.05        77390.43       145166.48
----------------  --------------- --------------- ---------------
Total                    67777.52        77391.16       145168.68
utc=2026-09-12T23:27:47Z VmHWM:=148652728kB VmRSS:=148652728kB VmSwap:=0kB Threads:=71 
MemAvailable_kib=95389136
      2   0       1   2       2   9       1  12       1  16       1  17       1  18       1  32       1  34       1  41       1  47       1  48       1  49       1  55       1  56       1  57       1  58       2  64       1  65       1  66       2  72       1  73       1  81       1  83       1  88       2  89       1  90       1  96       1 100       1 104       1 107       1 111       1 112       1 113       1 119       1 120       2 121       1 126       1 132       1 137       1 139       1 151       2 153       2 154       2 161       1 164       1 168       1 174       1 178       1 191       1 192       1 193       1 201       1 203       1 208       1 210       2 225       1 232       1 233       1 246       1 255 

Per-node process memory usage (in MBs) for PID 184964 (p10-avx-n384-pi)
                           Node 0          Node 1           Total
                  --------------- --------------- ---------------
Huge                         0.00            0.00            0.00
Heap                         1.43            0.70            2.13
Stack                        0.03            0.04            0.07
Private                  67775.59        77390.89       145166.48
----------------  --------------- --------------- ---------------
Total                    67777.05        77391.62       145168.68
utc=2026-09-12T23:28:19Z VmHWM:=148652728kB VmRSS:=148652728kB VmSwap:=0kB Threads:=71 
MemAvailable_kib=95385660
      2   0       1   2       2   9       1  12       1  16       1  17       1  18       1  32       1  34       1  41       1  47       1  48       1  49       1  55       1  56       1  57       1  58       2  64       1  65       1  66       2  72       1  73       1  81       1  83       1  88       2  89       1  90       1  96       1 100       1 104       1 107       1 111       1 112       1 113       1 119       1 120       2 121       1 126       1 132       1 137       1 139       1 151       2 153       2 154       2 161       1 164       1 168       1 174       1 178       1 191       1 192       1 193       1 201       1 203       1 208       1 210       2 225       1 232       1 233       1 246       1 255 

Per-node process memory usage (in MBs) for PID 184964 (p10-avx-n384-pi)
                           Node 0          Node 1           Total
                  --------------- --------------- ---------------
Huge                         0.00            0.00            0.00
Heap                         1.43            0.70            2.13
Stack                        0.03            0.04            0.07
Private                  67757.79        77408.68       145166.48
----------------  --------------- --------------- ---------------
Total                    67759.25        77409.43       145168.68
utc=2026-09-12T23:28:50Z VmHWM:=148652728kB VmRSS:=148652728kB VmSwap:=0kB Threads:=71 
MemAvailable_kib=95396028
      2   0       1   2       2   9       1  12       1  16       1  17       1  18       1  32       1  34       1  41       1  47       1  48       1  49       1  55       1  56       1  57       1  58       2  64       1  65       1  66       2  72       1  73       1  81       1  83       1  88       2  89       1  90       1  96       1 100       1 104       1 107       1 111       1 112       1 113       1 119       1 120       2 121       1 126       1 132       1 137       1 139       1 151       2 153       2 154       2 161       1 164       1 168       1 174       1 178       1 191       1 192       1 193       1 201       1 203       1 208       1 210       2 225       1 232       1 233       1 246       1 255 

Per-node process memory usage (in MBs) for PID 184964 (p10-avx-n384-pi)
                           Node 0          Node 1           Total
                  --------------- --------------- ---------------
Huge                         0.00            0.00            0.00
Heap                         1.42            0.71            2.13
Stack                        0.02            0.05            0.07
Private                  67757.79        77408.68       145166.48
----------------  --------------- --------------- ---------------
Total                    67759.23        77409.44       145168.68
utc=2026-09-12T23:29:21Z VmHWM:=148652728kB VmRSS:=148652728kB VmSwap:=0kB Threads:=71 
MemAvailable_kib=95406212
      2   0       1   2       2   9       1  12       1  16       1  17       1  18       1  32       1  34       1  41       1  47       1  48       1  49       1  55       1  56       1  57       1  58       2  64       1  65       1  66       2  72       1  73       1  81       1  83       1  88       2  89       1  90       1  96       1 100       1 104       1 107       1 111       1 112       1 113       1 119       1 120       2 121       1 126       1 132       1 137       1 139       1 151       2 153       2 154       2 161       1 164       1 168       1 174       1 178       1 191       1 192       1 193       1 201       1 203       1 208       1 210       2 225       1 232       1 233       1 246       1 255 

Per-node process memory usage (in MBs) for PID 184964 (p10-avx-n384-pi)
                           Node 0          Node 1           Total
                  --------------- --------------- ---------------
Huge                         0.00            0.00            0.00
Heap                         1.42            0.71            2.13
Stack                        0.02            0.05            0.07
Private                  67757.79        77408.68       145166.48
----------------  --------------- --------------- ---------------
Total                    67759.23        77409.44       145168.68
utc=2026-09-12T23:29:52Z VmHWM:=148652728kB VmRSS:=148652728kB VmSwap:=0kB Threads:=71 
MemAvailable_kib=95409276
      2   0       1   2       2   9       1  12       1  16       1  17       1  18       1  32       1  34       1  41       1  47       1  48       1  49       1  55       1  56       1  57       1  58       1  64       1  65       1  66       2  72       1  73       1  81       1  83       1  88       2  89       1  90       1  96       1 100       1 104       1 107       1 111       1 112       1 113       1 119       1 120       2 121       1 126       1 132       1 137       1 139       1 151       2 153       2 154       2 161       1 164       1 168       1 174       1 178       1 191       2 192       1 193       1 201       1 203       1 208       1 210       2 225       1 232       1 233       1 246       1 255 

Per-node process memory usage (in MBs) for PID 184964 (p10-avx-n384-pi)
                           Node 0          Node 1           Total
                  --------------- --------------- ---------------
Huge                         0.00            0.00            0.00
Heap                         1.42            0.71            2.13
Stack                        0.02            0.05            0.07
Private                  67757.79        77408.68       145166.48
----------------  --------------- --------------- ---------------
Total                    67759.23        77409.44       145168.68
utc=2026-09-12T23:30:23Z VmHWM:=148652728kB VmRSS:=148652728kB VmSwap:=0kB Threads:=71 
MemAvailable_kib=95409824
      2   0       1   2       2   9       1  12       1  16       1  17       1  18       1  32       1  34       1  41       1  47       1  48       1  49       1  55       1  56       1  57       1  58       2  64       1  65       1  66       2  72       1  73       1  81       1  83       1  88       2  89       1  90       1  96       1 100       1 104       1 107       1 111       1 112       1 113       1 119       1 120       2 121       1 126       1 132       1 137       1 139       1 151       2 153       2 154       2 161       1 164       1 168       1 174       1 178       1 191       1 192       1 193       1 201       1 203       1 208       1 210       2 225       1 232       1 233       1 246       1 255 

Per-node process memory usage (in MBs) for PID 184964 (p10-avx-n384-pi)
                           Node 0          Node 1           Total
                  --------------- --------------- ---------------
Huge                         0.00            0.00            0.00
Heap                         1.42            0.71            2.13
Stack                        0.02            0.05            0.07
Private                  67749.72        77416.76       145166.48
----------------  --------------- --------------- ---------------
Total                    67751.16        77417.52       145168.68
utc=2026-09-12T23:30:54Z VmHWM:=148652728kB VmRSS:=148652728kB VmSwap:=0kB Threads:=71 
MemAvailable_kib=95416968
      2   0       1   2       2   9       1  12       1  16       1  17       1  18       1  32       1  34       1  41       1  47       1  48       1  49       1  55       1  56       1  57       1  58       2  64       1  65       1  66       2  72       1  73       1  81       1  83       1  88       2  89       1  90       1  96       1 100       1 104       1 107       1 111       1 112       1 113       1 119       1 120       2 121       1 126       1 132       1 137       1 139       1 151       2 153       2 154       2 161       1 164       1 168       1 174       1 178       1 191       1 192       1 193       1 201       1 203       1 208       1 210       2 225       1 232       1 233       1 246       1 255 

Per-node process memory usage (in MBs) for PID 184964 (p10-avx-n384-pi)
                           Node 0          Node 1           Total
                  --------------- --------------- ---------------
Huge                         0.00            0.00            0.00
Heap                         1.42            0.71            2.13
Stack                        0.02            0.05            0.07
Private                  67744.90        77421.57       145166.48
----------------  --------------- --------------- ---------------
Total                    67746.34        77422.33       145168.68
utc=2026-09-12T23:31:25Z VmHWM:=148652728kB VmRSS:=148652728kB VmSwap:=0kB Threads:=71 
MemAvailable_kib=95411336
      1   0       1   2       1   6       1   8       2   9       1  12       2  16       1  17       1  18       1  24       1  32       1  34       1  41       1  47       1  48       1  49       1  55       2  56       1  57       1  58       2  64       1  65       2  72       1  73       1  81       1  83       1  88       1  89       1  90       1  96       1 100       1 104       1 107       1 111       1 112       1 113       1 119       1 120       2 121       1 126       1 132       1 137       1 139       1 151       2 153       2 154       2 161       1 164       1 168       1 174       1 178       1 191       1 192       1 193       1 201       1 203       1 208       1 210       1 225       1 233       1 246       1 255 

Per-node process memory usage (in MBs) for PID 184964 (p10-avx-n384-pi)
                           Node 0          Node 1           Total
                  --------------- --------------- ---------------
Huge                         0.00            0.00            0.00
Heap                         1.43            0.70            2.13
Stack                        0.02            0.05            0.07
Private                  67792.86        77373.61       145166.48
----------------  --------------- --------------- ---------------
Total                    67794.31        77374.37       145168.68
utc=2026-09-12T23:31:56Z VmHWM:=148652728kB VmRSS:=148652728kB VmSwap:=0kB Threads:=71 
MemAvailable_kib=95419332
      1   0       1   2       1   9       1  12       2  16       1  17       1  18       1  24       1  32       1  34       1  41       1  47       1  48       1  49       1  55       2  56       1  57       1  58       1  64       1  65       2  72       1  73       1  81       1  83       1  88       2  89       1  90       1  96       1  97       1 100       1 104       1 107       1 111       1 112       1 113       1 119       1 120       2 121       1 126       2 128       1 132       1 137       1 139       1 151       2 153       2 154       2 161       1 164       1 168       1 174       1 178       1 191       1 192       1 193       1 201       1 203       1 208       1 210       1 225       1 233       1 246       1 255 

Per-node process memory usage (in MBs) for PID 184964 (p10-avx-n384-pi)
                           Node 0          Node 1           Total
                  --------------- --------------- ---------------
Huge                         0.00            0.00            0.00
Heap                         1.43            0.70            2.13
Stack                        0.02            0.05            0.07
Private                  67865.22        77301.25       145166.48
----------------  --------------- --------------- ---------------
Total                    67866.67        77302.01       145168.68
utc=2026-09-12T23:32:27Z VmHWM:=148652728kB VmRSS:=148652728kB VmSwap:=0kB Threads:=71 
MemAvailable_kib=95427304
      2   0       1   2       1   8       1   9       1  12       1  16       1  17       1  18       1  24       1  32       1  34       1  41       1  47       1  48       1  49       1  55       1  56       1  57       1  58       1  65       1  66       2  72       1  73       1  81       1  83       1  88       2  89       1  90       1  96       1  97       1 100       2 104       1 107       1 111       1 112       1 113       1 118       1 119       1 120       2 121       1 126       1 128       1 132       1 137       1 139       1 151       2 153       2 154       2 161       1 164       1 168       1 174       1 178       1 191       1 192       1 193       1 201       1 203       1 208       1 210       1 225       1 233       1 255 

Per-node process memory usage (in MBs) for PID 184964 (p10-avx-n384-pi)
                           Node 0          Node 1           Total
                  --------------- --------------- ---------------
Huge                         0.00            0.00            0.00
Heap                         1.42            0.71            2.13
Stack                        0.03            0.04            0.07
Private                  67865.34        77301.13       145166.48
----------------  --------------- --------------- ---------------
Total                    67866.79        77301.88       145168.68
utc=2026-09-12T23:32:58Z VmHWM:=148652728kB VmRSS:=148652728kB VmSwap:=0kB Threads:=71 
MemAvailable_kib=95421988
      2   0       1   2       1   8       2   9       1  12       1  16       1  18       1  24       1  32       1  41       1  47       2  48       1  49       1  55       1  56       1  57       1  58       1  65       1  66       2  72       1  73       1  81       1  83       1  88       2  89       1  90       1  96       1  97       1 100       1 104       1 107       1 111       1 112       1 113       1 118       1 119       1 120       2 121       1 126       1 128       1 132       1 139       1 145       1 151       2 153       2 154       2 161       1 162       1 164       1 168       1 174       1 178       1 191       1 192       1 193       1 201       1 203       1 208       1 210       1 225       1 233       1 255 

Per-node process memory usage (in MBs) for PID 184964 (p10-avx-n384-pi)
                           Node 0          Node 1           Total
                  --------------- --------------- ---------------
Huge                         0.00            0.00            0.00
Heap                         1.42            0.71            2.13
Stack                        0.03            0.04            0.07
Private                  67860.74        77305.74       145166.48
----------------  --------------- --------------- ---------------
Total                    67862.19        77306.49       145168.68
utc=2026-09-12T23:33:29Z VmHWM:=148652728kB VmRSS:=148652728kB VmSwap:=0kB Threads:=71 
MemAvailable_kib=95427500
      1   0       1   2       1   8       2   9       1  12       1  16       1  18       1  24       1  32       1  34       1  41       1  47       1  48       1  49       1  55       1  56       1  57       1  58       1  65       1  66       2  72       2  73       1  81       1  83       1  88       2  89       1  90       1  96       1  97       1 100       2 104       1 107       1 111       1 112       1 113       1 118       1 119       1 120       2 121       1 126       2 128       1 132       1 139       1 145       1 151       2 153       2 154       2 161       1 164       1 168       1 174       1 178       1 191       1 192       1 193       1 203       1 208       1 210       1 225       1 233       1 255 

Per-node process memory usage (in MBs) for PID 184964 (p10-avx-n384-pi)
                           Node 0          Node 1           Total
                  --------------- --------------- ---------------
Huge                         0.00            0.00            0.00
Heap                         1.42            0.71            2.13
Stack                        0.03            0.04            0.07
Private                  67865.45        77301.03       145166.48
----------------  --------------- --------------- ---------------
Total                    67866.90        77301.78       145168.68
utc=2026-09-12T23:34:00Z VmHWM:=148652728kB VmRSS:=148652728kB VmSwap:=0kB Threads:=71 
MemAvailable_kib=95419280
      1   0       1   2       1   8       1   9       1  12       1  16       1  18       1  24       1  32       1  34       1  41       1  47       1  48       1  49       1  55       1  56       1  57       1  58       1  64       1  65       1  66       2  72       2  73       1  81       1  83       1  88       2  89       1  90       1  96       1  97       1 100       2 104       1 107       1 111       1 112       1 113       1 118       1 119       1 120       2 121       1 126       1 128       1 132       1 137       1 139       1 145       1 151       2 153       2 154       2 161       1 164       1 168       1 174       1 178       1 191       1 192       1 193       1 203       1 208       1 210       1 225       1 233       1 255 

Per-node process memory usage (in MBs) for PID 184964 (p10-avx-n384-pi)
                           Node 0          Node 1           Total
                  --------------- --------------- ---------------
Huge                         0.00            0.00            0.00
Heap                         1.42            0.71            2.13
Stack                        0.03            0.04            0.07
Private                  67867.57        77298.91       145166.48
----------------  --------------- --------------- ---------------
Total                    67869.02        77299.66       145168.68
utc=2026-09-12T23:34:31Z VmHWM:=148652728kB VmRSS:=148652728kB VmSwap:=0kB Threads:=71 
MemAvailable_kib=95427068
      1   0       1   2       1   8       1   9       1  12       1  16       1  18       1  24       1  32       1  34       1  41       1  47       1  48       1  49       1  55       1  56       1  57       1  58       1  65       1  66       2  72       2  73       1  81       1  83       1  88       2  89       1  90       1  96       1  97       1 100       2 104       1 107       1 111       1 112       1 113       1 118       1 119       1 120       2 121       1 126       1 128       1 132       1 137       1 139       1 145       1 151       2 153       2 154       2 161       1 164       1 168       1 174       1 178       1 191       2 192       1 193       1 203       1 208       1 210       1 225       1 233       1 255 

Per-node process memory usage (in MBs) for PID 184964 (p10-avx-n384-pi)
                           Node 0          Node 1           Total
                  --------------- --------------- ---------------
Huge                         0.00            0.00            0.00
Heap                         1.42            0.71            2.13
Stack                        0.03            0.04            0.07
Private                  67869.14        77297.34       145166.48
----------------  --------------- --------------- ---------------
Total                    67870.59        77298.09       145168.68
utc=2026-09-12T23:35:02Z VmHWM:=148652728kB VmRSS:=148652728kB VmSwap:=0kB Threads:=71 
MemAvailable_kib=95420940
      1   0       1   2       1   8       1   9       1  12       1  16       1  18       1  24       1  32       1  34       1  41       1  47       1  48       1  49       1  55       2  56       1  57       1  58       1  65       1  66       2  72       2  73       1  81       1  83       1  88       2  89       1  90       1  96       1  97       1 100       2 104       1 107       1 111       1 113       1 118       1 119       1 120       2 121       1 126       1 128       1 132       1 137       1 139       1 145       1 151       2 153       2 154       2 161       1 164       1 168       1 174       1 178       1 191       2 192       1 203       1 208       1 210       1 225       1 233       1 240       1 255 

Per-node process memory usage (in MBs) for PID 184964 (p10-avx-n384-pi)
                           Node 0          Node 1           Total
                  --------------- --------------- ---------------
Huge                         0.00            0.00            0.00
Heap                         1.42            0.71            2.13
Stack                        0.03            0.04            0.07
Private                  67867.90        77298.58       145166.48
----------------  --------------- --------------- ---------------
Total                    67869.35        77299.33       145168.68
utc=2026-09-12T23:35:33Z VmHWM:=148652728kB VmRSS:=148652728kB VmSwap:=0kB Threads:=71 
MemAvailable_kib=95432728
      1   0       1   2       1   8       1   9       1  12       2  16       1  18       1  32       1  34       1  41       1  47       1  48       1  49       1  55       2  56       1  57       1  58       1  65       1  66       2  72       2  73       1  81       1  83       1  88       2  89       1  90       1  96       1  97       1 100       2 104       1 107       1 111       1 113       1 118       1 119       1 120       2 121       1 126       1 128       1 132       1 137       1 139       1 145       1 151       2 153       2 154       2 161       1 164       1 168       1 174       1 178       1 191       2 192       1 203       1 208       1 210       1 225       1 233       1 240       1 255 

Per-node process memory usage (in MBs) for PID 184964 (p10-avx-n384-pi)
                           Node 0          Node 1           Total
                  --------------- --------------- ---------------
Huge                         0.00            0.00            0.00
Heap                         1.42            0.71            2.13
Stack                        0.03            0.04            0.07
Private                  67867.90        77298.58       145166.48
----------------  --------------- --------------- ---------------
Total                    67869.35        77299.33       145168.68
utc=2026-09-12T23:36:04Z VmHWM:=148652728kB VmRSS:=148652728kB VmSwap:=0kB Threads:=71 
MemAvailable_kib=95431400
      1   0       1   2       1   8       1   9       1  11       1  12       1  16       1  24       1  32       1  34       1  36       1  41       1  47       1  48       1  49       1  55       1  56       1  57       1  58       1  64       1  65       1  66       2  72       2  73       1  81       1  83       1  88       2  89       1  90       1  96       1  97       1 100       2 104       1 107       1 111       1 113       1 118       1 119       1 120       2 121       1 126       1 128       1 132       1 137       1 145       1 146       1 151       2 153       2 154       2 161       1 168       1 174       1 178       1 191       2 192       1 203       1 208       1 210       1 225       1 233       1 240       1 255 

Per-node process memory usage (in MBs) for PID 184964 (p10-avx-n384-pi)
                           Node 0          Node 1           Total
                  --------------- --------------- ---------------
Huge                         0.00            0.00            0.00
Heap                         1.43            0.70            2.13
Stack                        0.03            0.04            0.07
Private                  67916.80        77249.68       145166.48
----------------  --------------- --------------- ---------------
Total                    67918.26        77250.41       145168.68
utc=2026-09-12T23:36:35Z VmHWM:=148652728kB VmRSS:=148652728kB VmSwap:=0kB Threads:=71 
MemAvailable_kib=95426764
      1   0       1   2       1   8       2   9       1  11       1  12       1  16       1  24       1  32       1  34       1  36       1  41       1  47       1  48       1  49       1  55       1  56       1  57       1  58       1  64       1  65       1  66       2  72       2  73       1  81       1  83       1  88       2  89       1  90       1  96       1  97       1 100       2 104       1 107       1 111       1 113       1 118       1 119       1 120       2 121       1 126       1 128       1 132       1 145       1 146       1 151       2 153       2 154       2 161       1 168       1 174       1 178       1 191       2 192       1 203       1 208       1 210       1 225       1 233       1 240       1 255 

Per-node process memory usage (in MBs) for PID 184964 (p10-avx-n384-pi)
                           Node 0          Node 1           Total
                  --------------- --------------- ---------------
Huge                         0.00            0.00            0.00
Heap                         1.43            0.70            2.13
Stack                        0.03            0.04            0.07
Private                  67916.80        77249.68       145166.48
----------------  --------------- --------------- ---------------
Total                    67918.26        77250.41       145168.68
utc=2026-09-12T23:37:06Z VmHWM:=148652728kB VmRSS:=148652728kB VmSwap:=0kB Threads:=71 
MemAvailable_kib=95433492
      2   0       1   2       1   8       1   9       1  11       1  12       1  16       1  24       1  32       1  34       1  36       1  41       1  47       1  48       1  49       1  55       1  56       1  57       1  58       2  64       1  65       2  72       2  73       1  80       1  81       1  83       1  88       2  89       1  90       1  96       1  97       1 100       2 104       1 107       1 111       1 113       1 118       1 119       1 120       2 121       1 126       1 132       1 137       1 145       1 146       1 151       2 153       2 154       2 161       1 168       1 174       1 178       1 191       1 192       1 194       1 203       1 210       1 225       1 233       1 240       1 255 

Per-node process memory usage (in MBs) for PID 184964 (p10-avx-n384-pi)
                           Node 0          Node 1           Total
                  --------------- --------------- ---------------
Huge                         0.00            0.00            0.00
Heap                         1.43            0.70            2.13
Stack                        0.03            0.04            0.07
Private                  67922.25        77244.23       145166.48
----------------  --------------- --------------- ---------------
Total                    67923.71        77244.96       145168.68
utc=2026-09-12T23:37:37Z VmHWM:=148652728kB VmRSS:=148652728kB VmSwap:=0kB Threads:=71 
MemAvailable_kib=95439240
      2   0       1   2       1   8       2   9       1  11       1  12       1  16       1  24       1  32       1  34       1  36       1  41       1  47       1  48       1  49       1  55       1  56       1  57       1  58       2  64       1  65       2  72       2  73       1  80       1  81       1  83       1  88       2  89       1  90       1  96       1  97       1 100       2 104       1 107       1 111       1 113       1 118       1 119       1 120       2 121       1 126       1 132       1 145       1 146       1 151       2 153       2 154       2 161       1 168       1 174       1 178       1 191       1 192       1 194       1 203       1 210       1 225       1 233       1 240       1 255 

Per-node process memory usage (in MBs) for PID 184964 (p10-avx-n384-pi)
                           Node 0          Node 1           Total
                  --------------- --------------- ---------------
Huge                         0.00            0.00            0.00
Heap                         1.43            0.70            2.13
Stack                        0.03            0.04            0.07
Private                  67924.97        77241.50       145166.48
----------------  --------------- --------------- ---------------
Total                    67926.44        77242.24       145168.68
utc=2026-09-12T23:38:08Z VmHWM:=148652728kB VmRSS:=148652728kB VmSwap:=0kB Threads:=71 
MemAvailable_kib=95436940
      2   0       1   2       3   9       1  11       1  12       1  16       1  26       1  32       1  34       1  36       1  40       1  41       1  47       1  48       1  49       1  55       1  56       1  57       1  58       1  64       2  65       1  66       2  72       2  73       1  80       1  81       1  83       1  88       2  89       1  90       1  96       1 100       1 104       1 107       1 111       1 113       1 118       1 119       1 120       2 121       1 126       1 132       1 145       1 146       1 151       2 153       2 154       2 161       1 168       1 174       1 178       1 191       1 192       1 203       1 210       2 225       1 233       1 240       1 255 

Per-node process memory usage (in MBs) for PID 184964 (p10-avx-n384-pi)
                           Node 0          Node 1           Total
                  --------------- --------------- ---------------
Huge                         0.00            0.00            0.00
Heap                         1.43            0.70            2.13
Stack                        0.03            0.04            0.07
Private                  67925.49        77240.99       145166.48
----------------  --------------- --------------- ---------------
Total                    67926.95        77241.72       145168.68
utc=2026-09-12T23:38:39Z VmHWM:=148652728kB VmRSS:=148652728kB VmSwap:=0kB Threads:=71 
MemAvailable_kib=95435788
      2   0       1   2       3   9       1  11       1  12       1  16       1  26       1  32       1  34       1  36       1  40       1  41       1  47       1  48       1  49       1  55       1  56       1  57       1  58       1  64       2  65       1  66       2  72       2  73       1  80       1  81       1  83       1  88       2  89       1  90       1  96       1 100       1 104       1 107       1 111       1 113       1 118       1 119       1 120       2 121       1 126       1 132       1 145       1 146       1 151       2 153       2 154       2 161       1 168       1 174       1 178       1 191       1 192       1 203       1 210       2 225       1 233       1 240       1 255 

Per-node process memory usage (in MBs) for PID 184964 (p10-avx-n384-pi)
                           Node 0          Node 1           Total
                  --------------- --------------- ---------------
Huge                         0.00            0.00            0.00
Heap                         1.46            0.66            2.13
Stack                        0.03            0.04            0.07
Private                  67925.49        77240.99       145166.48
----------------  --------------- --------------- ---------------
Total                    67926.98        77241.69       145168.68
utc=2026-09-12T23:39:10Z VmHWM:=148652728kB VmRSS:=148652728kB VmSwap:=0kB Threads:=71 
MemAvailable_kib=95436784
      1   0       1   2       3   9       1  12       1  16       1  17       1  26       1  32       1  34       1  36       1  41       1  47       1  48       1  49       1  55       1  56       1  57       1  58       1  64       2  65       1  66       2  72       2  73       1  80       1  81       1  83       1  88       2  89       1  90       1  96       1 100       2 104       1 107       1 111       1 113       1 118       1 119       1 120       2 121       1 126       1 128       1 132       1 139       1 146       1 151       2 153       2 154       2 161       1 168       1 174       1 178       1 191       1 192       1 203       1 210       2 225       1 233       1 240       1 255 

Per-node process memory usage (in MBs) for PID 184964 (p10-avx-n384-pi)
                           Node 0          Node 1           Total
                  --------------- --------------- ---------------
Huge                         0.00            0.00            0.00
Heap                         1.47            0.66            2.13
Stack                        0.03            0.04            0.07
Private                  67929.11        77237.37       145166.48
----------------  --------------- --------------- ---------------
Total                    67930.61        77238.07       145168.68
utc=2026-09-12T23:39:41Z VmHWM:=148652728kB VmRSS:=148652728kB VmSwap:=0kB Threads:=71 
MemAvailable_kib=95437352
      1   0       1   2       2   9       1  12       1  16       1  17       1  26       1  32       1  34       1  36       1  41       1  47       1  48       1  49       1  55       1  56       1  57       1  58       2  65       1  66       2  72       2  73       1  80       1  81       1  83       1  88       2  89       1  90       1  96       1 100       2 104       1 107       1 111       1 113       1 118       1 119       1 120       2 121       1 126       1 128       1 132       1 137       1 139       1 146       1 151       2 153       2 154       2 161       1 168       1 174       1 178       1 191       2 192       1 203       1 210       2 225       1 233       1 240       1 255 

Per-node process memory usage (in MBs) for PID 184964 (p10-avx-n384-pi)
                           Node 0          Node 1           Total
                  --------------- --------------- ---------------
Huge                         0.00            0.00            0.00
Heap                         1.47            0.66            2.13
Stack                        0.03            0.04            0.07
Private                  67929.11        77237.37       145166.48
----------------  --------------- --------------- ---------------
Total                    67930.61        77238.07       145168.68
utc=2026-09-12T23:40:12Z VmHWM:=148652728kB VmRSS:=148652728kB VmSwap:=0kB Threads:=71 
MemAvailable_kib=95421292
      1   0       1   2       1   8       2   9       1  12       1  16       1  17       1  32       1  34       1  36       1  41       1  47       1  48       1  49       1  55       1  56       1  57       1  58       2  65       1  66       2  72       2  73       1  80       1  81       1  83       1  88       2  89       1  90       1  96       1 100       2 104       1 107       1 111       1 113       1 118       1 119       1 120       2 121       1 126       1 128       1 132       1 137       1 139       1 146       1 151       2 153       2 154       2 161       1 168       1 174       1 178       1 191       2 192       1 203       1 210       2 225       1 233       1 240       1 255 

Per-node process memory usage (in MBs) for PID 184964 (p10-avx-n384-pi)
                           Node 0          Node 1           Total
                  --------------- --------------- ---------------
Huge                         0.00            0.00            0.00
Heap                         1.47            0.66            2.13
Stack                        0.03            0.04            0.07
Private                  67929.11        77237.37       145166.48
----------------  --------------- --------------- ---------------
Total                    67930.61        77238.07       145168.68
utc=2026-09-12T23:40:43Z VmHWM:=148652728kB VmRSS:=148652728kB VmSwap:=0kB Threads:=71 
MemAvailable_kib=95366660
      1   0       1   2       1   8       1   9       1  12       1  16       1  17       1  32       1  34       1  36       1  41       1  47       1  48       1  49       1  55       1  56       1  57       1  58       2  65       1  66       2  72       2  73       1  80       1  81       1  83       1  88       2  89       1  90       1  96       1  97       1 100       2 104       1 107       1 111       1 113       1 118       1 119       1 120       2 121       1 126       1 128       1 132       1 136       1 137       1 139       1 146       1 151       2 153       2 154       2 161       1 168       1 174       1 178       1 191       2 192       1 203       1 210       1 225       1 233       1 240       1 255 

Per-node process memory usage (in MBs) for PID 184964 (p10-avx-n384-pi)
                           Node 0          Node 1           Total
                  --------------- --------------- ---------------
Huge                         0.00            0.00            0.00
Heap                         1.47            0.66            2.13
Stack                        0.03            0.04            0.07
Private                  68251.27        76915.21       145166.48
----------------  --------------- --------------- ---------------
Total                    68252.77        76915.91       145168.68
utc=2026-09-12T23:41:14Z VmHWM:=148652728kB VmRSS:=148652728kB VmSwap:=0kB Threads:=71 
MemAvailable_kib=95387464
      1   0       1   2       1   8       1   9       1  12       1  16       1  17       1  32       1  36       1  41       1  47       1  48       1  49       1  55       1  56       1  57       1  58       2  65       1  66       2  72       2  73       1  80       1  81       1  83       1  88       2  89       1  90       1  96       1 100       1 104       1 107       1 111       1 113       1 118       1 119       1 120       2 121       1 126       1 128       1 132       1 136       1 137       1 139       1 146       1 151       2 153       2 154       2 161       1 162       1 168       1 174       1 178       1 191       2 192       1 203       1 210       2 225       1 232       1 233       1 240       1 255 

Per-node process memory usage (in MBs) for PID 184964 (p10-avx-n384-pi)
                           Node 0          Node 1           Total
                  --------------- --------------- ---------------
Huge                         0.00            0.00            0.00
Heap                         1.47            0.66            2.13
Stack                        0.03            0.04            0.07
Private                  68251.27        76915.21       145166.48
----------------  --------------- --------------- ---------------
Total                    68252.77        76915.91       145168.68
utc=2026-09-12T23:41:45Z VmHWM:=148652728kB VmRSS:=148652728kB VmSwap:=0kB Threads:=71 
MemAvailable_kib=95348756
      1   0       1   2       2   9       2  12       1  16       1  17       1  32       1  36       1  41       1  47       1  48       1  49       1  55       1  56       1  57       1  58       2  65       1  66       2  72       2  73       1  80       1  82       1  83       1  88       2  89       1  90       1  96       1  97       1 100       1 104       1 107       1 111       1 113       1 118       1 119       1 120       2 121       1 126       1 128       1 132       1 136       1 139       1 146       1 151       2 153       2 154       2 161       1 162       1 168       1 174       1 178       1 191       2 192       1 203       1 210       1 225       1 232       1 233       1 240       1 255 

Per-node process memory usage (in MBs) for PID 184964 (p10-avx-n384-pi)
                           Node 0          Node 1           Total
                  --------------- --------------- ---------------
Huge                         0.00            0.00            0.00
Heap                         1.47            0.66            2.13
Stack                        0.03            0.04            0.07
Private                  68100.81        77065.67       145166.48
----------------  --------------- --------------- ---------------
Total                    68102.31        77066.37       145168.68
utc=2026-09-12T23:42:16Z VmHWM:=148652728kB VmRSS:=148652728kB VmSwap:=0kB Threads:=71 
MemAvailable_kib=95363256
      1   0       1   2       1   8       2   9       2  12       1  16       1  17       1  32       1  36       1  41       1  47       1  48       1  49       1  55       1  56       1  57       1  58       2  65       1  66       2  72       2  73       1  80       1  82       1  83       1  88       2  89       1  90       1  96       1  97       1 100       1 104       1 107       1 111       1 113       1 118       1 119       1 120       2 121       1 126       1 128       1 132       1 139       1 146       1 151       2 153       2 154       2 161       1 162       1 168       1 174       1 178       1 191       2 192       1 203       1 210       1 225       1 232       1 233       1 240       1 255 

Per-node process memory usage (in MBs) for PID 184964 (p10-avx-n384-pi)
                           Node 0          Node 1           Total
                  --------------- --------------- ---------------
Huge                         0.00            0.00            0.00
Heap                         1.47            0.66            2.13
Stack                        0.03            0.04            0.07
Private                  68086.88        77079.60       145166.48
----------------  --------------- --------------- ---------------
Total                    68088.38        77080.30       145168.68
utc=2026-09-12T23:42:47Z VmHWM:=148652728kB VmRSS:=148652728kB VmSwap:=0kB Threads:=71 
MemAvailable_kib=95370748
      1   0       1   2       1   8       2   9       2  12       1  16       1  17       1  32       1  36       1  41       1  47       1  48       1  49       1  55       1  56       1  57       1  58       2  65       1  66       2  72       2  73       1  80       1  82       1  83       1  88       2  89       1  90       1  96       1  97       1 100       1 104       1 107       1 111       1 113       1 118       1 119       1 120       2 121       1 126       2 128       1 132       1 139       1 146       1 151       2 153       2 154       2 161       1 162       1 168       1 174       1 178       1 191       1 192       1 203       1 210       1 225       1 232       1 233       1 240       1 255 

Per-node process memory usage (in MBs) for PID 184964 (p10-avx-n384-pi)
                           Node 0          Node 1           Total
                  --------------- --------------- ---------------
Huge                         0.00            0.00            0.00
Heap                         1.47            0.66            2.13
Stack                        0.03            0.04            0.07
Private                  68094.32        77072.16       145166.48
----------------  --------------- --------------- ---------------
Total                    68095.82        77072.86       145168.68
utc=2026-09-12T23:43:18Z VmHWM:=148652728kB VmRSS:=148652728kB VmSwap:=0kB Threads:=71 
MemAvailable_kib=95379644
      1   0       1   2       1   8       1   9       2  12       1  16       1  17       1  32       1  36       1  41       1  47       1  48       1  49       1  55       1  56       1  57       1  58       2  65       1  66       2  72       2  73       1  80       1  83       1  88       2  89       1  90       1  96       1  97       1 100       1 104       1 107       1 111       1 113       1 118       1 119       1 120       2 121       1 126       2 128       1 132       1 137       1 139       1 146       1 151       2 153       2 154       2 161       1 162       1 168       1 174       1 178       1 191       1 192       1 203       2 210       1 225       1 232       1 233       1 240       1 255 

Per-node process memory usage (in MBs) for PID 184964 (p10-avx-n384-pi)
                           Node 0          Node 1           Total
                  --------------- --------------- ---------------
Huge                         0.00            0.00            0.00
Heap                         1.47            0.66            2.13
Stack                        0.03            0.04            0.07
Private                  68094.32        77072.15       145166.48
----------------  --------------- --------------- ---------------
Total                    68095.82        77072.85       145168.68
utc=2026-09-12T23:43:49Z VmHWM:=148652728kB VmRSS:=148652728kB VmSwap:=0kB Threads:=71 
MemAvailable_kib=95379028
      1   0       1   2       1   8       2   9       2  12       1  16       1  17       1  32       1  36       1  41       1  47       1  48       1  49       1  55       1  56       1  57       2  65       1  66       2  72       2  73       1  80       1  83       1  88       2  89       1  90       1  96       1 100       1 104       1 107       1 111       1 113       1 118       1 119       1 120       2 121       1 126       2 128       1 132       1 139       1 146       1 151       2 153       2 154       2 161       1 162       1 168       1 174       1 178       1 186       1 191       1 192       1 203       2 210       2 225       1 232       1 233       1 240       1 255 

Per-node process memory usage (in MBs) for PID 184964 (p10-avx-n384-pi)
                           Node 0          Node 1           Total
                  --------------- --------------- ---------------
Huge                         0.00            0.00            0.00
Heap                         1.46            0.66            2.13
Stack                        0.03            0.04            0.07
Private                  68148.54        77017.94       145166.48
----------------  --------------- --------------- ---------------
Total                    68150.04        77018.64       145168.68
utc=2026-09-12T23:44:20Z VmHWM:=148652728kB VmRSS:=148652728kB VmSwap:=0kB Threads:=71 
MemAvailable_kib=95383312
      1   0       1   2       1   8       1   9       1  12       1  16       1  17       1  32       1  36       1  41       1  47       1  48       1  49       1  55       1  56       1  57       2  65       1  66       2  72       2  73       1  80       1  83       1  88       2  89       1  90       1  96       1 100       1 104       1 107       1 111       1 113       1 118       1 119       1 120       2 121       1 126       1 128       1 132       1 137       1 139       1 140       1 146       1 151       2 153       2 154       2 161       1 162       1 168       1 174       1 178       1 186       1 191       2 192       1 203       2 210       2 225       1 232       1 233       1 240       1 255 

Per-node process memory usage (in MBs) for PID 184964 (p10-avx-n384-pi)
                           Node 0          Node 1           Total
                  --------------- --------------- ---------------
Huge                         0.00            0.00            0.00
Heap                         1.46            0.66            2.13
Stack                        0.03            0.04            0.07
Private                  68148.54        77017.94       145166.48
----------------  --------------- --------------- ---------------
Total                    68150.04        77018.64       145168.68
utc=2026-09-12T23:44:51Z VmHWM:=148652728kB VmRSS:=148652728kB VmSwap:=0kB Threads:=71 
MemAvailable_kib=95382832
      2   0       1   2       1   8       1   9       1  12       1  16       1  17       1  32       1  36       1  41       1  47       1  48       1  49       1  55       1  56       1  57       1  58       2  65       1  66       2  72       2  73       1  83       1  88       2  89       1  90       1  96       1 100       2 104       1 111       1 113       1 118       1 119       1 120       2 121       1 126       1 128       1 132       1 137       1 139       1 146       1 151       2 153       2 154       2 161       1 162       1 168       1 174       1 178       1 191       2 192       1 203       1 208       2 210       2 225       1 233       1 235       1 240       1 255 

Per-node process memory usage (in MBs) for PID 184964 (p10-avx-n384-pi)
                           Node 0          Node 1           Total
                  --------------- --------------- ---------------
Huge                         0.00            0.00            0.00
Heap                         1.48            0.64            2.13
Stack                        0.03            0.04            0.07
Private                  68171.96        76994.51       145166.48
----------------  --------------- --------------- ---------------
Total                    68173.48        76995.20       145168.68
utc=2026-09-12T23:45:22Z VmHWM:=148652728kB VmRSS:=148652728kB VmSwap:=0kB Threads:=71 
MemAvailable_kib=95389656
      1   0       1   2       1   8       2   9       1  12       1  16       1  17       1  32       1  36       1  41       1  47       1  48       1  49       1  55       1  56       1  57       2  65       1  66       2  72       2  73       1  83       1  88       2  89       1  90       1  96       1 100       2 104       1 111       1 113       1 118       1 119       1 120       2 121       1 126       1 128       2 129       1 132       1 139       1 146       1 151       2 153       2 154       2 161       1 162       1 168       1 174       1 178       1 186       1 191       1 192       1 203       1 208       2 210       2 225       1 233       1 235       1 240       1 255 

Per-node process memory usage (in MBs) for PID 184964 (p10-avx-n384-pi)
                           Node 0          Node 1           Total
                  --------------- --------------- ---------------
Huge                         0.00            0.00            0.00
Heap                         1.48            0.64            2.13
Stack                        0.03            0.04            0.07
Private                  68237.84        76928.63       145166.48
----------------  --------------- --------------- ---------------
Total                    68239.36        76929.32       145168.68
utc=2026-09-12T23:45:53Z VmHWM:=148652728kB VmRSS:=148652728kB VmSwap:=0kB Threads:=71 
MemAvailable_kib=95406712
      1   0       1   1       1   2       1   8       2   9       1  12       1  16       1  17       1  32       1  36       1  41       1  47       1  48       1  49       1  55       1  56       1  57       2  65       1  66       2  72       2  73       1  83       1  88       2  89       1  90       1  96       1 100       2 104       1 111       1 113       1 118       1 119       1 120       2 121       1 126       1 128       1 129       1 132       1 139       1 146       1 151       2 153       2 154       2 161       1 162       1 168       1 174       1 178       1 186       1 191       1 192       1 203       1 208       2 210       2 225       1 233       1 235       1 240       1 255 

Per-node process memory usage (in MBs) for PID 184964 (p10-avx-n384-pi)
                           Node 0          Node 1           Total
                  --------------- --------------- ---------------
Huge                         0.00            0.00            0.00
Heap                         1.48            0.64            2.13
Stack                        0.03            0.04            0.07
Private                  68237.84        76928.63       145166.48
----------------  --------------- --------------- ---------------
Total                    68239.36        76929.32       145168.68
utc=2026-09-12T23:46:24Z VmHWM:=148652728kB VmRSS:=148652728kB VmSwap:=0kB Threads:=71 
MemAvailable_kib=95416612
      1   0       1   1       1   2       1   8       2   9       1  12       1  16       1  17       1  32       1  36       1  41       1  47       1  48       1  49       1  55       1  56       1  57       1  58       2  65       1  66       2  72       2  73       1  83       1  88       2  89       1  90       1  96       1 100       2 104       1 111       1 113       1 118       1 119       1 120       2 121       1 126       1 128       1 129       1 132       1 139       1 146       1 151       2 153       2 154       2 161       1 162       1 168       1 174       1 178       1 191       1 192       1 203       1 208       2 210       2 225       1 233       1 235       1 240       1 255 

Per-node process memory usage (in MBs) for PID 184964 (p10-avx-n384-pi)
                           Node 0          Node 1           Total
                  --------------- --------------- ---------------
Huge                         0.00            0.00            0.00
Heap                         1.48            0.64            2.13
Stack                        0.03            0.04            0.07
Private                  68246.80        76919.68       145166.48
----------------  --------------- --------------- ---------------
Total                    68248.32        76920.36       145168.68
utc=2026-09-12T23:46:55Z VmHWM:=148652728kB VmRSS:=148652728kB VmSwap:=0kB Threads:=71 
MemAvailable_kib=95421484
      1   0       1   2       1   8       1   9       1  12       1  16       1  17       1  32       1  36       1  41       1  47       1  48       1  49       1  55       1  56       1  57       1  58       1  64       2  65       1  66       2  72       2  73       1  83       1  88       2  89       1  90       1  96       1 100       2 104       1 111       1 113       1 118       1 119       1 120       2 121       1 126       1 128       2 129       1 132       1 139       1 146       1 151       2 153       2 154       2 161       1 162       1 168       1 174       1 178       1 191       1 192       1 203       1 208       2 210       2 225       1 233       1 235       1 240       1 255 

Per-node process memory usage (in MBs) for PID 184964 (p10-avx-n384-pi)
                           Node 0          Node 1           Total
                  --------------- --------------- ---------------
Huge                         0.00            0.00            0.00
Heap                         1.48            0.64            2.13
Stack                        0.03            0.04            0.07
Private                  68246.80        76919.68       145166.48
----------------  --------------- --------------- ---------------
Total                    68248.32        76920.36       145168.68
utc=2026-09-12T23:47:26Z VmHWM:=148652728kB VmRSS:=148652728kB VmSwap:=0kB Threads:=71 
MemAvailable_kib=95421592
      1   0       1   1       2   2       1   8       1   9       1  12       1  16       1  17       1  32       1  36       1  41       1  47       1  48       1  49       1  55       1  56       1  57       1  58       2  65       1  66       2  72       2  73       1  83       1  88       2  89       1  90       1  96       1 100       2 104       1 111       1 113       1 118       1 119       1 120       2 121       1 126       1 129       1 132       1 139       1 146       1 151       2 153       2 154       2 161       1 162       1 168       1 174       1 178       1 191       2 192       1 203       1 208       2 210       2 225       1 233       1 235       1 240       1 255 

Per-node process memory usage (in MBs) for PID 184964 (p10-avx-n384-pi)
                           Node 0          Node 1           Total
                  --------------- --------------- ---------------
Huge                         0.00            0.00            0.00
Heap                         1.48            0.64            2.13
Stack                        0.03            0.04            0.07
Private                  68246.80        76919.68       145166.48
----------------  --------------- --------------- ---------------
Total                    68248.32        76920.36       145168.68
utc=2026-09-12T23:47:57Z VmHWM:=148652728kB VmRSS:=148652728kB VmSwap:=0kB Threads:=71 
MemAvailable_kib=95417748
      1   0       1   1       2   2       1   8       1   9       1  12       1  16       1  17       1  32       1  36       1  41       1  47       1  48       1  49       1  55       1  56       1  57       1  58       2  65       1  66       2  72       2  73       1  83       1  88       2  89       1  90       1  96       1 100       2 104       1 111       1 113       1 118       1 119       1 120       2 121       1 126       1 129       1 132       1 139       1 146       1 151       2 153       2 154       2 161       1 162       1 168       1 174       1 178       1 191       2 192       1 203       1 208       2 210       2 225       1 233       1 235       1 240       1 255 

Per-node process memory usage (in MBs) for PID 184964 (p10-avx-n384-pi)
                           Node 0          Node 1           Total
                  --------------- --------------- ---------------
Huge                         0.00            0.00            0.00
Heap                         1.48            0.64            2.13
Stack                        0.03            0.04            0.07
Private                  68246.80        76919.68       145166.48
----------------  --------------- --------------- ---------------
Total                    68248.32        76920.36       145168.68
utc=2026-09-12T23:48:28Z VmHWM:=148652728kB VmRSS:=148652728kB VmSwap:=0kB Threads:=71 
MemAvailable_kib=95416440
      1   0       1   1       2   2       1   8       1   9       1  12       1  16       1  17       1  32       1  36       1  41       1  47       1  48       1  49       1  55       1  56       1  57       1  58       2  65       1  66       2  72       2  73       1  83       1  88       2  89       1  90       1  96       1 100       2 104       1 111       1 113       1 118       1 119       1 120       2 121       1 126       1 129       1 132       1 139       1 146       1 151       2 153       2 154       2 161       1 162       1 168       1 174       1 178       1 191       2 192       1 203       1 208       2 210       2 225       1 233       1 235       1 240       1 255 

Per-node process memory usage (in MBs) for PID 184964 (p10-avx-n384-pi)
                           Node 0          Node 1           Total
                  --------------- --------------- ---------------
Huge                         0.00            0.00            0.00
Heap                         1.48            0.64            2.13
Stack                        0.03            0.04            0.07
Private                  68254.55        76911.93       145166.48
----------------  --------------- --------------- ---------------
Total                    68256.07        76912.61       145168.68
utc=2026-09-12T23:48:59Z VmHWM:=148652728kB VmRSS:=148652728kB VmSwap:=0kB Threads:=71 
MemAvailable_kib=95423728
      1   0       1   1       2   2       1   8       1   9       1  12       1  16       1  17       1  32       1  36       1  41       1  47       1  48       1  49       1  55       1  56       1  57       1  58       2  65       1  66       2  72       2  73       1  83       1  88       2  89       1  90       1  96       1 100       2 104       1 111       1 113       1 118       1 119       1 120       2 121       1 126       1 129       1 132       1 139       1 146       1 151       2 153       2 154       2 161       1 162       1 168       1 174       1 178       1 191       2 192       1 203       1 208       2 210       2 225       1 233       1 235       1 240       1 255 

Per-node process memory usage (in MBs) for PID 184964 (p10-avx-n384-pi)
                           Node 0          Node 1           Total
                  --------------- --------------- ---------------
Huge                         0.00            0.00            0.00
Heap                         1.48            0.64            2.13
Stack                        0.03            0.04            0.07
Private                  68258.39        76908.09       145166.48
----------------  --------------- --------------- ---------------
Total                    68259.91        76908.77       145168.68
utc=2026-09-12T23:49:30Z VmHWM:=148652728kB VmRSS:=148652728kB VmSwap:=0kB Threads:=71 
MemAvailable_kib=95420784
      1   1       1   2       1   3       1   8       1   9       1  12       1  16       1  17       1  26       1  32       1  36       1  41       1  47       1  48       1  49       1  55       1  56       1  57       1  58       1  65       1  66       2  72       2  73       1  75       1  83       1  88       2  89       1  90       1  96       1  97       1 100       2 104       1 111       1 113       1 118       1 119       1 120       2 121       1 126       1 128       1 129       1 132       1 139       1 146       1 151       2 153       1 154       2 161       1 162       1 168       1 174       1 178       1 191       2 192       1 194       1 208       2 210       1 225       1 233       1 235       1 240       1 255 

Per-node process memory usage (in MBs) for PID 184964 (p10-avx-n384-pi)
                           Node 0          Node 1           Total
                  --------------- --------------- ---------------
Huge                         0.00            0.00            0.00
Heap                         1.51            0.62            2.13
Stack                        0.03            0.04            0.07
Private                  68263.20        76903.28       145166.48
----------------  --------------- --------------- ---------------
Total                    68264.74        76903.94       145168.68
utc=2026-09-12T23:50:01Z VmHWM:=148652728kB VmRSS:=148652728kB VmSwap:=0kB Threads:=71 
MemAvailable_kib=95422112
      1   1       1   3       2   8       1   9       1  12       1  16       1  17       1  26       1  32       1  36       1  40       1  41       1  47       1  48       1  49       1  55       1  56       1  57       1  58       1  64       1  65       1  66       2  72       2  73       1  75       1  83       1  88       2  89       1  90       1  96       1  97       1 100       2 104       1 111       1 113       1 118       1 119       1 120       2 121       1 126       1 129       1 132       1 139       1 146       1 151       2 153       1 154       2 161       1 162       1 168       1 174       1 178       1 191       1 192       1 194       1 208       2 210       1 225       1 233       1 235       1 240       1 255 

Per-node process memory usage (in MBs) for PID 184964 (p10-avx-n384-pi)
                           Node 0          Node 1           Total
                  --------------- --------------- ---------------
Huge                         0.00            0.00            0.00
Heap                         1.49            0.64            2.13
Stack                        0.03            0.04            0.07
Private                  68264.36        76902.11       145166.48
----------------  --------------- --------------- ---------------
Total                    68265.88        76902.79       145168.68
utc=2026-09-12T23:50:32Z VmHWM:=148652728kB VmRSS:=148652728kB VmSwap:=0kB Threads:=71 
MemAvailable_kib=95424328
      1   1       1   3       1   8       1   9       1  12       1  16       1  17       1  26       1  32       1  36       1  40       1  41       1  47       1  48       1  49       1  55       1  56       1  57       1  58       2  64       1  65       1  66       2  72       2  73       1  75       1  83       1  88       2  89       1  90       1  96       1  97       1 100       2 104       1 111       1 113       1 118       1 119       1 120       2 121       1 126       1 129       1 132       1 139       1 146       1 151       2 153       1 154       2 161       1 162       1 168       1 174       1 178       1 191       1 192       1 194       1 208       2 210       1 225       1 233       1 235       1 240       1 255 

Per-node process memory usage (in MBs) for PID 184964 (p10-avx-n384-pi)
                           Node 0          Node 1           Total
                  --------------- --------------- ---------------
Huge                         0.00            0.00            0.00
Heap                         1.49            0.64            2.13
Stack                        0.03            0.04            0.07
Private                  68262.57        76903.90       145166.48
----------------  --------------- --------------- ---------------
Total                    68264.09        76904.58       145168.68
utc=2026-09-12T23:51:03Z VmHWM:=148652728kB VmRSS:=148652728kB VmSwap:=0kB Threads:=71 
MemAvailable_kib=95425372
      1   1       1   3       1   8       1   9       1  12       1  16       1  17       1  26       1  32       1  36       1  40       1  41       1  47       1  48       1  49       1  55       1  56       1  57       1  58       1  64       1  65       1  66       2  72       2  73       1  75       1  83       1  88       2  89       1  90       1  96       1  97       1 100       2 104       1 111       1 113       1 118       1 119       1 120       2 121       1 126       1 129       1 132       1 139       1 146       1 151       2 153       1 154       2 161       1 162       1 168       1 174       1 178       1 191       2 192       1 194       1 208       2 210       1 225       1 233       1 235       1 240       1 255 

Per-node process memory usage (in MBs) for PID 184964 (p10-avx-n384-pi)
                           Node 0          Node 1           Total
                  --------------- --------------- ---------------
Huge                         0.00            0.00            0.00
Heap                         1.49            0.64            2.13
Stack                        0.03            0.04            0.07
Private                  68262.42        76904.05       145166.48
----------------  --------------- --------------- ---------------
Total                    68263.94        76904.74       145168.68
utc=2026-09-12T23:51:34Z VmHWM:=148652728kB VmRSS:=148652728kB VmSwap:=0kB Threads:=71 
MemAvailable_kib=95427284
      1   1       1   3       1   8       1   9       1  12       1  16       1  17       1  26       1  32       1  36       1  40       1  41       1  47       1  48       1  49       1  55       1  56       1  57       1  58       2  64       1  65       1  66       2  72       2  73       1  75       1  83       1  88       2  89       1  90       1  96       1  97       1 100       2 104       1 111       1 113       1 118       1 119       1 120       2 121       1 126       1 129       1 132       1 139       1 146       1 151       2 153       1 154       2 161       1 162       1 168       1 174       1 178       1 191       1 192       1 194       1 208       2 210       1 225       1 233       1 235       1 240       1 255 

Per-node process memory usage (in MBs) for PID 184964 (p10-avx-n384-pi)
                           Node 0          Node 1           Total
                  --------------- --------------- ---------------
Huge                         0.00            0.00            0.00
Heap                         1.48            0.64            2.13
Stack                        0.02            0.05            0.07
Private                  68262.42        76904.05       145166.48
----------------  --------------- --------------- ---------------
Total                    68263.93        76904.75       145168.68
utc=2026-09-12T23:52:05Z VmHWM:=148652728kB VmRSS:=148652728kB VmSwap:=0kB Threads:=71 
MemAvailable_kib=95427732
      1   1       1   3       1   8       1   9       1  12       1  16       1  17       1  26       1  32       1  36       1  40       1  41       1  47       1  48       1  49       1  55       1  56       1  57       1  58       2  64       1  65       1  66       2  72       2  73       1  75       1  83       1  88       2  89       1  90       1  96       1  97       1 100       2 104       1 111       1 113       1 118       1 119       1 120       2 121       1 126       1 129       1 132       1 139       1 146       1 151       2 153       1 154       2 161       1 162       1 168       1 174       1 178       1 191       1 192       1 194       1 208       2 210       1 225       1 233       1 235       1 240       1 255 

Per-node process memory usage (in MBs) for PID 184964 (p10-avx-n384-pi)
                           Node 0          Node 1           Total
                  --------------- --------------- ---------------
Huge                         0.00            0.00            0.00
Heap                         1.48            0.64            2.13
Stack                        0.02            0.05            0.07
Private                  68262.42        76904.05       145166.48
----------------  --------------- --------------- ---------------
Total                    68263.93        76904.75       145168.68
utc=2026-09-12T23:52:36Z VmHWM:=148652728kB VmRSS:=148652728kB VmSwap:=0kB Threads:=71 
MemAvailable_kib=95427348
      1   1       1   3       1   8       1   9       1  12       1  16       1  17       1  26       1  32       1  36       1  40       1  41       1  47       1  48       1  49       1  55       1  56       1  57       1  58       2  64       1  65       1  66       2  72       2  73       1  75       1  83       1  88       2  89       1  90       1  96       1  97       1 100       2 104       1 111       1 113       1 118       1 119       1 120       2 121       1 126       1 129       1 132       1 139       1 146       1 151       2 153       1 154       2 161       1 162       1 168       1 174       1 178       1 191       1 192       1 194       1 208       2 210       1 225       1 233       1 235       1 240       1 255 

Per-node process memory usage (in MBs) for PID 184964 (p10-avx-n384-pi)
                           Node 0          Node 1           Total
                  --------------- --------------- ---------------
Huge                         0.00            0.00            0.00
Heap                         1.48            0.64            2.13
Stack                        0.02            0.05            0.07
Private                  68262.42        76904.05       145166.48
----------------  --------------- --------------- ---------------
Total                    68263.93        76904.75       145168.68
utc=2026-09-12T23:53:07Z VmHWM:=148652728kB VmRSS:=148652728kB VmSwap:=0kB Threads:=71 
MemAvailable_kib=95428468
      1   1       1   3       1   8       1   9       1  12       1  16       1  17       1  26       1  32       1  36       1  40       1  41       1  47       1  48       1  49       1  55       1  56       1  57       1  58       2  64       1  65       1  66       2  72       2  73       1  75       1  83       1  88       2  89       1  90       1  96       1  97       1 100       2 104       1 111       1 113       1 118       1 119       1 120       2 121       1 126       1 129       1 132       1 139       1 146       1 151       2 153       1 154       2 161       1 162       1 168       1 174       1 178       1 191       1 192       1 194       1 208       2 210       1 225       1 233       1 235       1 240       1 255 

Per-node process memory usage (in MBs) for PID 184964 (p10-avx-n384-pi)
                           Node 0          Node 1           Total
                  --------------- --------------- ---------------
Huge                         0.00            0.00            0.00
Heap                         1.48            0.64            2.13
Stack                        0.02            0.05            0.07
Private                  68258.63        76907.85       145166.48
----------------  --------------- --------------- ---------------
Total                    68260.13        76908.55       145168.68
utc=2026-09-12T23:53:38Z VmHWM:=148652728kB VmRSS:=148652728kB VmSwap:=0kB Threads:=71 
MemAvailable_kib=95429844
      1   1       1   3       1   8       1   9       1  12       1  16       1  17       1  26       1  32       1  36       1  40       1  41       1  47       1  48       1  49       1  55       1  56       1  57       1  58       2  64       1  65       1  66       2  72       2  73       1  75       1  83       1  88       2  89       1  90       1  96       1  97       1 100       2 104       1 111       1 113       1 118       1 119       1 120       2 121       1 126       1 129       1 132       1 139       1 146       1 151       2 153       1 154       2 161       1 162       1 168       1 174       1 178       1 191       1 192       1 194       1 208       2 210       1 225       1 233       1 235       1 240       1 255 

Per-node process memory usage (in MBs) for PID 184964 (p10-avx-n384-pi)
                           Node 0          Node 1           Total
                  --------------- --------------- ---------------
Huge                         0.00            0.00            0.00
Heap                         1.48            0.64            2.13
Stack                        0.02            0.05            0.07
Private                  68256.86        76909.62       145166.48
----------------  --------------- --------------- ---------------
Total                    68258.36        76910.32       145168.68
utc=2026-09-12T23:54:09Z VmHWM:=148652728kB VmRSS:=148652728kB VmSwap:=0kB Threads:=71 
MemAvailable_kib=95426112
      1   0       1   1       1   3       1   8       1   9       1  12       1  16       1  17       1  18       1  26       1  32       1  36       1  40       1  41       1  47       1  48       1  49       1  55       1  56       1  57       1  58       2  64       1  66       1  70       1  72       2  73       1  75       1  83       1  88       2  89       1  90       1  96       1  97       1 100       2 104       1 111       1 113       1 118       1 119       1 120       2 121       1 126       1 132       1 139       1 151       2 153       1 154       2 161       1 162       1 168       1 174       1 178       1 191       1 192       1 194       1 200       1 208       2 210       1 225       1 233       1 235       1 240       1 255 

Per-node process memory usage (in MBs) for PID 184964 (p10-avx-n384-pi)
                           Node 0          Node 1           Total
                  --------------- --------------- ---------------
Huge                         0.00            0.00            0.00
Heap                         1.48            0.64            2.13
Stack                        0.02            0.05            0.07
Private                  68263.64        76902.84       145166.48
----------------  --------------- --------------- ---------------
Total                    68265.14        76903.54       145168.68
utc=2026-09-12T23:54:40Z VmHWM:=148652728kB VmRSS:=148652728kB VmSwap:=0kB Threads:=71 
MemAvailable_kib=95417288
      1   1       2   3       1   8       1   9       1  12       1  16       1  17       1  18       1  26       1  32       1  40       1  41       1  47       1  48       1  49       1  55       1  56       1  57       1  58       1  64       1  66       1  70       2  72       2  73       1  75       1  83       1  88       2  89       1  90       1  96       1  97       1 100       2 104       1 111       1 113       1 118       1 119       1 120       2 121       1 126       1 128       1 132       1 139       1 151       2 153       1 154       2 161       1 162       1 164       1 168       1 174       1 178       1 191       1 192       1 194       1 208       2 210       1 225       1 233       1 235       1 240       1 255 

Per-node process memory usage (in MBs) for PID 184964 (p10-avx-n384-pi)
                           Node 0          Node 1           Total
                  --------------- --------------- ---------------
Huge                         0.00            0.00            0.00
Heap                         1.48            0.64            2.13
Stack                        0.02            0.05            0.07
Private                  68278.72        76887.75       145166.48
----------------  --------------- --------------- ---------------
Total                    68280.22        76888.45       145168.68
utc=2026-09-12T23:55:11Z VmHWM:=148652728kB VmRSS:=148652728kB VmSwap:=0kB Threads:=71 
MemAvailable_kib=95429952
      1   2       1   3       2   8       1   9       1  12       1  16       1  17       1  18       1  26       1  32       1  37       1  40       1  41       1  47       1  48       1  49       1  55       1  56       1  57       1  58       1  64       1  66       1  70       2  72       2  73       1  75       1  83       1  88       2  89       1  90       1  96       1  97       1 100       2 104       1 111       1 113       1 118       1 119       1 120       2 121       1 126       1 128       1 132       1 139       1 151       2 153       1 154       1 161       1 162       1 164       1 168       1 174       1 178       1 191       1 192       1 194       1 208       2 210       1 225       1 233       1 235       1 240       1 255 

Per-node process memory usage (in MBs) for PID 184964 (p10-avx-n384-pi)
                           Node 0          Node 1           Total
                  --------------- --------------- ---------------
Huge                         0.00            0.00            0.00
Heap                         1.48            0.64            2.13
Stack                        0.02            0.05            0.07
Private                  68278.72        76887.75       145166.48
----------------  --------------- --------------- ---------------
Total                    68280.23        76888.45       145168.68
utc=2026-09-12T23:55:42Z VmHWM:=148652728kB VmRSS:=148652728kB VmSwap:=0kB Threads:=71 
MemAvailable_kib=95419392
      1   2       1   3       2   8       1   9       1  12       1  16       1  17       1  18       1  26       1  32       1  37       1  40       1  41       1  47       1  48       1  49       1  55       1  56       1  57       1  64       1  70       2  72       2  73       1  75       1  83       1  88       2  89       1  90       1  96       1  97       1 100       2 104       1 111       1 113       1 118       1 119       1 120       2 121       1 126       1 128       1 132       1 139       1 151       2 153       1 154       1 161       1 162       1 164       1 168       1 174       1 178       1 186       1 191       1 192       2 194       1 208       2 210       1 225       1 233       1 235       1 240       1 255 

Per-node process memory usage (in MBs) for PID 184964 (p10-avx-n384-pi)
                           Node 0          Node 1           Total
                  --------------- --------------- ---------------
Huge                         0.00            0.00            0.00
Heap                         1.49            0.64            2.13
Stack                        0.02            0.05            0.07
Private                  68278.88        76887.60       145166.48
----------------  --------------- --------------- ---------------
Total                    68280.38        76888.29       145168.68
utc=2026-09-12T23:56:13Z VmHWM:=148652728kB VmRSS:=148652728kB VmSwap:=0kB Threads:=71 
MemAvailable_kib=95425364
      1   2       1   3       1   8       2   9       1  12       1  16       1  17       1  18       1  26       1  32       1  34       1  37       1  40       1  41       1  47       1  48       1  49       1  55       1  56       1  57       1  64       1  70       2  72       2  73       1  75       1  83       1  88       2  89       1  90       1  96       1  97       1 100       2 104       1 105       1 111       1 112       1 113       1 118       1 119       1 120       2 121       1 126       1 128       1 132       1 139       1 151       2 153       1 154       1 161       1 164       1 168       1 174       1 178       1 186       1 191       1 192       2 194       1 208       2 210       1 225       1 233       1 255 

Per-node process memory usage (in MBs) for PID 184964 (p10-avx-n384-pi)
                           Node 0          Node 1           Total
                  --------------- --------------- ---------------
Huge                         0.00            0.00            0.00
Heap                         1.49            0.64            2.13
Stack                        0.02            0.05            0.07
Private                  68281.37        76885.11       145166.48
----------------  --------------- --------------- ---------------
Total                    68282.88        76885.80       145168.68
utc=2026-09-12T23:56:44Z VmHWM:=148652728kB VmRSS:=148652728kB VmSwap:=0kB Threads:=71 
MemAvailable_kib=95428632
      1   2       1   3       1   8       2   9       1  12       1  16       1  17       1  18       1  26       1  32       1  34       1  37       1  40       1  41       1  47       1  48       1  49       1  55       1  56       1  57       2  64       1  70       2  72       2  73       1  75       1  83       1  88       2  89       1  90       1  96       1  97       1 100       2 104       1 105       1 111       1 112       1 113       1 118       1 119       1 120       2 121       1 126       1 128       1 132       1 139       1 151       2 153       1 154       1 161       1 164       1 168       1 174       1 178       1 186       1 191       2 194       1 208       2 210       1 225       1 233       1 255 

Per-node process memory usage (in MBs) for PID 184964 (p10-avx-n384-pi)
                           Node 0          Node 1           Total
                  --------------- --------------- ---------------
Huge                         0.00            0.00            0.00
Heap                         1.49            0.64            2.13
Stack                        0.02            0.05            0.07
Private                  68284.14        76882.34       145166.48
----------------  --------------- --------------- ---------------
Total                    68285.65        76883.03       145168.68
utc=2026-09-12T23:57:15Z VmHWM:=148652728kB VmRSS:=148652728kB VmSwap:=0kB Threads:=71 
MemAvailable_kib=95428816
      1   2       1   3       1   8       2   9       1  12       1  16       1  17       1  18       1  26       1  32       1  34       1  37       1  40       1  41       1  47       1  48       1  49       1  55       1  56       1  57       2  64       1  70       2  72       2  73       1  75       1  83       1  88       2  89       1  90       1  96       1  97       1 100       2 104       1 105       1 111       1 112       1 113       1 118       1 119       1 120       2 121       1 126       1 128       1 132       1 139       1 151       2 153       1 154       1 161       1 164       1 168       1 174       1 178       1 186       1 191       2 194       1 208       2 210       1 225       1 233       1 255 

Per-node process memory usage (in MBs) for PID 184964 (p10-avx-n384-pi)
                           Node 0          Node 1           Total
                  --------------- --------------- ---------------
Huge                         0.00            0.00            0.00
Heap                         1.49            0.64            2.13
Stack                        0.03            0.04            0.07
Private                  68284.14        76882.34       145166.48
----------------  --------------- --------------- ---------------
Total                    68285.66        76883.02       145168.68
utc=2026-09-12T23:57:46Z VmHWM:=148652728kB VmRSS:=148652728kB VmSwap:=0kB Threads:=71 
MemAvailable_kib=95422796
      1   1       1   3       1   8       2   9       1  12       1  16       1  17       1  18       1  26       1  32       1  37       1  40       1  41       1  47       1  48       1  49       1  55       1  56       1  57       1  58       2  64       1  70       2  72       2  73       1  75       1  83       1  88       2  89       1  90       1  96       1  97       1 100       2 104       1 105       1 111       1 112       1 113       1 118       1 119       1 120       2 121       1 126       1 128       1 132       1 139       1 151       2 153       1 154       1 161       1 162       1 164       1 168       1 174       1 178       1 191       2 194       1 208       2 210       1 225       1 233       1 255 

Per-node process memory usage (in MBs) for PID 184964 (p10-avx-n384-pi)
                           Node 0          Node 1           Total
                  --------------- --------------- ---------------
Huge                         0.00            0.00            0.00
Heap                         1.49            0.64            2.13
Stack                        0.03            0.04            0.07
Private                  68285.07        76881.41       145166.48
----------------  --------------- --------------- ---------------
Total                    68286.59        76882.09       145168.68
utc=2026-09-12T23:58:17Z VmHWM:=148652728kB VmRSS:=148652728kB VmSwap:=0kB Threads:=71 
MemAvailable_kib=95431268
      1   3       1   8       2   9       1  12       1  16       1  17       1  18       1  26       1  32       1  37       1  40       1  41       1  47       1  48       1  49       1  55       1  56       1  57       1  58       1  64       1  70       2  72       2  73       1  75       1  83       1  88       2  89       1  90       1  96       1  97       1 100       2 104       1 105       1 111       1 112       1 113       1 118       1 119       1 120       2 121       1 126       1 128       1 129       1 132       1 139       1 151       2 153       1 154       1 161       1 162       1 164       1 168       1 174       1 178       1 191       1 192       2 194       1 208       2 210       1 225       1 233       1 255 

Per-node process memory usage (in MBs) for PID 184964 (p10-avx-n384-pi)
                           Node 0          Node 1           Total
                  --------------- --------------- ---------------
Huge                         0.00            0.00            0.00
Heap                         1.49            0.64            2.13
Stack                        0.03            0.04            0.07
Private                  68285.07        76881.41       145166.48
----------------  --------------- --------------- ---------------
Total                    68286.59        76882.09       145168.68
utc=2026-09-12T23:58:48Z VmHWM:=148652728kB VmRSS:=148652728kB VmSwap:=0kB Threads:=71 
MemAvailable_kib=95419012
      1   3       1   8       2   9       1  12       1  16       1  17       1  18       1  26       1  32       1  37       1  40       1  41       1  47       1  48       1  49       1  55       1  56       1  57       1  58       2  64       1  70       2  72       2  73       1  75       1  83       1  88       2  89       1  90       1  96       1  97       1 100       2 104       1 105       1 111       1 112       1 113       1 118       1 119       1 120       2 121       1 126       1 128       1 129       1 132       1 139       1 151       2 153       1 154       1 161       1 162       1 164       1 168       1 174       1 178       1 191       2 194       1 208       2 210       1 225       1 233       1 255 

Per-node process memory usage (in MBs) for PID 184964 (p10-avx-n384-pi)
                           Node 0          Node 1           Total
                  --------------- --------------- ---------------
Huge                         0.00            0.00            0.00
Heap                         1.49            0.64            2.13
Stack                        0.03            0.04            0.07
Private                  68292.72        76873.75       145166.48
----------------  --------------- --------------- ---------------
Total                    68294.24        76874.43       145168.68
utc=2026-09-12T23:59:19Z VmHWM:=148652728kB VmRSS:=148652728kB VmSwap:=0kB Threads:=71 
MemAvailable_kib=95416660
      1   1       1   3       1   8       2   9       1  12       1  16       1  17       1  18       1  26       1  32       1  34       1  37       1  40       1  41       1  47       1  48       1  49       1  55       1  56       1  57       1  58       1  64       2  72       2  73       1  75       1  83       1  88       2  89       1  90       1  96       1  97       1 100       2 104       1 111       1 112       1 113       1 118       1 119       1 120       2 121       1 126       1 128       1 132       1 139       1 151       2 153       1 154       1 161       1 164       1 168       1 174       1 178       1 191       1 192       2 194       1 198       1 208       2 210       1 225       2 233       1 255 

Per-node process memory usage (in MBs) for PID 184964 (p10-avx-n384-pi)
                           Node 0          Node 1           Total
                  --------------- --------------- ---------------
Huge                         0.00            0.00            0.00
Heap                         1.49            0.64            2.13
Stack                        0.03            0.04            0.07
Private                  68292.72        76873.75       145166.48
----------------  --------------- --------------- ---------------
Total                    68294.24        76874.43       145168.68
utc=2026-09-12T23:59:50Z VmHWM:=148652728kB VmRSS:=148652728kB VmSwap:=0kB Threads:=71 
MemAvailable_kib=95399752
      1   1       1   3       1   8       2   9       1  12       1  16       1  17       1  18       1  26       1  32       1  34       1  40       1  41       1  47       1  48       1  49       1  55       1  56       1  57       1  58       1  64       2  72       2  73       1  75       1  83       1  88       2  89       1  90       1  96       1  97       1 100       2 104       1 111       1 112       1 113       1 118       1 119       1 120       2 121       1 126       1 128       1 132       1 139       1 151       2 153       1 154       1 161       1 164       1 165       1 168       1 174       1 178       1 191       1 192       2 194       1 198       1 208       2 210       1 225       2 233       1 255 

Per-node process memory usage (in MBs) for PID 184964 (p10-avx-n384-pi)
                           Node 0          Node 1           Total
                  --------------- --------------- ---------------
Huge                         0.00            0.00            0.00
Heap                         1.49            0.64            2.13
Stack                        0.03            0.04            0.07
Private                  68292.72        76873.75       145166.48
----------------  --------------- --------------- ---------------
Total                    68294.24        76874.43       145168.68
utc=2026-09-13T00:00:21Z VmHWM:=148652728kB VmRSS:=148652728kB VmSwap:=0kB Threads:=71 
MemAvailable_kib=95360080
      1   1       1   3       1   8       2   9       1  12       1  16       1  17       1  18       1  26       1  32       1  40       1  41       1  47       1  48       1  49       1  55       1  56       1  57       1  63       1  64       2  72       2  73       1  75       1  83       1  88       2  89       1  90       1  96       1  97       1 100       2 104       1 111       1 112       1 113       1 118       1 119       1 120       2 121       1 126       1 128       1 132       1 139       1 151       2 153       1 154       1 161       1 162       1 164       1 165       1 168       1 174       1 178       1 186       1 192       2 194       1 198       1 208       2 210       1 225       2 233       1 255 

Per-node process memory usage (in MBs) for PID 184964 (p10-avx-n384-pi)
                           Node 0          Node 1           Total
                  --------------- --------------- ---------------
Huge                         0.00            0.00            0.00
Heap                         1.49            0.64            2.13
Stack                        0.03            0.04            0.07
Private                  68403.50        76762.98       145166.48
----------------  --------------- --------------- ---------------
Total                    68405.02        76763.66       145168.68
utc=2026-09-13T00:00:52Z VmHWM:=148652728kB VmRSS:=148652728kB VmSwap:=0kB Threads:=71 
MemAvailable_kib=95313824
      1   2       1   3       1   9       1  10       1  12       1  14       4  16       1  17       1  18       1  26       1  32       1  40       1  41       1  47       1  48       1  49       1  55       2  56       1  57       1  63       1  64       1  72       2  73       1  75       1  83       1  88       2  89       1  90       1  96       1  97       1 100       2 104       1 111       1 112       1 113       1 118       1 119       1 120       1 121       1 126       1 128       1 132       1 139       1 151       2 153       1 154       1 161       1 162       1 164       1 165       1 168       1 174       1 178       1 186       1 194       1 198       1 208       2 210       1 225       2 233       1 255 

Per-node process memory usage (in MBs) for PID 184964 (p10-avx-n384-pi)
                           Node 0          Node 1           Total
                  --------------- --------------- ---------------
Huge                         0.00            0.00            0.00
Heap                         1.49            0.64            2.13
Stack                        0.03            0.04            0.07
Private                  68425.49        76740.99       145166.48
----------------  --------------- --------------- ---------------
Total                    68427.01        76741.67       145168.68
utc=2026-09-13T00:01:23Z VmHWM:=148652728kB VmRSS:=148652728kB VmSwap:=0kB Threads:=71 
MemAvailable_kib=95334144
      1   3       1   9       1  10       1  12       3  16       1  17       1  18       1  26       1  32       1  40       1  41       1  47       1  48       1  49       1  55       2  56       1  57       1  63       3  64       1  72       2  73       1  75       1  83       1  88       2  89       1  90       1  96       1  97       1 100       2 104       1 111       1 112       1 113       1 118       1 119       1 120       1 121       1 126       1 128       1 132       1 139       1 146       1 151       2 153       1 154       1 161       1 162       1 164       1 165       1 168       1 174       1 178       1 186       1 194       1 198       1 208       2 210       1 225       2 233       1 255 

Per-node process memory usage (in MBs) for PID 184964 (p10-avx-n384-pi)
                           Node 0          Node 1           Total
                  --------------- --------------- ---------------
Huge                         0.00            0.00            0.00
Heap                         1.49            0.64            2.13
Stack                        0.03            0.04            0.07
Private                  68425.49        76740.99       145166.48
----------------  --------------- --------------- ---------------
Total                    68427.01        76741.67       145168.68
utc=2026-09-13T00:01:54Z VmHWM:=148652728kB VmRSS:=148652728kB VmSwap:=0kB Threads:=71 
MemAvailable_kib=95358148
      1   3       1   9       1  10       1  12       2  16       1  17       1  18       1  26       1  32       1  40       1  41       1  47       1  48       1  49       1  55       2  56       1  57       1  63       3  64       1  72       2  73       1  75       1  83       1  88       2  89       1  90       1  96       1  97       1 100       2 104       1 111       1 112       1 113       1 118       1 119       1 120       1 121       1 126       1 128       1 132       1 139       1 144       1 146       1 151       2 153       1 154       1 161       1 162       1 164       1 165       1 168       1 174       1 178       1 186       1 194       1 198       1 208       2 210       1 225       2 233       1 255 

Per-node process memory usage (in MBs) for PID 184964 (p10-avx-n384-pi)
                           Node 0          Node 1           Total
                  --------------- --------------- ---------------
Huge                         0.00            0.00            0.00
Heap                         1.49            0.64            2.13
Stack                        0.03            0.04            0.07
Private                  68425.49        76740.99       145166.48
----------------  --------------- --------------- ---------------
Total                    68427.01        76741.67       145168.68
utc=2026-09-13T00:02:25Z VmHWM:=148652728kB VmRSS:=148652728kB VmSwap:=0kB Threads:=71 
MemAvailable_kib=95355776
      1   3       1   9       1  12       1  16       1  17       1  18       1  26       1  32       1  40       1  41       1  47       1  48       1  49       1  55       2  56       1  57       1  63       2  64       1  65       2  72       2  73       1  75       1  83       1  88       2  89       1  90       1  96       1  97       1 100       2 104       1 111       1 112       1 113       1 118       1 119       1 120       2 121       1 126       1 128       1 132       1 139       1 144       1 146       1 151       2 153       1 154       1 161       1 162       1 164       1 165       1 168       1 174       1 178       1 186       1 194       1 198       1 208       2 210       1 225       2 233       1 255 

Per-node process memory usage (in MBs) for PID 184964 (p10-avx-n384-pi)
                           Node 0          Node 1           Total
                  --------------- --------------- ---------------
Huge                         0.00            0.00            0.00
Heap                         1.49            0.64            2.13
Stack                        0.03            0.04            0.07
Private                  68425.49        76740.99       145166.48
----------------  --------------- --------------- ---------------
Total                    68427.01        76741.67       145168.68
utc=2026-09-13T00:02:56Z VmHWM:=148652728kB VmRSS:=148652728kB VmSwap:=0kB Threads:=71 
MemAvailable_kib=95360676
      1   3       1   9       1  12       1  16       1  17       2  18       1  26       1  32       1  40       1  41       1  47       1  48       1  49       1  55       2  56       1  57       1  63       2  64       1  65       2  72       2  73       1  75       1  83       1  88       2  89       1  90       1  96       1  97       1 100       2 104       1 111       1 112       1 113       1 118       1 119       1 120       2 121       1 126       1 128       1 132       1 139       1 144       1 151       2 153       1 154       1 161       1 162       1 164       1 165       1 168       1 174       1 178       1 186       1 194       1 198       1 208       2 210       1 225       2 233       1 255 

Per-node process memory usage (in MBs) for PID 184964 (p10-avx-n384-pi)
                           Node 0          Node 1           Total
                  --------------- --------------- ---------------
Huge                         0.00            0.00            0.00
Heap                         1.49            0.64            2.13
Stack                        0.03            0.04            0.07
Private                  68425.49        76740.99       145166.48
----------------  --------------- --------------- ---------------
Total                    68427.01        76741.67       145168.68
utc=2026-09-13T00:03:27Z VmHWM:=148652728kB VmRSS:=148652728kB VmSwap:=0kB Threads:=71 
MemAvailable_kib=95326848
      1   3       1   9       1  12       1  16       1  17       2  18       1  26       1  32       1  40       1  41       1  47       1  48       1  49       1  55       2  56       1  57       1  63       2  64       1  65       2  72       2  73       1  75       1  83       1  88       2  89       1  90       1  96       1  97       1 100       2 104       1 111       1 112       1 113       1 118       1 119       1 120       2 121       1 126       1 128       1 132       1 139       1 144       1 151       2 153       1 154       1 161       1 162       1 164       1 165       1 168       1 174       1 178       1 186       1 194       1 198       1 208       2 210       1 225       2 233       1 255 

Per-node process memory usage (in MBs) for PID 184964 (p10-avx-n384-pi)
                           Node 0          Node 1           Total
                  --------------- --------------- ---------------
Huge                         0.00            0.00            0.00
Heap                         1.49            0.64            2.13
Stack                        0.03            0.04            0.07
Private                  68425.49        76740.99       145166.48
----------------  --------------- --------------- ---------------
Total                    68427.01        76741.66       145168.68
utc=2026-09-13T00:03:58Z VmHWM:=148652728kB VmRSS:=148652728kB VmSwap:=0kB Threads:=71 
MemAvailable_kib=95291176
      1   3       1   8       1   9       1  12       2  16       1  17       1  19       1  26       1  32       1  40       1  41       1  47       1  48       1  49       1  55       2  56       1  57       1  63       1  64       1  65       1  66       2  72       2  73       1  75       1  83       1  88       2  89       1  90       1  96       2  97       1 100       2 104       1 111       1 112       1 113       1 118       1 119       1 120       2 121       1 126       1 132       1 139       1 146       1 151       2 153       1 154       1 161       1 162       1 164       1 165       1 168       1 174       1 178       1 186       1 192       1 194       1 208       2 210       2 233       1 255 

Per-node process memory usage (in MBs) for PID 184964 (p10-avx-n384-pi)
                           Node 0          Node 1           Total
                  --------------- --------------- ---------------
Huge                         0.00            0.00            0.00
Heap                         1.49            0.64            2.13
Stack                        0.03            0.04            0.07
Private                  68428.21        76738.27       145166.48
----------------  --------------- --------------- ---------------
Total                    68429.73        76738.94       145168.68
utc=2026-09-13T00:04:29Z VmHWM:=148652728kB VmRSS:=148652728kB VmSwap:=0kB Threads:=71 
MemAvailable_kib=95374736
      1   3       1   9       1  12       2  16       1  17       1  19       1  26       1  32       1  40       1  41       1  47       1  48       1  49       1  55       2  56       1  57       1  63       1  64       1  65       1  66       2  72       2  73       1  75       1  83       1  88       2  89       1  90       1  96       2  97       1 100       1 104       1 111       1 112       1 113       1 118       1 119       1 120       2 121       1 126       1 128       1 132       1 136       1 139       1 151       2 153       1 154       1 161       1 162       1 164       1 165       1 168       1 174       1 178       1 186       1 192       1 194       1 208       2 210       1 232       2 233       1 255 

Per-node process memory usage (in MBs) for PID 184964 (p10-avx-n384-pi)
                           Node 0          Node 1           Total
                  --------------- --------------- ---------------
Huge                         0.00            0.00            0.00
Heap                         1.49            0.64            2.13
Stack                        0.03            0.04            0.07
Private                  68428.21        76738.27       145166.48
----------------  --------------- --------------- ---------------
Total                    68429.73        76738.94       145168.68
utc=2026-09-13T00:05:00Z VmHWM:=148652728kB VmRSS:=148652728kB VmSwap:=0kB Threads:=71 
MemAvailable_kib=95386304
      1   0       1   3       1   8       2   9       1  12       2  16       1  17       1  19       1  26       1  32       1  40       1  41       1  47       1  48       1  49       1  55       1  56       1  57       1  63       1  64       1  65       1  66       2  72       2  73       1  75       1  83       1  88       2  89       1  90       1  96       2  97       1 100       2 104       1 111       1 112       1 113       1 118       1 119       1 120       2 121       1 126       1 132       1 139       1 151       2 153       1 154       1 161       1 162       1 164       1 165       1 168       1 174       1 178       1 186       1 192       1 194       1 208       2 210       2 233       1 255 

Per-node process memory usage (in MBs) for PID 184964 (p10-avx-n384-pi)
                           Node 0          Node 1           Total
                  --------------- --------------- ---------------
Huge                         0.00            0.00            0.00
Heap                         1.50            0.63            2.13
Stack                        0.03            0.04            0.07
Private                  68428.21        76738.27       145166.48
----------------  --------------- --------------- ---------------
Total                    68429.74        76738.94       145168.68
utc=2026-09-13T00:05:31Z VmHWM:=148652728kB VmRSS:=148652728kB VmSwap:=0kB Threads:=71 
MemAvailable_kib=95360892
      1   0       1   3       1   8       1   9       1  12       2  16       1  17       1  19       1  26       1  32       1  37       1  40       1  41       1  47       1  48       1  49       1  55       1  56       1  57       1  63       1  64       1  65       1  66       2  72       2  73       1  75       1  83       1  88       2  89       1  90       1  96       2  97       1 100       2 104       1 111       1 112       1 113       1 118       1 119       1 120       2 121       1 126       1 132       1 137       1 139       1 151       2 153       1 154       1 161       1 162       1 164       1 168       1 174       1 178       1 186       1 192       1 194       1 208       2 210       2 233       1 255 

Per-node process memory usage (in MBs) for PID 184964 (p10-avx-n384-pi)
                           Node 0          Node 1           Total
                  --------------- --------------- ---------------
Huge                         0.00            0.00            0.00
Heap                         1.50            0.63            2.13
Stack                        0.03            0.04            0.07
Private                  68428.21        76738.27       145166.48
----------------  --------------- --------------- ---------------
Total                    68429.74        76738.94       145168.68
utc=2026-09-13T00:06:02Z VmHWM:=148652728kB VmRSS:=148652728kB VmSwap:=0kB Threads:=71 
MemAvailable_kib=95372692
      1   0       1   3       1   8       2   9       1  12       2  16       1  17       1  19       1  26       1  32       1  37       1  40       1  41       1  47       1  48       1  49       1  55       1  56       1  57       1  63       1  64       1  65       1  66       2  72       2  73       1  75       1  83       1  88       2  89       1  90       1  96       1  97       1 100       2 104       1 111       1 112       1 113       1 118       1 119       1 120       2 121       1 126       1 132       1 139       1 151       2 153       1 154       1 161       1 162       1 164       1 168       1 174       1 178       1 186       1 192       1 194       1 208       2 210       1 225       2 233       1 255 

Per-node process memory usage (in MBs) for PID 184964 (p10-avx-n384-pi)
                           Node 0          Node 1           Total
                  --------------- --------------- ---------------
Huge                         0.00            0.00            0.00
Heap                         1.50            0.63            2.13
Stack                        0.03            0.04            0.07
Private                  68428.21        76738.27       145166.48
----------------  --------------- --------------- ---------------
Total                    68429.74        76738.94       145168.68
utc=2026-09-13T00:06:33Z VmHWM:=148652728kB VmRSS:=148652728kB VmSwap:=0kB Threads:=71 
MemAvailable_kib=95380836
      1   0       1   3       1   8       1   9       1  12       1  16       1  17       1  19       1  26       1  32       1  37       1  40       1  41       1  47       1  48       1  49       1  55       1  56       1  57       1  63       2  64       1  65       1  66       2  72       2  73       1  75       1  83       1  88       2  89       1  90       1  96       1  97       1 100       2 104       1 111       1 112       1 113       1 118       1 119       1 120       2 121       1 126       1 132       1 137       1 139       1 144       1 151       2 153       1 154       1 161       1 162       1 164       1 168       1 174       1 178       1 186       1 194       1 208       2 210       1 225       2 233       1 255 

Per-node process memory usage (in MBs) for PID 184964 (p10-avx-n384-pi)
                           Node 0          Node 1           Total
                  --------------- --------------- ---------------
Huge                         0.00            0.00            0.00
Heap                         1.50            0.63            2.13
Stack                        0.03            0.04            0.07
Private                  68430.10        76736.38       145166.48
----------------  --------------- --------------- ---------------
Total                    68431.63        76737.05       145168.68
utc=2026-09-13T00:07:04Z VmHWM:=148652728kB VmRSS:=148652728kB VmSwap:=0kB Threads:=71 
MemAvailable_kib=95381564
      1   0       1   3       1   8       1   9       1  12       1  16       1  17       1  19       1  26       1  32       1  37       1  40       1  41       1  47       1  48       1  49       1  55       1  56       1  57       1  63       2  64       1  65       1  66       2  72       2  73       1  75       1  83       2  89       1  90       1  96       1  97       1 100       2 104       1 111       1 112       1 113       1 118       1 119       1 120       2 121       1 126       1 132       1 137       1 139       1 144       1 151       2 153       1 154       1 161       1 162       1 164       1 168       1 174       1 178       1 186       1 194       1 208       2 210       1 216       1 225       2 233       1 255 

Per-node process memory usage (in MBs) for PID 184964 (p10-avx-n384-pi)
                           Node 0          Node 1           Total
                  --------------- --------------- ---------------
Huge                         0.00            0.00            0.00
Heap                         1.50            0.63            2.13
Stack                        0.03            0.04            0.07
Private                  68430.10        76736.38       145166.48
----------------  --------------- --------------- ---------------
Total                    68431.63        76737.05       145168.68
utc=2026-09-13T00:07:35Z VmHWM:=148652728kB VmRSS:=148652728kB VmSwap:=0kB Threads:=71 
MemAvailable_kib=95383952
      1   0       1   3       1   8       1   9       1  12       2  16       1  17       1  19       1  26       1  32       1  40       1  41       1  47       1  48       1  49       1  55       1  56       1  57       1  63       1  64       1  65       1  66       2  72       2  73       1  75       1  83       2  89       1  90       1  96       1  97       1 100       2 104       1 111       1 112       1 113       1 118       1 119       1 120       2 121       1 126       1 132       1 137       1 139       1 151       2 153       1 154       1 161       1 162       1 164       1 165       1 168       1 174       1 178       1 186       1 192       1 194       1 208       2 210       1 216       1 225       2 233       1 255 

Per-node process memory usage (in MBs) for PID 184964 (p10-avx-n384-pi)
                           Node 0          Node 1           Total
                  --------------- --------------- ---------------
Huge                         0.00            0.00            0.00
Heap                         1.50            0.63            2.13
Stack                        0.03            0.04            0.07
Private                  68430.10        76736.38       145166.48
----------------  --------------- --------------- ---------------
Total                    68431.63        76737.05       145168.68
utc=2026-09-13T00:08:06Z VmHWM:=148652728kB VmRSS:=148652728kB VmSwap:=0kB Threads:=71 
MemAvailable_kib=95387020
      1   0       1   3       1   8       1   9       1  12       1  16       1  17       1  19       1  26       1  32       1  40       1  41       1  47       1  48       1  49       1  55       1  56       1  57       1  63       1  64       1  65       1  66       2  72       2  73       1  75       1  83       2  89       1  90       1  96       1  97       1 100       2 104       1 111       1 112       1 113       1 118       1 119       1 120       2 121       1 126       1 132       1 137       1 139       1 144       1 151       2 153       1 154       1 161       1 162       1 164       1 165       1 168       1 174       1 178       1 186       1 192       1 194       1 208       2 210       1 216       1 225       2 233       1 255 

Per-node process memory usage (in MBs) for PID 184964 (p10-avx-n384-pi)
                           Node 0          Node 1           Total
                  --------------- --------------- ---------------
Huge                         0.00            0.00            0.00
Heap                         1.50            0.63            2.13
Stack                        0.03            0.04            0.07
Private                  68430.10        76736.38       145166.48
----------------  --------------- --------------- ---------------
Total                    68431.63        76737.05       145168.68
utc=2026-09-13T00:08:37Z VmHWM:=148652728kB VmRSS:=148652728kB VmSwap:=0kB Threads:=71 
MemAvailable_kib=95342488
      1   3       2   9       1  12       1  16       1  17       1  19       1  26       1  32       1  40       1  41       1  47       1  48       1  49       1  55       1  56       1  57       1  63       1  64       1  65       1  66       2  72       2  73       1  75       1  83       2  89       1  90       1  96       1  97       1 100       2 104       1 111       1 112       1 113       1 118       1 119       1 120       2 121       1 126       1 128       1 132       1 136       1 139       1 144       1 151       2 153       1 154       1 161       1 162       1 164       1 165       1 168       1 174       1 178       1 186       1 192       1 194       1 208       2 210       1 216       1 225       2 233       1 255 

Per-node process memory usage (in MBs) for PID 184964 (p10-avx-n384-pi)
                           Node 0          Node 1           Total
                  --------------- --------------- ---------------
Huge                         0.00            0.00            0.00
Heap                         1.50            0.63            2.13
Stack                        0.03            0.04            0.07
Private                  68583.10        76583.38       145166.48
----------------  --------------- --------------- ---------------
Total                    68584.63        76584.05       145168.68
utc=2026-09-13T00:09:08Z VmHWM:=148652728kB VmRSS:=148652728kB VmSwap:=0kB Threads:=71 
MemAvailable_kib=95355076
      1   3       2   9       1  12       1  16       1  17       1  19       1  26       1  32       1  40       1  41       1  47       1  48       1  49       1  55       1  56       1  57       1  63       1  64       1  65       1  66       2  72       2  73       1  75       1  83       2  89       1  90       1  96       1  97       1 100       1 104       1 111       1 113       1 118       1 119       1 120       2 121       1 126       1 128       1 132       1 136       1 139       1 144       1 151       2 153       1 154       1 161       1 162       1 164       1 165       1 168       1 174       1 178       1 186       1 192       1 194       1 208       2 210       1 216       1 225       1 232       2 233       1 240       1 255 

Per-node process memory usage (in MBs) for PID 184964 (p10-avx-n384-pi)
                           Node 0          Node 1           Total
                  --------------- --------------- ---------------
Huge                         0.00            0.00            0.00
Heap                         1.50            0.63            2.13
Stack                        0.03            0.04            0.07
Private                  68569.73        76596.74       145166.48
----------------  --------------- --------------- ---------------
Total                    68571.26        76597.41       145168.68
utc=2026-09-13T00:09:39Z VmHWM:=148652728kB VmRSS:=148652728kB VmSwap:=0kB Threads:=71 
MemAvailable_kib=95351052
      1   3       2   9       1  12       1  16       1  19       1  26       1  32       1  40       1  41       1  47       1  48       1  49       1  55       1  56       1  57       1  64       1  65       1  66       2  72       2  73       1  75       1  83       2  89       1  90       1  96       1  97       1 100       1 104       1 111       1 113       1 118       1 119       1 120       2 121       1 126       1 128       1 132       1 136       1 139       1 144       1 145       1 151       2 153       1 154       1 161       1 162       1 164       1 165       1 168       1 174       1 178       1 186       1 191       1 192       1 194       1 208       2 210       1 216       1 225       1 232       2 233       1 240       1 255 

Per-node process memory usage (in MBs) for PID 184964 (p10-avx-n384-pi)
                           Node 0          Node 1           Total
                  --------------- --------------- ---------------
Huge                         0.00            0.00            0.00
Heap                         1.50            0.63            2.13
Stack                        0.03            0.04            0.07
Private                  68574.87        76591.61       145166.48
----------------  --------------- --------------- ---------------
Total                    68576.40        76592.28       145168.68
utc=2026-09-13T00:10:10Z VmHWM:=148652728kB VmRSS:=148652728kB VmSwap:=0kB Threads:=71 
MemAvailable_kib=95370000
      1   3       2   9       1  12       2  16       1  19       1  26       1  32       1  40       1  41       1  47       1  48       1  49       1  55       1  56       1  57       1  64       1  65       1  66       2  72       2  73       1  75       1  83       2  89       1  90       1  96       1  97       1 100       1 104       1 111       1 113       1 118       1 119       1 120       2 121       1 126       1 128       1 132       1 136       1 139       1 145       1 151       2 153       1 154       1 161       1 162       1 164       1 165       1 168       1 174       1 178       1 186       1 191       1 192       1 194       1 208       2 210       1 216       1 225       1 232       2 233       1 240       1 255 

Per-node process memory usage (in MBs) for PID 184964 (p10-avx-n384-pi)
                           Node 0          Node 1           Total
                  --------------- --------------- ---------------
Huge                         0.00            0.00            0.00
Heap                         1.46            0.66            2.13
Stack                        0.03            0.04            0.07
Private                  68570.43        76596.05       145166.48
----------------  --------------- --------------- ---------------
Total                    68571.92        76596.75       145168.68
utc=2026-09-13T00:10:41Z VmHWM:=148652728kB VmRSS:=148652728kB VmSwap:=0kB Threads:=71 
MemAvailable_kib=95386144
      1   0       1   3       2   9       1  12       2  16       1  19       1  26       1  32       1  40       1  41       1  47       1  48       1  49       1  55       1  56       1  57       1  64       1  65       1  66       2  72       2  73       1  75       1  83       2  89       1  90       1  96       1  97       1 100       1 104       1 105       1 111       1 113       1 118       1 119       1 120       2 121       1 126       1 132       1 136       1 139       1 145       1 151       2 153       1 154       1 161       1 162       1 164       1 165       1 168       1 174       1 178       1 186       1 191       1 192       1 194       1 208       2 210       1 216       1 225       1 232       1 233       1 240       1 255 

Per-node process memory usage (in MBs) for PID 184964 (p10-avx-n384-pi)
                           Node 0          Node 1           Total
                  --------------- --------------- ---------------
Huge                         0.00            0.00            0.00
Heap                         1.45            0.68            2.13
Stack                        0.03            0.04            0.07
Private                  68576.43        76590.05       145166.48
----------------  --------------- --------------- ---------------
Total                    68577.91        76590.77       145168.68
utc=2026-09-13T00:11:12Z VmHWM:=148652728kB VmRSS:=148652728kB VmSwap:=0kB Threads:=71 
MemAvailable_kib=95396656
      1   0       1   3       1   9       1  12       2  16       1  19       1  26       1  32       1  40       1  41       1  47       1  48       1  49       1  55       1  56       1  57       2  64       1  65       1  66       2  72       2  73       1  75       1  83       2  89       1  90       1  96       1  97       1 100       1 104       1 105       1 111       1 113       1 118       1 119       1 120       2 121       1 126       1 132       1 136       1 137       1 139       1 145       1 151       2 153       1 154       1 161       1 162       1 164       1 165       1 168       1 174       1 178       1 186       1 191       1 194       1 208       2 210       1 216       1 225       1 232       1 233       1 240       1 255 

Per-node process memory usage (in MBs) for PID 184964 (p10-avx-n384-pi)
                           Node 0          Node 1           Total
                  --------------- --------------- ---------------
Huge                         0.00            0.00            0.00
Heap                         1.45            0.68            2.13
Stack                        0.03            0.04            0.07
Private                  68576.43        76590.05       145166.48
----------------  --------------- --------------- ---------------
Total                    68577.91        76590.77       145168.68
utc=2026-09-13T00:11:43Z VmHWM:=148652728kB VmRSS:=148652728kB VmSwap:=0kB Threads:=71 
MemAvailable_kib=95385876
      1   0       1   3       1   9       1  12       2  16       1  19       1  26       1  32       1  34       1  40       1  41       1  47       1  48       1  49       1  55       1  56       1  57       1  63       1  64       1  65       1  66       2  72       2  73       1  75       1  83       2  89       1  90       1  96       1  97       1 100       2 104       1 105       1 111       1 113       1 118       1 119       1 120       2 121       1 126       1 132       1 136       1 137       1 139       1 145       1 151       2 153       1 154       1 161       1 164       1 165       1 168       1 174       1 178       1 186       1 192       1 194       1 208       2 210       1 216       1 225       1 233       1 240       1 255 

Per-node process memory usage (in MBs) for PID 184964 (p10-avx-n384-pi)
                           Node 0          Node 1           Total
                  --------------- --------------- ---------------
Huge                         0.00            0.00            0.00
Heap                         1.45            0.68            2.13
Stack                        0.03            0.04            0.07
Private                  68569.44        76597.04       145166.48
----------------  --------------- --------------- ---------------
Total                    68570.92        76597.75       145168.68
utc=2026-09-13T00:12:14Z VmHWM:=148652728kB VmRSS:=148652728kB VmSwap:=0kB Threads:=71 
MemAvailable_kib=95394032
      1   0       1   3       1   9       1  12       2  16       1  19       1  26       1  32       1  34       1  40       1  41       1  47       1  48       1  49       1  55       1  56       1  57       1  63       1  64       1  65       1  66       2  72       2  73       1  75       1  83       2  89       1  90       1  96       1  97       1 100       2 104       1 105       1 111       1 113       1 118       1 119       1 120       2 121       1 126       1 132       1 136       1 137       1 139       1 145       1 151       2 153       1 154       1 161       1 164       1 165       1 168       1 174       1 178       1 186       1 192       1 194       1 208       2 210       1 216       1 225       1 233       1 240       1 255 

Per-node process memory usage (in MBs) for PID 184964 (p10-avx-n384-pi)
                           Node 0          Node 1           Total
                  --------------- --------------- ---------------
Huge                         0.00            0.00            0.00
Heap                         1.45            0.68            2.13
Stack                        0.03            0.04            0.07
Private                  68569.44        76597.04       145166.48
----------------  --------------- --------------- ---------------
Total                    68570.92        76597.75       145168.68
utc=2026-09-13T00:12:45Z VmHWM:=148652728kB VmRSS:=148652728kB VmSwap:=0kB Threads:=71 
MemAvailable_kib=95332128
      1   0       1   1       1   2       1   9       2  16       1  19       1  26       1  34       1  40       1  43       1  47       1  48       1  49       1  55       1  56       1  57       1  63       2  64       1  65       1  66       2  72       2  73       1  75       2  89       1  90       1  96       1 100       2 104       1 105       1 111       1 113       1 118       1 119       1 120       2 121       1 126       1 127       1 132       2 136       1 137       1 139       1 145       1 151       2 153       1 154       1 160       1 161       1 164       1 165       1 174       1 178       1 186       1 194       2 208       2 210       1 216       2 225       1 233       1 240 

Per-node process memory usage (in MBs) for PID 184964 (p10-avx-n384-pi)
                           Node 0          Node 1           Total
                  --------------- --------------- ---------------
Huge                         0.00            0.00            0.00
Heap                         1.51            0.62            2.13
Stack                        0.03            0.04            0.07
Private                  68620.18        76546.30       145166.48
----------------  --------------- --------------- ---------------
Total                    68621.71        76546.96       145168.68
utc=2026-09-13T00:13:17Z VmHWM:=148652728kB VmRSS:=148652728kB VmSwap:=0kB Threads:=71 
MemAvailable_kib=95368228
      1   0       1   1       1   2       1   8       1  13       2  16       1  19       1  26       1  32       1  34       1  40       1  43       1  47       1  49       1  55       1  56       1  57       1  63       2  64       1  65       2  66       2  72       2  73       1  75       2  89       1  90       1  96       1 100       2 104       1 105       1 111       1 113       1 118       1 119       1 120       2 121       1 126       1 127       1 132       1 136       1 137       1 139       1 145       1 151       2 153       1 154       1 161       1 164       1 165       1 174       1 176       1 178       1 186       2 208       2 210       1 216       2 225       1 233       1 240 

Per-node process memory usage (in MBs) for PID 184964 (p10-avx-n384-pi)
                           Node 0          Node 1           Total
                  --------------- --------------- ---------------
Huge                         0.00            0.00            0.00
Heap                         1.47            0.66            2.13
Stack                        0.03            0.04            0.07
Private                  68642.04        76524.43       145166.48
----------------  --------------- --------------- ---------------
Total                    68643.54        76525.13       145168.68
utc=2026-09-13T00:13:48Z VmHWM:=148652728kB VmRSS:=148652728kB VmSwap:=0kB Threads:=71 
MemAvailable_kib=95376720
      1   0       1   1       1   2       1   8       1  13       2  16       1  19       1  26       1  32       1  34       1  40       1  43       1  47       1  49       1  55       1  56       1  57       1  63       2  64       1  65       2  66       2  72       2  73       1  75       2  89       1  90       1  96       1 100       2 104       1 105       1 111       1 113       1 118       1 119       1 120       2 121       1 126       1 127       1 132       1 136       1 139       1 145       1 151       2 153       1 154       1 161       1 164       1 165       1 174       1 176       1 178       1 186       1 192       2 208       2 210       1 216       2 225       1 233       1 240 

Per-node process memory usage (in MBs) for PID 184964 (p10-avx-n384-pi)
                           Node 0          Node 1           Total
                  --------------- --------------- ---------------
Huge                         0.00            0.00            0.00
Heap                         1.47            0.66            2.13
Stack                        0.03            0.04            0.07
Private                  68636.59        76529.88       145166.48
----------------  --------------- --------------- ---------------
Total                    68638.09        76530.58       145168.68
utc=2026-09-13T00:14:19Z VmHWM:=148652728kB VmRSS:=148652728kB VmSwap:=0kB Threads:=71 
MemAvailable_kib=95379540
      1   0       1   1       1   2       1   8       1  13       2  16       1  19       1  26       1  32       1  34       1  40       1  43       1  47       1  49       1  55       1  56       1  57       1  63       2  64       1  65       2  66       2  72       2  73       1  75       2  89       1  90       1  96       1 100       2 104       1 105       1 111       1 113       1 118       1 119       1 120       2 121       1 126       1 127       1 132       1 136       1 139       1 145       1 151       2 153       1 154       1 161       1 164       1 165       1 174       1 176       1 178       1 186       1 192       2 208       2 210       1 216       2 225       1 233       1 240 

Per-node process memory usage (in MBs) for PID 184964 (p10-avx-n384-pi)
                           Node 0          Node 1           Total
                  --------------- --------------- ---------------
Huge                         0.00            0.00            0.00
Heap                         1.46            0.66            2.13
Stack                        0.02            0.05            0.07
Private                  68603.64        76562.84       145166.48
----------------  --------------- --------------- ---------------
Total                    68605.13        76563.55       145168.68
utc=2026-09-13T00:14:50Z VmHWM:=148652728kB VmRSS:=148652728kB VmSwap:=0kB Threads:=71 
MemAvailable_kib=95386908
      1   0       1   1       1   2       1   8       1  13       2  16       1  19       1  26       1  32       1  34       1  40       1  43       1  47       1  49       1  55       1  56       1  57       1  63       2  64       1  65       2  66       2  72       2  73       1  75       2  89       1  90       1  96       1 100       2 104       1 105       1 111       1 113       1 118       1 119       1 120       2 121       1 126       1 127       1 132       1 136       1 139       1 145       1 151       2 153       1 154       1 161       1 164       1 165       1 174       1 176       1 178       1 186       1 192       2 208       2 210       1 216       2 225       1 233       1 240 

Per-node process memory usage (in MBs) for PID 184964 (p10-avx-n384-pi)
                           Node 0          Node 1           Total
                  --------------- --------------- ---------------
Huge                         0.00            0.00            0.00
Heap                         1.46            0.66            2.13
Stack                        0.02            0.05            0.07
Private                  68578.81        76587.67       145166.48
----------------  --------------- --------------- ---------------
Total                    68580.30        76588.38       145168.68
utc=2026-09-13T00:15:21Z VmHWM:=148652728kB VmRSS:=148652728kB VmSwap:=0kB Threads:=71 
MemAvailable_kib=95380600
      1   0       1   1       1   2       1   8       1  13       2  16       1  19       1  26       1  32       1  34       1  40       1  43       1  47       1  49       1  55       1  56       1  57       1  63       3  64       1  65       2  66       2  72       2  73       1  75       2  89       1  90       1  96       1 100       2 104       1 105       1 111       1 113       1 118       1 119       1 120       2 121       1 126       1 127       1 132       1 136       1 139       1 145       1 151       2 153       1 154       1 161       1 164       1 165       1 174       1 176       1 178       1 186       2 208       2 210       1 216       2 225       1 233       1 240 

Per-node process memory usage (in MBs) for PID 184964 (p10-avx-n384-pi)
                           Node 0          Node 1           Total
                  --------------- --------------- ---------------
Huge                         0.00            0.00            0.00
Heap                         1.46            0.67            2.13
Stack                        0.02            0.05            0.07
Private                  68578.81        76587.67       145166.48
----------------  --------------- --------------- ---------------
Total                    68580.29        76588.39       145168.68
utc=2026-09-13T00:15:52Z VmHWM:=148652728kB VmRSS:=148652728kB VmSwap:=0kB Threads:=71 
MemAvailable_kib=95387256
      1   0       1   1       1   2       1   8       1  13       2  16       1  19       1  26       1  32       1  34       1  40       1  43       1  47       1  49       1  55       1  56       1  57       1  63       3  64       1  65       2  66       2  72       2  73       1  75       2  89       1  90       1  96       1 100       2 104       1 105       1 111       1 113       1 118       1 119       1 120       2 121       1 126       1 127       1 132       1 136       1 139       1 145       1 151       2 153       1 154       1 161       1 164       1 165       1 174       1 176       1 178       1 186       2 208       2 210       1 216       2 225       1 233       1 240 

Per-node process memory usage (in MBs) for PID 184964 (p10-avx-n384-pi)
                           Node 0          Node 1           Total
                  --------------- --------------- ---------------
Huge                         0.00            0.00            0.00
Heap                         1.46            0.67            2.13
Stack                        0.02            0.05            0.07
Private                  68578.81        76587.67       145166.48
----------------  --------------- --------------- ---------------
Total                    68580.29        76588.39       145168.68
utc=2026-09-13T00:16:23Z VmHWM:=148652728kB VmRSS:=148652728kB VmSwap:=0kB Threads:=71 
MemAvailable_kib=95389240
      1   0       1   1       1   2       1   8       1  13       2  16       1  19       1  26       1  32       1  34       1  40       1  43       1  47       1  49       1  55       1  56       1  57       1  63       3  64       1  65       2  66       2  72       2  73       1  75       2  89       1  90       1  96       1 100       2 104       1 105       1 111       1 113       1 118       1 119       1 120       2 121       1 126       1 127       1 132       1 136       1 139       1 145       1 151       2 153       1 154       1 161       1 164       1 165       1 174       1 176       1 178       1 186       2 208       2 210       1 216       2 225       1 233       1 240 

Per-node process memory usage (in MBs) for PID 184964 (p10-avx-n384-pi)
                           Node 0          Node 1           Total
                  --------------- --------------- ---------------
Huge                         0.00            0.00            0.00
Heap                         1.46            0.67            2.13
Stack                        0.02            0.05            0.07
Private                  68576.61        76589.87       145166.48
----------------  --------------- --------------- ---------------
Total                    68578.09        76590.59       145168.68
utc=2026-09-13T00:16:54Z VmHWM:=148652728kB VmRSS:=148652728kB VmSwap:=0kB Threads:=71 
MemAvailable_kib=95394108
      1   0       1   1       1   2       1   8       1  13       2  16       1  19       1  26       1  32       1  34       1  40       1  43       1  47       1  49       1  55       1  56       1  57       1  63       2  64       1  65       2  66       2  72       2  73       1  75       2  89       1  90       1  96       1 100       2 104       1 105       1 111       1 113       1 118       1 119       1 120       2 121       1 126       1 127       1 132       1 136       1 139       1 145       1 151       2 153       1 154       1 161       1 164       1 165       1 174       1 176       1 178       1 186       1 192       2 208       2 210       1 216       2 225       1 233       1 240 

Per-node process memory usage (in MBs) for PID 184964 (p10-avx-n384-pi)
                           Node 0          Node 1           Total
                  --------------- --------------- ---------------
Huge                         0.00            0.00            0.00
Heap                         1.46            0.67            2.13
Stack                        0.02            0.05            0.07
Private                  68575.77        76590.71       145166.48
----------------  --------------- --------------- ---------------
Total                    68577.25        76591.43       145168.68
utc=2026-09-13T00:17:25Z VmHWM:=148647936kB VmRSS:=131809692kB VmSwap:=0kB Threads:=69 
MemAvailable_kib=112250708
      1   0       1   1       1   2       1   8       1  13       2  16       1  19       1  26       1  32       1  34       1  40       1  43       1  47       1  49       1  55       1  56       1  57       1  63       2  64       1  65       2  66       1  72       2  73       1  75       2  89       1  90       1  96       1 100       2 104       1 105       1 111       1 113       1 118       1 119       1 120       1 121       1 126       1 127       1 132       1 136       1 139       1 144       1 145       1 151       2 153       1 154       1 161       1 164       1 165       1 174       1 176       1 178       1 186       2 208       2 210       1 216       2 225       1 240 

Per-node process memory usage (in MBs) for PID 184964 (p10-avx-n384-pi)
                           Node 0          Node 1           Total
                  --------------- --------------- ---------------
Huge                         0.00            0.00            0.00
Heap                         1.47            0.66            2.13
Stack                        0.03            0.04            0.07
Private                  52529.32        73957.47       126486.79
----------------  --------------- --------------- ---------------
Total                    52530.82        73958.17       126488.99
utc=2026-09-13T00:17:56Z monitor_exit
